character,story,archetype,Care,Fairness,Loyalty,Authority,Sanctity,Liberty,overall_morality
Applejack,Applejack/My Little Pony: Friendship Is Magic,Brute-Angel-Heroes,0.6448863845825995,0.6869540873620584,0.7242977242672032,0.17742383909860934,0.5559510783461362,0.14040636313631705,0.48831991279882064
Twilight Sparkle,Twilight Sparkle/My Little Pony: Friendship Is Magic,Diva-Angel-Heroes,0.5943799889276035,0.6497068551039007,0.7019561144890675,0.44914365902103187,0.5856122304861437,0.0245921432439877,0.5008984985452891
Rarity,Rarity/My Little Pony: Friendship Is Magic,Sophisticate-Diva-Heroes,0.3217974662280811,0.3329533975251402,0.4583865835658681,0.07644876617594935,0.25055414910339047,0.24128934227894971,0.2802382841462298
Pinkie Pie,Pinkie Pie/My Little Pony: Friendship Is Magic,Adventurers,0.4282081831213885,0.35652017037302,0.312627057715919,-0.27769698762611067,0.3522389056485404,0.07173392303525647,0.2072718753780023
Spike,Spike/My Little Pony: Friendship Is Magic,Outcast-Adventurer-Angels,0.44670630763048175,0.36257210931690137,0.4201760940725189,-0.0940597523389617,0.3664772908007625,-0.11560890919390525,0.23104385671463293
Princess Celestia,Princess Celestia/My Little Pony: Friendship Is Magic,Sophisticate-Angel-Heroes,0.607042101129996,0.6502583692915942,0.6230591033774016,0.46600967052432174,0.5907843908202753,0.044736577055193585,0.49698170203313047
Leroy Jethro Gibbs,Leroy Jethro Gibbs/NCIS,Heroes,0.2234854214391717,0.4233714966774045,0.5885123707520392,0.1582596909189222,0.1393185522656765,0.4231435262004418,0.32601517637560934
Anthony DiNozzo,Anthony DiNozzo/NCIS,Brute-Adventurer-Heroes,0.13921631806220486,0.12958330090928635,0.3312087613185672,-0.460810907395052,-0.07678708183483457,0.4756286787899762,0.08967317830835801
Abby Sciuto,Abby Sciuto/NCIS,Geek-Adventurer-Heroes,0.5072485305801838,0.582468623242767,0.551205543280885,-0.26494234353669804,0.372917615201233,0.40468245180299983,0.3589300700952284
Donald Mallard,Donald Mallard/NCIS,Angel-Heroes,0.6824321211847123,0.7501378301979502,0.7029139428666686,0.5016530893167171,0.6665347472637776,-0.0004150591701592725,0.5505427786099445
Timothy McGee,Timothy McGee/NCIS,Traditionalist-Angel-Heroes,0.7082740005277183,0.7095986153597942,0.6817128383032037,0.7303377361247619,0.7402098437960022,-0.34754211604001634,0.537098486345244
Jimmy Palmer,Jimmy Palmer/NCIS,Angels,0.7782997896697476,0.7316093822991625,0.6169494190254982,0.6887561619887907,0.8321869586623527,-0.44061435317070297,0.5345312264124749
Wynonna Earp,Wynonna Earp/Wynonna Earp,Adventurer-Demon-Heroes,-0.02268118688538274,0.11466790715333976,0.2607245384875736,-0.7349982326012897,-0.25985829401630794,0.7958741064153222,0.02562147309220919
Doc Holliday,Doc Holliday/Wynonna Earp,Lone Wolf-Demon-Heroes,-0.18359528180954415,-0.030370109234064864,0.19476669673822167,-0.5772457651765385,-0.4006081212490175,0.754435560296695,-0.04043617007237473
Waverly Earp,Waverly Earp/Wynonna Earp,Adventurer-Angel-Heroes,0.7762657594167108,0.7303080901319416,0.6764138771123865,0.14526549875932346,0.6973255138251754,0.024413103530733758,0.5083319737960453
Nicole Haught,Nicole Haught/Wynonna Earp,Adventurer-Angel-Heroes,0.770725026188556,0.8346844466069893,0.8265985516029989,0.2665834100653614,0.6574174218877528,0.1556991125973532,0.5852846614915019
Jeremy Chetri,Jeremy Chetri/Wynonna Earp,Geek-Angels,0.7159688185288968,0.6752845926388724,0.5412578149313836,0.40505132896635415,0.7172778773430767,-0.30394283654557436,0.4584829326438349
Rick Grimes,Rick Grimes/The Walking Dead,Heroes,0.33119095361594075,0.48038940373466416,0.6721623883129232,0.08291775906019898,0.20256135697652033,0.3929415054141062,0.3603605611857256
Shane Walsh,Shane Walsh/The Walking Dead,Demons,-0.6186159095154488,-0.5344404686253611,-0.20147193520578002,-0.6221283043025652,-0.7520724231553596,0.5394658150229628,-0.36487720429692533
Lori Grimes,Lori Grimes/The Walking Dead,Brute-Outcast-Divas,-0.03806563040376139,-0.1864326351671174,-0.03347912419038466,0.0976076077564513,-0.13336439583484913,-0.15972540801052487,-0.07557659764169769
Andrea,Andrea/The Walking Dead,Outcast-Demon-Heroes,-0.08399698832823035,-0.05767984771911157,0.22030197367970597,-0.34409537625313563,-0.26989899228197034,0.41978431521005155,-0.019264152615448393
Dale Horvath,Dale Horvath/The Walking Dead,Outcast-Angel-Heroes,0.7453923733890773,0.718147496590701,0.7056674985657787,0.6107103643225223,0.7225407951210893,-0.2661482450014716,0.5393850471646161
Glenn Rhee,Glenn Rhee/The Walking Dead,Angel-Heroes,0.8879964139848079,0.9264608171259533,0.7857882193125851,0.4031497635502383,0.8345863783311512,-0.039448225139479064,0.6330888945275427
Carl Grimes,Carl Grimes/The Walking Dead,Outcast-Adventurer-Heroes,0.5990437922204617,0.6813201980666574,0.7396740481222956,-0.020098661237115338,0.47071143819625394,0.29413889570970875,0.4607982851797104
Daryl Dixon,Daryl Dixon/The Walking Dead,Outcast-Lone Wolf-Heroes,0.19888564251757707,0.409133256438492,0.4708167631212871,-0.25557046834910874,0.05793599843385695,0.5925228819696572,0.2456206790219603
Carol Peletier,Carol Peletier/The Walking Dead,Heroes,0.3175618152543492,0.5135676294535665,0.5922333826344028,-0.03778250872722785,0.1950307335594349,0.5240449041477833,0.3507759927203848
Merle Dixon,Merle Dixon/The Walking Dead,Demons,-0.6434196763712862,-0.5564384736052257,-0.2736948504240519,-0.6939203706990641,-0.7619052567593309,0.5482297782614053,-0.39685814159959226
Neal Caffrey,Neal Caffrey/White Collar,Sophisticate-Adventurer-Heroes,0.1833775565544276,0.24919710988799784,0.3171173411741639,-0.4411950673867307,0.0005801233371690492,0.6530066794926,0.16034729050993798
Peter Burke,Peter Burke/White Collar,Traditionalist-Heroes,0.47201333919906463,0.5677033173605606,0.723909995200699,0.5158377977352435,0.4302591817103838,0.03814733789169267,0.45797849484960745
Mozzie,Mozzie/White Collar,Geek-Adventurer-Heroes,0.12556744007968715,0.20146497011689643,0.28537642190554274,-0.3443414692982116,0.0033922537180656044,0.44369778343970495,0.11919289999361422
Elizabeth Burke,Elizabeth Burke/White Collar,Adventurer-Angel-Heroes,0.7654949458663487,0.7650627541915457,0.7133175316332858,0.3073035574033647,0.6819128187450397,0.10310092515583891,0.5560320888325706
Clinton Jones,Clinton Jones/White Collar,Brute-Angel-Heroes,0.6116495810082013,0.6749261329356577,0.7405963263476868,0.5922141611142479,0.5773723854911804,-0.08673002273032238,0.5183380940277753
Diana Barrigan,Diana Barrigan/White Collar,Heroes,0.37610729537742277,0.5322982766711815,0.6156435398478873,0.13427214689443756,0.2660692939016122,0.40847892202930114,0.38881157912030706
Walter White,Walter White/Breaking Bad,Demon-Heroes,-0.3387852307905642,-0.13028469282565505,0.11073707639353715,-0.39559201486332757,-0.45127903275914405,0.6886435978070458,-0.08609338283968467
Skyler White,Skyler White/Breaking Bad,Diva-Traditionalist-Heroes,-0.11293303533174352,-0.08533944596913777,0.21447932137788644,0.08453049111403936,-0.20876713107349074,0.19849320092863496,0.015077233507698122
Jesse Pinkman,Jesse Pinkman/Breaking Bad,Outcast-Adventurers,0.09070719970715127,0.09070205525825915,0.10951310502131709,-0.5629042155953066,-0.10048720133978949,0.2765180407991826,-0.015991836024864325
Hank Schrader,Hank Schrader/Breaking Bad,Brute-Heroes,0.016521281762278173,0.10325935960779291,0.47193905786384793,0.06057584071947952,-0.08189950077631183,0.2399625458131602,0.13505976416504115
Marie Schrader,Marie Schrader/Breaking Bad,Outcast-Diva-Demons,-0.2861138507289828,-0.3789541826779819,-0.03601793605081146,-0.07872279188415207,-0.3390738685499791,-0.05250205282515121,-0.19523078045284312
Flynn White,Flynn White/Breaking Bad,Outcast-Angels,0.6005385413765174,0.5269106067408212,0.44369298323596507,0.41142957352534165,0.6184853757147117,-0.4113346814404779,0.3649537331921466
Saul Goodman,Saul Goodman/Breaking Bad,Adventurer-Demon-Heroes,-0.13932317978594191,-0.12425739905060229,0.04708115570987167,-0.6101752663438685,-0.34240140738943076,0.553577318811802,-0.10258312967469496
Gus Fring,Gus Fring/Breaking Bad,Traditionalist-Demon-Heroes,-0.22742895071547312,-0.0076083511229707015,0.17202876906801887,-0.05632818530551128,-0.26775763045999035,0.5117257560000876,0.020771901244026836
Mike Ehrmantraut,Mike Ehrmantraut/Breaking Bad,Lone Wolf-Traditionalist-Heroes,0.02661154196573238,0.24941636672335307,0.3801148585192602,0.08144442290875571,-0.0338490559791563,0.3954704488685875,0.18320143050108875
Jane Margolis,Jane Margolis/Breaking Bad,Geek-Adventurer-Demons,-0.14839074313448447,-0.06794816880748768,-0.044859102232085356,-0.7668697128263271,-0.3600196989438905,0.6505928255564686,-0.12291576673130107
John Bender,John Bender/The Breakfast Club,Lone Wolf-Adventurer-Demons,-0.38737490486994997,-0.2775429752415379,-0.15060624044120927,-0.844226862766282,-0.5794249004316813,0.7255712417382773,-0.2522674403353972
Claire Standish,Claire Standish/The Breakfast Club,Diva-Heroes,0.21003251068853115,0.1282891557909614,0.2973214261210127,0.3467874407596999,0.1959738529549941,-0.11230475514965856,0.17768327186092345
Andrew Clark,Andrew Clark/The Breakfast Club,Brute-Diva-Traditionalists,0.09821595481234391,0.05745986953927061,0.29620282131352493,0.38845864038155925,0.07770859998074743,-0.22065663343336578,0.11623154209901339
Brian Johnson,Brian Johnson/The Breakfast Club,Outcast-Traditionalist-Angels,0.5496954926086671,0.5072496619606789,0.4490067567495793,0.6890672247972459,0.6263217920750039,-0.49207319262211896,0.3882112892615093
Allison Reynolds,Allison Reynolds/The Breakfast Club,Geek-Outcast-Lone Wolves,-0.1787502215867352,-0.05629753309330695,-0.1047386355439834,-0.523183863357452,-0.2709975608086075,0.4444564955693199,-0.11491855313679421
Principal Vernon,Principal Vernon/The Breakfast Club,Brute-Traditionalist-Demons,-0.5902148897737256,-0.5540756413651938,-0.1799647733453894,-0.034451469969819015,-0.5953094866455227,0.062359699337305535,-0.3152760936270575
Dorothy Gale,Dorothy Gale/The Wizard of Oz,Diva-Adventurer-Angels,0.774951864212899,0.6696798881619062,0.6116188751558944,0.36038683198132815,0.7793370702793653,-0.19887081315708227,0.4995172861057185
The Wizard of Oz,The Wizard of Oz/The Wizard of Oz,Geek-Diva-Demons,-0.5100933618884413,-0.5063083855652676,-0.2375222553105714,-0.34138701897450574,-0.5583708012838323,0.30523747590005146,-0.30807405785376113
The Scarecrow,The Scarecrow/The Wizard of Oz,Outcast-Adventurer-Angels,0.6249549315146486,0.4956681840673162,0.39859199214595564,0.2641647263421793,0.6322140524525729,-0.4189991137903058,0.3327657954553945
The Tin Man,The Tin Man/The Wizard of Oz,Outcast-Angels,0.6682894772516359,0.61487113818234,0.5363392338601852,0.563952162941259,0.7067983459191391,-0.48499516647736024,0.4342091986128665
The Cowardly Lion,The Cowardly Lion/The Wizard of Oz,Outcast-Angel-Fools,0.3419573888754375,0.19844545285596382,0.17165712209832562,0.2953027331041549,0.3758191628515502,-0.49516920892133487,0.14800210847734951
The Wicked Witch of the West,The Wicked Witch of the West/The Wizard of Oz,Demons,-0.6456415506978077,-0.5171412933018705,-0.21110173256512424,-0.6251733261507183,-0.7345461555112242,0.5864182220354709,-0.35786430603187896
Jack Pearson,Jack Pearson/This Is Us,Adventurer-Angel-Heroes,0.7406794825859632,0.7839631633588376,0.75340687959856,0.1212926355528964,0.615274257232924,0.2166577676206884,0.5385456976583116
Rebecca Pearson,Rebecca Pearson/This Is Us,Adventurer-Angel-Heroes,0.7854005859142266,0.7406235226981173,0.7455980091035911,0.36568469844060886,0.7167813637397102,-0.0013822157577475134,0.5587843273564178
Randall Pearson,Randall Pearson/This Is Us,Angel-Heroes,0.5209719572558684,0.597019393149156,0.7176103739148184,0.456971056877509,0.477740950251139,0.04228695746361347,0.4687667814853507
Kate Pearson,Kate Pearson/This Is Us,Outcast-Diva-Angels,0.5512010225407414,0.500954641844956,0.5472933569025406,0.2243215884530366,0.4629312092317316,-0.07630813400476981,0.36839894749470603
Kevin Pearson,Kevin Pearson/This Is Us,Diva-Adventurer-Demons,0.030668050001636887,-0.039587606967664286,0.09604297321576687,-0.49210906401108845,-0.14984756693058668,0.3080558149018824,-0.04112956663167555
Beth Pearson,Beth Pearson/This Is Us,Heroes,0.6045387582736463,0.6952491812660707,0.7114352951472055,0.13967762582270662,0.48747765092535084,0.3585968433190543,0.49949589245900566
Toby Damon,Toby Damon/This Is Us,Adventurer-Angels,0.7192601588388353,0.647927496556981,0.6096847676422958,0.04980810819597759,0.5936465929546533,-0.022186671528663836,0.43302340877667994
William H. 'Shakespeare' Hill,William H. 'Shakespeare' Hill/This Is Us,Adventurer-Angel-Heroes,0.7236128874396998,0.7543542899717889,0.5486151416391989,0.12428999172336584,0.6203721286981494,0.1430949832456537,0.48572323711964277
Miguel Rivas,Miguel Rivas/This Is Us,Angels,0.6874981953836512,0.6219816951408871,0.5311932468966889,0.7591355700902976,0.6982643197094346,-0.44266492968858256,0.4759013495887294
Sophie,Sophie/This Is Us,Diva-Angel-Heroes,0.7414785095365756,0.714095163638872,0.6661160302412613,0.47834910705235884,0.6718910798415301,-0.03673182682874966,0.5391996772469747
Jane Villanueva,Jane Villanueva/Jane the Virgin,Diva-Angel-Heroes,0.7236016212310371,0.6847293324247915,0.7295597557799882,0.3738299115326605,0.6713475822290622,-0.0559155308036989,0.5211921120656401
Xiomara Villanueva,Xiomara Villanueva/Jane the Virgin,Adventurers,0.42874746968763455,0.4034531745582563,0.43397609494910677,-0.3703034423085313,0.22644798859631976,0.41590076852794683,0.2563703423351222
Petra Solano,Petra Solano/Jane the Virgin,Diva-Demon-Heroes,-0.3597732793414472,-0.21961064888902027,0.0727338407341939,-0.41632222149671644,-0.49839449537041364,0.6619126285481062,-0.12657569596921622
Alba Villanueva,Alba Villanueva/Jane the Virgin,Angel-Heroes,0.6535743808184301,0.6611150407654751,0.7539048889671313,0.5102783078247071,0.6147030425754693,-0.034953559618526184,0.5264370168887812
Rogelio De La Vega,Rogelio De La Vega/Jane the Virgin,Diva-Adventurers,0.1673205170359056,0.08070603423642365,0.2382009434999463,-0.2941680929483303,0.053122308604048145,0.19902053843650605,0.07403370814408324
Rafael Solano,Rafael Solano/Jane the Virgin,Diva-Adventurer-Heroes,0.31062601014067803,0.3364809929199421,0.4697264746443022,-0.07372977472978084,0.12822145175172317,0.3978209780521962,0.2615243554631768
John Wick,John Wick/John Wick,Heroes,0.20613182156513193,0.4490709724664783,0.5586157643636893,-0.047856063949264185,0.0980023513975983,0.545240356063594,0.3015342003178713
Dr. Alan Grant,Dr. Alan Grant/Jurassic Park,Heroes,0.42585547151479974,0.5915205134357089,0.6838973168073433,0.1517183642403923,0.3377373521392683,0.4000936259190518,0.4318037740094274
Dr. Ellie Sattler,Dr. Ellie Sattler/Jurassic Park,Angel-Heroes,0.7782830757687262,0.8393436685378375,0.7849855571043702,0.23876150807885113,0.6968825070907243,0.21198711841981677,0.5917072391667211
Dr. Ian Malcolm,Dr. Ian Malcolm/Jurassic Park,Adventurer-Demon-Heroes,0.057853761068474285,0.16096582658624836,0.25714862026111374,-0.5854572837438876,-0.15802381761942083,0.7177987368182208,0.07504764056179146
John Hammond,John Hammond/Jurassic Park,Diva-Adventurer-Heroes,0.30067401221625073,0.3202367109238637,0.4304818368186015,-0.09868775694499397,0.2275177981335804,0.3092748639037482,0.2482495775085084
Ray Arnold,Ray Arnold/Jurassic Park,Traditionalist-Heroes,0.17591992522312888,0.3665133329971894,0.4801843842780719,0.1644294799286361,0.07957000522591531,0.3315204971281213,0.2663562707968438
Dennis Nedry,Dennis Nedry/Jurassic Park,Outcast-Demon-Fools,-0.639918489099377,-0.6756090312419923,-0.5117465032556319,-0.47428410274421723,-0.679202094017055,0.09898488159634707,-0.4802958897936544
Jason Bourne,Jason Bourne/The Bourne Identity,Lone Wolf-Heroes,0.18892980891543176,0.4257212345365675,0.5153519444178024,-0.14019896486187067,0.07800635443976328,0.6092015156086282,0.27950198217605376
Marie Kreutz,Marie Kreutz/The Bourne Identity,Adventurer-Angel-Heroes,0.6825445133666381,0.6834970824124995,0.5940466791692933,-0.13747808037024617,0.512871169118449,0.2776050483724168,0.43551440201150843
Alexander Conklin,Alexander Conklin/The Bourne Identity,Traditionalist-Demon-Heroes,-0.5042180180587909,-0.36113476761377156,-0.015815766248352896,-0.08808715201253482,-0.5542253952276283,0.3343364839565298,-0.19819076920075807
Woody,Woody/Toy Story,Brute-Angel-Heroes,0.5778477454020066,0.5608804712047353,0.7720230943477102,0.3434337519902861,0.49788596038603056,0.02969787908166174,0.46362815040207167
Buzz Lightyear,Buzz Lightyear/Toy Story,Brute-Heroes,0.25953720462747815,0.3546951738541415,0.5993050329626772,-0.052860684759885083,0.1635035761175725,0.3668450317779753,0.2818375557633266
Mr. Potato Head,Mr. Potato Head/Toy Story,Brute-Outcast-Demons,-0.27380386241994964,-0.24547235534229964,0.10426436499431448,-0.069524468478751,-0.3835932582220185,0.18311108425480804,-0.11416974920231604
Rex,Rex/Toy Story,Outcast-Adventurer-Angels,0.5536252767497468,0.41075677610220623,0.33291709117198026,0.20280237760871414,0.5665645029454554,-0.4635422549908502,0.2671872949312088
Bo Peep,Bo Peep/Toy Story,Sophisticate-Angel-Heroes,0.7297668131956262,0.701729423716705,0.6483206694684587,0.38396523748302763,0.6769475244037555,0.035497117923447334,0.5293711310318368
Sid Phillips,Sid Phillips/Toy Story,Outcast-Demons,-0.7107255631564767,-0.6332327113797612,-0.37831827016535685,-0.7101465011758806,-0.7881654013165256,0.4558593300650292,-0.460788186188162
Josiah Bartlet,Josiah Bartlet/The West Wing,Angel-Heroes,0.5843661218212389,0.6681768285345429,0.7466464463214145,0.21782017648814564,0.5052963982872699,0.2647677428002123,0.49784561904213737
Leo McGarry,Leo McGarry/The West Wing,Heroes,0.3066826575409508,0.46112602825158056,0.6405672148032989,0.26743371930124027,0.2131948899543973,0.28844992062489266,0.36290907174606013
Josh Lyman,Josh Lyman/The West Wing,Adventurer-Demon-Heroes,0.08960082458442178,0.18081465833143698,0.4363340645738657,-0.3969351783180698,-0.1028421789700135,0.5629850441007626,0.1283262057170673
Toby Ziegler,Toby Ziegler/The West Wing,Outcast-Traditionalist-Heroes,0.01866809198486714,0.20291272616240483,0.4180987367366777,-0.008420579290657546,-0.06990527835629724,0.41774883880174496,0.16318375600645665
Sam Seaborn,Sam Seaborn/The West Wing,Diva-Adventurer-Heroes,0.5773277060946213,0.6167726863834521,0.6865017263520801,0.11917835635850103,0.4601039309101484,0.2386775026049725,0.44976031811729583
C. J. Cregg,C. J. Cregg/The West Wing,Heroes,0.5118267160926271,0.6277780062910192,0.7202280770345677,0.08155285240344536,0.3859822115074215,0.3951448979208954,0.45375212687499605
Charlie Young,Charlie Young/The West Wing,Angel-Heroes,0.7720599411971952,0.853145046211362,0.7893167245910138,0.48093420088450106,0.7255832695280635,0.01765139973178109,0.6064484303573194
Donna Moss,Donna Moss/The West Wing,Adventurer-Angel-Heroes,0.7747093816415728,0.7111555347970051,0.7275186065338662,0.30372629554547376,0.6989721982801567,-0.09917429184043956,0.5194846208262724
Abbey Bartlet,Abbey Bartlet/The West Wing,Heroes,0.42113151197381243,0.5304001819588778,0.6569366228172295,0.026906131270394262,0.2790255960592334,0.4702561618998058,0.3974427009965589
Joey Lucas,Joey Lucas/The West Wing,Heroes,0.4681211533921487,0.599166110410499,0.6412057202440593,0.031330871105443164,0.349465256434881,0.47122426371772985,0.42675222921746014
Wanda Maximoff,Wanda Maximoff/WandaVision,Geek-Adventurer-Heroes,0.18661141005896456,0.30758059401690924,0.43011839749897085,-0.3792087806181845,0.022597399255928203,0.5865943449611551,0.19238222752895726
Vision,Vision/WandaVision,Angel-Heroes,0.6489817798818178,0.7509374060171934,0.6959763414961093,0.5411137987460286,0.6418069394334616,-0.04209740084977327,0.5394531441208062
Agatha Harkness,Agatha Harkness/WandaVision,Demon-Heroes,-0.5360440526408766,-0.39721332013856137,-0.14104581580709394,-0.7062326584198952,-0.6776859129156257,0.7574621647239058,-0.2834599325330245
Will Graham,Will Graham/Hannibal,Geek-Outcast-Heroes,0.11082952800938431,0.27267672941678955,0.3043096262508806,-0.1399452044505696,0.026960469978212425,0.32603290062725565,0.1501440083053255
Dr. Hannibal Lecter,Dr. Hannibal Lecter/Hannibal,Geek-Demon-Heroes,-0.16560169447614287,0.0270207014522503,0.1728199823739013,-0.24502740018058503,-0.2578502695695426,0.6053349609510319,0.022782713425152163
Dr. Alana Bloom,Dr. Alana Bloom/Hannibal,Heroes,0.3850059037234739,0.47872383825278086,0.6027361521879636,0.22623463079867795,0.2574778515829174,0.2821429835970935,0.3720535600238179
Jack Crawford,Jack Crawford/Hannibal,Traditionalist-Heroes,0.12060860308448924,0.270526733448518,0.5173851545706658,0.23344208833860403,0.028665832630257057,0.28127810305922796,0.24198441918862704
Jimmy Price,Jimmy Price/Hannibal,Diva-Angel-Heroes,0.4517433297093579,0.4202755088697925,0.4701782953884424,0.4200151927557524,0.4184309525389094,-0.23093109063338296,0.3249520314381453
Brian Zeller,Brian Zeller/Hannibal,Heroes,0.10037710944753514,0.03630358465841782,0.1571337212776601,-0.10924578632227576,-0.012530184695087683,-0.03804149357311939,0.022332825132188372
Dr. Bedelia Du Maurier,Dr. Bedelia Du Maurier/Hannibal,Traditionalist-Heroes,0.013863969708407467,0.16977099772353393,0.2663517932673939,0.10043269155946327,-0.07150122400690455,0.3678041464448916,0.14112039578279761
Beverly Katz,Beverly Katz/Hannibal,Heroes,0.5582129521444369,0.6819397473392965,0.6861366301585389,0.02134049107195546,0.4038275051468564,0.41468909808865967,0.461024403991624
Abigail Hobbs,Abigail Hobbs/Hannibal,Geek-Outcasts,-0.03658163089166752,0.017161287774253894,0.06117885072940015,-0.06027400774013901,-0.07648646794103181,0.029233927655338613,-0.01096134006897428
Freddie Lounds,Freddie Lounds/Hannibal,Adventurer-Demon-Heroes,-0.4299091679676077,-0.3398179091970569,-0.08369140173145756,-0.7054346896077802,-0.5963132145621408,0.7428034760241903,-0.23539381784030886
Jim Holden,Jim Holden/The Expanse,Heroes,0.5479467347932634,0.6734460126118413,0.7333198214627074,-0.02428070078118763,0.39813580008175964,0.42988028103065423,0.4597413248665064
Naomi Nagata,Naomi Nagata/The Expanse,Heroes,0.45703218852714456,0.6106776394348268,0.6368104621648192,-0.1528703358708732,0.2809798578784189,0.5076088104485272,0.3900397704304772
Amos Burton,Amos Burton/The Expanse,Lone Wolf-Demon-Heroes,-0.10345453061211898,0.11902031114089483,0.2458337325137785,-0.38459184759997717,-0.2429469870805246,0.5579230218951318,0.03196395004286406
Chrisjen Avasarala,Chrisjen Avasarala/The Expanse,Heroes,0.04811261645357474,0.1926749506212602,0.4129225296442898,-0.10751535148533652,-0.07986519107925821,0.5604302417466142,0.17112663265019068
Alex Kamal,Alex Kamal/The Expanse,Adventurer-Angel-Heroes,0.6684060543890417,0.6791726670482142,0.6754978567273758,0.09685672924954761,0.5069818822890421,0.09465494285204328,0.45359502209254415
Bobbie Draper,Bobbie Draper/The Expanse,Heroes,0.21439095861738824,0.4211871875900076,0.6102910968267021,0.04908579741655845,0.13004190717929684,0.40193004574837005,0.3044878322297206
Nina Sayers,Nina Sayers/Black Swan,Outcast-Diva-Heroes,0.13817266643901063,0.18554104513373332,0.2908407642655211,0.34896971536260146,0.18093250988617182,-0.14930835472704201,0.16585805772666606
Lily,Lily/Black Swan,Adventurer-Demon-Heroes,-0.17952641391465107,-0.07463322083169875,0.0042564390276214345,-0.7842187413595404,-0.3941520746615832,0.7949101531372376,-0.10556064310043574
Thomas Leroy,Thomas Leroy/Black Swan,Demon-Heroes,-0.6320767533421519,-0.4999536784602449,-0.16826712280515643,-0.46383241714336376,-0.7422358572147714,0.601875783322068,-0.3174150076072701
Jane Eyre,Jane Eyre/Jane Eyre,Outcast-Angel-Heroes,0.6622878146940544,0.746488597366948,0.7104710993240099,0.43064015803079436,0.6349254508233133,0.04043412807078047,0.5375412080516501
Edward Fairfax Rochester,Edward Fairfax Rochester/Jane Eyre,Demon-Heroes,-0.4416416204057145,-0.3156200809349763,0.01987707932206338,-0.4243125043327596,-0.5854948404462731,0.5990317889396328,-0.19136002964300455
Donald G. Malarkey,Donald G. Malarkey/Band of Brothers,Brute-Outcast-Adventurers,0.5471132205441989,0.5592770359089799,0.6612635752976341,-0.11090319752795726,0.3862981210589073,0.1923294043156294,0.3725630265995654
Richard D. Winters,Richard D. Winters/Band of Brothers,Angel-Heroes,0.5865415720120102,0.7174606657614722,0.7455963207162453,0.4525817948626296,0.5625866156037677,0.13130362662946649,0.5326784325975985
Lewis Nixon,Lewis Nixon/Band of Brothers,Adventurer-Heroes,0.29303231971255167,0.3489746196738087,0.4860584233402635,-0.18050602361356868,0.055406189981609295,0.44432985710671435,0.2412158977002298
Eugene G. Roe,Eugene G. Roe/Band of Brothers,Angel-Heroes,0.6998185365751001,0.8047112404368512,0.7693754703110707,0.41105324854135356,0.6215420334397472,0.07515708812108247,0.5636096029042008
C. Carwood Lipton,C. Carwood Lipton/Band of Brothers,Brute-Angel-Heroes,0.617101309338209,0.7120381393536608,0.7342740112210063,0.5649682038931009,0.5912704181253609,-0.03783231264966751,0.5303032948802784
Darrell C. (Shifty) Powers,Darrell C. (Shifty) Powers/Band of Brothers,Brute-Angel-Heroes,0.6975535280224903,0.6993722311644575,0.698116323735778,0.39883314509429807,0.6589639956188013,-0.16813194911738813,0.4974512124197395
Eric Taylor,Eric Taylor/Friday Night Lights,Brute-Heroes,0.5319603785187046,0.6353856873412184,0.7821731738446047,0.3095489816750025,0.45768790489985695,0.21639286897269744,0.4888581658753474
Tami Taylor,Tami Taylor/Friday Night Lights,Adventurer-Angel-Heroes,0.7407445721134753,0.7331781182281784,0.772544988965694,0.33647773900600914,0.6516939677265144,0.08466867273165862,0.5532180097952549
Smash Williams,Smash Williams/Friday Night Lights,Adventurer-Demon-Heroes,-0.03109368859492768,0.042659116215231586,0.29471014551324165,-0.49435843676168234,-0.2179399483182943,0.5835465942928862,0.029587297057742528
Matt Saracen,Matt Saracen/Friday Night Lights,Outcast-Angel-Heroes,0.7328367576997179,0.7200020110102096,0.6357922052155857,0.6881510948465693,0.7629102667181649,-0.3627947590082493,0.5294829294136664
Lyla Garrity,Lyla Garrity/Friday Night Lights,Brute-Diva-Heroes,0.3579116409448057,0.24709129403689756,0.3767690303684031,0.23648803745030514,0.3002606722124207,-0.03616131311700658,0.24705989364930422
Tim Riggins,Tim Riggins/Friday Night Lights,Lone Wolf-Adventurer-Demons,-0.13180433097303418,-0.05404429715510351,0.04847532886046816,-0.6185911017715882,-0.31999244356913326,0.5657621527898992,-0.08503244863641529
Tyra Collette,Tyra Collette/Friday Night Lights,Adventurer-Demon-Heroes,-0.13999385791379085,-0.06676443811822351,0.10272314268581813,-0.7560679948226526,-0.38893977063945295,0.7821739547718816,-0.07781149400607001
Landry Clarke,Landry Clarke/Friday Night Lights,Outcast-Angels,0.6740721491589523,0.6254093918228286,0.584870593618291,0.5469246390012986,0.7014759908286125,-0.435079644265758,0.44961218669403746
Jason Street,Jason Street/Friday Night Lights,Brute-Angel-Heroes,0.5633886516383091,0.5890572764226115,0.741292553133231,0.4728836392296586,0.5140682847427874,-0.03218983935869465,0.47475009430131715
Julie Taylor,Julie Taylor/Friday Night Lights,Outcast-Diva-Adventurers,0.33385870065517187,0.2257229087035183,0.3351882725894269,0.07365550476577466,0.258910481739196,0.00011927084438697202,0.2045758565495791
Don Lockwood,Don Lockwood/Singin' in the Rain,Adventurer-Heroes,0.4739698424848567,0.44395048950782373,0.5192971621279902,-0.13795092138891818,0.3422989249738219,0.2976619451996163,0.3232045738175318
Kathy Selden,Kathy Selden/Singin' in the Rain,Adventurer-Angel-Heroes,0.7872180415052865,0.7630440018618586,0.7257365422208475,0.3302951360875417,0.7421217658899348,0.034277278108835685,0.5637821276123841
Cosmo Brown,Cosmo Brown/Singin' in the Rain,Adventurers,0.5201676154684958,0.47784851714910864,0.4482964500761621,-0.2154574358947943,0.41086567743076297,0.17222699968656136,0.3023246373193828
Johnny Rose,Johnny Rose/Schitt's Creek,Diva-Heroes,0.34071192203715045,0.37759701501200527,0.5978515198500952,0.42004106010423103,0.2797190954345176,0.046070115323446174,0.34366512129357424
Moira Rose,Moira Rose/Schitt's Creek,Diva-Adventurer-Demons,-0.28699330788111366,-0.2455437151710995,0.014531161387167577,-0.5632197878514188,-0.4161032575718039,0.5472741123848948,-0.15834246578389563
David Rose,David Rose/Schitt's Creek,Diva-Adventurer-Heroes,-0.025349557480221826,0.009501309791425924,0.16656793703839953,-0.4131484607842384,-0.15873010265210138,0.44784363025148805,0.004447459360791985
Alexis Rose,Alexis Rose/Schitt's Creek,Diva-Adventurers,0.012680451767282013,-0.06535100894518016,0.04875695723953477,-0.4815255174677958,-0.11830266143617271,0.31650117448480325,-0.04787343405958811
Stevie Budd,Stevie Budd/Schitt's Creek,Outcast-Lone Wolf-Heroes,0.12369895193825571,0.26900291516385827,0.24999370214491268,-0.17044085762839167,-0.00422071199359042,0.38737696806983135,0.14256849461581264
Ted Mullens,Ted Mullens/Schitt's Creek,Angels,0.823013644640853,0.7551437428612138,0.6476155999504708,0.7187154974996978,0.8632533029366279,-0.45387211557649676,0.5589782787187277
Thomas Shelby,Thomas Shelby/Peaky Blinders,Demon-Heroes,-0.08269398819273488,0.14033232968034384,0.34960504395670217,-0.3082673190828652,-0.24126597539183067,0.7345704713397732,0.09871342705156473
Arthur Shelby,Arthur Shelby/Peaky Blinders,Brute-Outcast-Demons,-0.25260296916834957,-0.21390882697123756,0.07842526258271626,-0.4697179519787775,-0.40585264809874977,0.24568749612929047,-0.16966160625085125
Aunt Polly,Aunt Polly/Peaky Blinders,Heroes,0.05853768131397526,0.2246749781351576,0.44532977739189267,-0.3287856784505311,-0.14470524456016456,0.7252048089934746,0.16337605380396744
Ada Shelby,Ada Shelby/Peaky Blinders,Adventurer-Heroes,0.5774443525486431,0.6251651011047479,0.6393080910618364,-0.04961970301402395,0.40066071673697695,0.43288051199976957,0.4376398450729917
Charlie Strong,Charlie Strong/Peaky Blinders,Outcast-Lone Wolf-Traditionalists,0.20096279120235327,0.2523239524168825,0.2868579728780599,0.3639884079093892,0.1819380791426601,-0.20838019299843205,0.17961516842515213
Michael Gray,Michael Gray/Peaky Blinders,Diva-Demon-Heroes,-0.351156189338645,-0.2644009612136697,0.01721441211973797,-0.33152383217565823,-0.4832393463980105,0.49178805011157184,-0.15355297781577892
Littlefoot,Littlefoot/The Land Before Time,Adventurer-Angel-Heroes,0.8318416887606009,0.7696439008665823,0.6915673608594228,0.3102244398077472,0.8107552573308489,-0.14528270976435106,0.5447916563101419
Cera,Cera/The Land Before Time,Brute-Demon-Heroes,-0.1846090386437386,-0.11769167485732614,0.22414744639809542,-0.28478003800923035,-0.2847327543452509,0.41833078601611284,-0.03822254557355629
Ducky,Ducky/The Land Before Time,Adventurer-Angels,0.7178141898789985,0.6146748292412935,0.5023460551423728,0.18622620589369648,0.715196977403398,-0.25545452481540676,0.41346728879072536
Petrie,Petrie/The Land Before Time,Outcast-Diva-Angels,0.4102082876814066,0.30762083207032176,0.2982492057532867,0.3381880896874589,0.4559556513565121,-0.483754680113227,0.22107789773929318
Spike,Spike/The Land Before Time,Lone Wolf-Angel-Fools,0.5026659428829795,0.4517133520031829,0.22425229807871683,0.3019759493463158,0.5339819469574025,-0.36678608094175424,0.27463390138780724
Jo March,Jo March/Little Women,Adventurer-Heroes,0.2646934144297748,0.40127719639285697,0.47179846747003823,-0.5218812615566619,0.093973678537816,0.7362595791763935,0.24102017907503626
Meg March,Meg March/Little Women,Angel-Heroes,0.7750080816996475,0.7147294254218088,0.6555513861168298,0.754748121751275,0.7898362032285685,-0.35778184944139746,0.5553485614627887
Amy March,Amy March/Little Women,Diva-Adventurer-Heroes,0.24649524567067116,0.25632017352216596,0.45902091651847443,-0.13976226356222962,0.12546423062234682,0.3962140114442142,0.22395871903594047
Beth March,Beth March/Little Women,Angels,0.8037565027857216,0.7483401341584135,0.5421416693646137,0.6274420402752191,0.874775994699028,-0.41004142295016677,0.5310691530554715
Marmee March,Marmee March/Little Women,Angel-Heroes,0.8271558374234749,0.8366845066439694,0.7543506351318907,0.5654600572822763,0.793965076084388,-0.10249858535680631,0.6125195878681989
Theodore Laurence,Theodore Laurence/Little Women,Diva-Adventurers,0.4542279347541959,0.373464998571049,0.3772601133358046,-0.19716258238333073,0.3049718889600038,0.19378737076326985,0.25109162066683205
Kylo Ren,Kylo Ren/Star Wars: The Last Jedi,Outcast-Demon-Heroes,-0.5094227663790271,-0.3549510485054244,-0.053085074392173255,-0.4968010375341475,-0.606741171380096,0.5421871575693127,-0.2464689901035926
Rey,Rey/Star Wars: The Last Jedi,Adventurer-Heroes,0.5906301582494724,0.6907655676880081,0.7133651129622839,-0.12020387354942218,0.4696952198988954,0.4562307212272228,0.4667471510794101
Finn,Finn/Star Wars: The Last Jedi,Outcast-Adventurer-Angels,0.7909909630091513,0.784835104739778,0.7166400029329459,0.15852040238015344,0.69583549284083,-0.009229710672894858,0.5229320425383274
Poe Dameron,Poe Dameron/Star Wars: The Last Jedi,Adventurer-Heroes,0.39662836425239784,0.46823365337867934,0.5629925496164971,-0.405762554560686,0.1786751552478213,0.5993248960625064,0.300015343999536
Rose Tico,Rose Tico/Star Wars: The Last Jedi,Outcast-Angel-Heroes,0.8000154248485083,0.8191698079090757,0.7701355883675891,0.31924841628287437,0.730726632294653,-0.0026038778451750637,0.5727819986429209
General Hux,General Hux/Star Wars: The Last Jedi,Diva-Traditionalist-Demons,-0.5674781105768318,-0.4785896229660061,-0.13752549358802255,-0.042827548316827134,-0.5663524662627278,0.1340654305893126,-0.2764513018535172
Anastasia Steele,Anastasia Steele/Fifty Shades of Grey,Diva-Angels,0.7715686007311617,0.6859689754893198,0.5858331984050619,0.4807929052476895,0.7391047839359,-0.29302041467786716,0.49504134152187756
Christian Grey,Christian Grey/Fifty Shades of Grey,Demon-Heroes,-0.27743157713299943,-0.09052510176543078,0.19350455287897744,-0.31978391094664116,-0.4198678269766301,0.6487770136195513,-0.04422114172052879
Tokio,Tokio/Money Heist,Adventurer-Demon-Heroes,-0.24702600165568767,-0.10752512947833814,0.06264408613434383,-0.8331414467437129,-0.4607967860449113,0.8254587827419544,-0.12673108250772533
El Profesor,El Profesor/Money Heist,Geek-Heroes,0.2939579098406924,0.4704509095762619,0.5284957726890877,0.13638841021860781,0.23415951627413914,0.38636935309852927,0.3416369786162197
Raquel Murillo,Raquel Murillo/Money Heist,Heroes,0.27372316464299673,0.4294730111054155,0.6074791826555253,-0.005774310647210294,0.10831274945932537,0.5164767658523259,0.32161509384472975
Berlin,Berlin/Money Heist,Demon-Heroes,-0.4167305919798458,-0.22989956467761316,0.06002482598518136,-0.5399782875278836,-0.558647841474053,0.7758406008403878,-0.15156514313897107
Rio,Rio/Money Heist,Outcast-Adventurer-Angels,0.648636614996735,0.5255096307240211,0.39849758381284006,0.11741630223029614,0.5863497652777295,-0.25864931400785846,0.33629343050562727
Denver,Denver/Money Heist,Brute-Adventurers,0.13730085497640585,0.14970022552927217,0.314963708239101,-0.5289241608065886,-0.060496369637191884,0.38801922398477134,0.06676058038096165
Monica Gaztambide,Monica Gaztambide/Money Heist,Outcast-Diva-Angels,0.6753614772090167,0.5376186346634511,0.4373779464268206,0.38930009196950194,0.6082862561633862,-0.3436512846147904,0.384048853636231
Arturo Roman,Arturo Roman/Money Heist,Outcast-Demon-Fools,-0.7061660299680071,-0.7774893748763692,-0.5113131258080361,-0.394214036139272,-0.7326823283305561,0.019663746610051783,-0.5170335247520315
Helsinki,Helsinki/Money Heist,Lone Wolf-Adventurer-Angels,0.754762776513539,0.7638399065040085,0.64838438255476,0.2576061754647198,0.6960292558869489,-0.10283302023009995,0.5029649127823127
Nairobi,Nairobi/Money Heist,Adventurer-Heroes,0.41948288981125187,0.5536839978903123,0.6003873226987884,-0.31480885792942825,0.22169897393942198,0.6203559913885205,0.3501333862998111
Troy Bolton,Troy Bolton/High School Musical,Brute-Adventurer-Heroes,0.4228282774757567,0.3758122784928106,0.4912833039609313,-0.013868247070831069,0.3112342033315501,0.13429569799510915,0.2869309190308878
Gabriella Montez,Gabriella Montez/High School Musical,Diva-Angel-Heroes,0.7534556716008479,0.6909314674386965,0.6105327121774969,0.6321020546322976,0.7894731089298082,-0.28522401911446493,0.5318784992774469
Sharpay Evans,Sharpay Evans/High School Musical,Diva-Demon-Heroes,-0.31153532785288,-0.2423827361891004,0.0706833304802955,-0.43631658957194935,-0.4090439534004292,0.5464684177366496,-0.13035447646623569
Ryan Evans,Ryan Evans/High School Musical,Diva-Adventurer-Angels,0.5109169894520742,0.4442794153538995,0.44455961905111535,0.1464368462673638,0.46576678208935457,-0.035308807156342124,0.3294418075095776
Chad Danforth,Chad Danforth/High School Musical,Brute-Adventurers,0.42419174097478357,0.3996122318985253,0.5007518743620714,-0.08701820446412135,0.28150697530787383,0.14988925484880425,0.2781556454879895
Taylor McKessie,Taylor McKessie/High School Musical,Heroes,0.47733867227669785,0.5694932142852995,0.6556764819111038,0.31867908381299337,0.42379400055560335,0.21315862667575913,0.4430233465862428
Archie Andrews,Archie Andrews/Riverdale,Brute-Adventurers,0.38305009772037507,0.3266734625661878,0.5000589989577032,0.009946879043057586,0.2589635087104116,0.06312370189110776,0.2569694414814739
Betty Cooper,Betty Cooper/Riverdale,Diva-Heroes,0.24826451437728966,0.3327531445189745,0.5199186950217627,0.03140811946382292,0.1256437151131516,0.35521616649534044,0.26886739249839026
Veronica Lodge,Veronica Lodge/Riverdale,Adventurer-Demon-Heroes,-0.06570102222839892,0.016752944158019714,0.24889683598792695,-0.43173578249783423,-0.25098021089860045,0.6662342089829327,0.030577828917340965
Jughead Jones,Jughead Jones/Riverdale,Geek-Outcast-Heroes,0.04620344184832823,0.2084291439900544,0.27495406296813524,-0.41473563543234365,-0.11900013628190828,0.6157754999980939,0.10193772951505999
Kevin Keller,Kevin Keller/Riverdale,Diva-Adventurer-Angels,0.6961347640687909,0.5843202025817983,0.5076954725375256,0.3350398919280905,0.6297167575417477,-0.22973046964951027,0.4205294365014071
Cheryl Blossom,Cheryl Blossom/Riverdale,Adventurer-Demon-Heroes,-0.28013802302765684,-0.17592793231106194,0.10410350911745841,-0.5838218316703683,-0.44284431877971653,0.7056108704584081,-0.11216962103548951
Alice Cooper,Alice Cooper/Riverdale,Diva-Demon-Heroes,-0.4524970560809296,-0.4280446705488084,-0.03945669475948532,-0.22195928364503803,-0.5348839031121506,0.29465251986568364,-0.23036484804678806
Hiram Lodge,Hiram Lodge/Riverdale,Demon-Heroes,-0.6422169877337989,-0.502299496936057,-0.1725114696961656,-0.42331580901939364,-0.7366396251376115,0.5828889067700214,-0.3156824136255009
Toni Topaz,Toni Topaz/Riverdale,Lone Wolf-Adventurer-Heroes,0.24562229083097176,0.39404160731032584,0.41268794150865756,-0.502822164258085,0.01681590702652445,0.752756825275677,0.21985040128234526
Reggie Mantle,Reggie Mantle/Riverdale,Brute-Adventurer-Demons,-0.4223957334506255,-0.4351798256045002,-0.16797818322965963,-0.4912701941678949,-0.5724027571727669,0.3362554037298668,-0.29216188164926343
Hermione Lodge,Hermione Lodge/Riverdale,Diva-Demon-Heroes,-0.32680202263591823,-0.23410925780938377,0.024440338994634766,-0.2532432479862715,-0.46899951034153936,0.5301294997458247,-0.12143070000544226
FP Jones,FP Jones/Riverdale,Lone Wolf-Demon-Heroes,-0.01649398167467572,0.11873462357119578,0.23369724253760826,-0.537577874650254,-0.2433502624308703,0.6704596703218317,0.03757823627913929
Fangs Fogarty,Fangs Fogarty/Riverdale,Lone Wolf-Adventurer-Demons,-0.10322594309958211,-0.06342883485380761,-0.013113727938574364,-0.6482232111516094,-0.3164793494668522,0.4715321662361869,-0.11215648337903983
Tom Keller,Tom Keller/Riverdale,Brute-Traditionalist-Heroes,0.04451365506425844,0.12015279818877013,0.35781113110262147,0.37712170695728436,-0.00016958714659824728,0.02506684714178344,0.15408275855135328
Pop Tate,Pop Tate/Riverdale,Angels,0.8423962033481042,0.8063798619219568,0.6571722758206607,0.6371990974682181,0.8441404100426776,-0.3052059589859844,0.5803469816026056
Alan Shore,Alan Shore/Boston Legal,Adventurer-Demon-Heroes,0.028756337086599214,0.14477089865370052,0.2933006037475068,-0.555632394518414,-0.18344396824774578,0.7563844136368765,0.0806893150597539
Denny Crane,Denny Crane/Boston Legal,Adventurer-Demons,-0.3024308549523044,-0.2733410912508576,0.028602833373730995,-0.6400511170350864,-0.46707872306104087,0.5569739574264987,-0.18288749924984327
Shirley Schmidt,Shirley Schmidt/Boston Legal,Heroes,0.20319359337944903,0.3504648912092535,0.5342363351846237,0.11055493640897225,0.09956041358427382,0.45242139141675747,0.2917385935305549
Remy,Remy/Ratatouille,Adventurer-Angel-Heroes,0.6360853582109508,0.6944919412301821,0.6321966487974218,-0.07796852703840143,0.5373503466630997,0.3567836468136764,0.4631565691128216
Alfredo Linguini,Alfredo Linguini/Ratatouille,Outcast-Angel-Fools,0.4970576208477508,0.3713672614508587,0.2155821664246721,0.3140883089337386,0.5255024205867561,-0.4862366293670242,0.23956019147945865
Chef Skinner,Chef Skinner/Ratatouille,Traditionalist-Demons,-0.6636542929100936,-0.563082595636916,-0.18744977167018817,-0.28721169428259957,-0.7150060834178162,0.3514600665064264,-0.3441573952351978
Lucifer Morningstar,Lucifer Morningstar/Lucifer,Adventurer-Demon-Heroes,-0.039695441144929976,0.04178772200766945,0.20740958059605194,-0.6460742319833978,-0.24313961125783934,0.6808623575413867,0.0001917292931568245
Chloe Decker,Chloe Decker/Lucifer,Heroes,0.5197534985044044,0.6390560138056145,0.7383298300943111,0.3455310507436167,0.4369877773298705,0.2443333636319959,0.48733192235163547
Dan Espinoza,Dan Espinoza/Lucifer,Brute-Outcast-Traditionalists,0.19320905579229658,0.11952158603235474,0.3228132905999318,0.4972747351132235,0.17879731899147241,-0.3923093413359327,0.15321777419889107
Amenadiel,Amenadiel/Lucifer,Angel-Heroes,0.6528827014618201,0.6886359839124069,0.7626706998009679,0.6421361895653244,0.6420630733268737,-0.1470008112233448,0.5402313061406746
Mazikeen,Mazikeen/Lucifer,Adventurer-Demon-Heroes,-0.2938401884501118,-0.12769183775416457,0.07077705647529918,-0.7803245681884585,-0.4941060842749993,0.8048862388202317,-0.1367165638953672
Linda Martin,Linda Martin/Lucifer,Angel-Heroes,0.7652203208088142,0.7736873883000329,0.7262423987429336,0.45767353425437307,0.6850905345110013,-0.03468722642956602,0.5622044916979315
Moiraine Damodred,Moiraine Damodred/Wheel of Time,Heroes,0.2608536014988879,0.4332356409005389,0.5140557315808395,0.019041692969661028,0.17521646164191357,0.509223551178354,0.31860444662836584
Nynaeve al'Meara,Nynaeve al'Meara/Wheel of Time,Heroes,0.2512279753284923,0.4086674800545945,0.6153365001158098,-0.025105451389963618,0.1314831498357407,0.4967885413055411,0.31306636587503583
Egwene al'Vere,Egwene al'Vere/Wheel of Time,Adventurer-Angel-Heroes,0.7540773419059664,0.7819466769717098,0.7889959523373047,0.25714817598733564,0.6780358885594984,0.14272337935449123,0.567154569186051
Rand al'Thor,Rand al'Thor/Wheel of Time,Brute-Outcast-Heroes,0.5099624151909793,0.5674365800354005,0.6998257405786311,0.15934679045416697,0.4237852959884241,0.18635493930196217,0.42445196025826076
Perrin Aybara,Perrin Aybara/Wheel of Time,Outcast-Lone Wolf-Angels,0.5716682587479607,0.6420467972887682,0.6250371493401409,0.4582103575348118,0.5456256842275524,-0.15497381076607178,0.447935739395527
Mat Cauthon,Mat Cauthon/Wheel of Time,Outcast-Adventurer-Demons,-0.41998663603535125,-0.4245044662482079,-0.31592821663693854,-0.7839705325136087,-0.579154504497045,0.4467865971080647,-0.34612629313718113
Olivia Pope,Olivia Pope/Scandal,Heroes,0.03867521936722109,0.21915303620884863,0.41695150904103884,-0.26940138300853733,-0.1265800230432894,0.692048126535511,0.1618077475167988
Abby Whelan,Abby Whelan/Scandal,Diva-Heroes,0.30652321384654246,0.40157760269798476,0.5917198918408318,0.09126416557708929,0.15775150978298438,0.3401778269669031,0.3148357017853894
Quinn Perkins,Quinn Perkins/Scandal,Outcast-Demon-Heroes,-0.009326861815516296,0.11322990284192762,0.33592612557223245,-0.3835043647216521,-0.19147559309524428,0.4873745657197598,0.05870396241691787
Huck,Huck/Scandal,Outcast-Lone Wolf-Heroes,-0.035313840649993974,0.1812110796740899,0.2682852092633041,-0.1338470040517339,-0.11080233873087487,0.3112030698679043,0.08012269589544926
Cyrus Beene,Cyrus Beene/Scandal,Demon-Heroes,-0.5717785141479907,-0.46681458831444883,-0.10772868370406134,-0.3455467420568259,-0.6728181524818326,0.4210365812531236,-0.2906083499086726
David Rosen,David Rosen/Scandal,Traditionalist-Angel-Heroes,0.4496275857022861,0.47305179417143767,0.5771092008722257,0.6091773505551177,0.42258213923523164,-0.18574815726885657,0.39096665221124044
Mellie Grant,Mellie Grant/Scandal,Diva-Demon-Heroes,-0.136031360204815,-0.049159019462483196,0.2945168024821491,-0.14163780125993777,-0.26637767858232864,0.471450659338481,0.028793600385177597
Fitzgerald Grant,Fitzgerald Grant/Scandal,Diva-Demon-Heroes,-0.11649565060693919,-0.13088644297378527,0.1853789565224974,-0.0527079430499352,-0.25683278697398176,0.20126068727739269,-0.02838052996745856
Jake Ballard,Jake Ballard/Scandal,Demon-Heroes,-0.05526916681524766,0.1434348590394025,0.39338968747357667,-0.2617968179859403,-0.23109360843524798,0.6262354506146859,0.10248340064853818
Rowan Pope,Rowan Pope/Scandal,Demon-Heroes,-0.4751690990674591,-0.2771455002017628,0.02245963164351653,-0.37730571388692125,-0.5712400904080096,0.6709553421841722,-0.16790757162274397
Ennis Del Mar,Ennis Del Mar/Brokeback Mountain,Outcast-Lone Wolf-Traditionalists,0.13922758588034567,0.23312779414570806,0.29597107309419424,0.2449816663990171,0.10203340820392487,0.038474491268547524,0.17563600316528957
Jack Twist,Jack Twist/Brokeback Mountain,Adventurers,0.5066159671555651,0.4918723617593456,0.502247993263785,-0.2790645401386527,0.3136027983893012,0.3027706009669446,0.3063408635660481
Billy Costigan,Billy Costigan/The Departed,Outcast-Lone Wolf-Heroes,0.17993181833380706,0.36211726261452665,0.47780937844558635,-0.2307444599422813,0.01561912571037516,0.541136695290518,0.22431163674208862
Colin Sullivan,Colin Sullivan/The Departed,Traditionalist-Demon-Heroes,-0.44537521498946697,-0.34234024823385045,-0.033314973313154646,-0.1752323841470834,-0.5314289697965893,0.3475423338857801,-0.19669157609906077
Frank Costello,Frank Costello/The Departed,Demon-Heroes,-0.5169738934689755,-0.3760160947150423,-0.0713084995763468,-0.6703683904419111,-0.6760461351829666,0.7526176103793011,-0.2596825671676568
Sgt. Sean Dignam,Sgt. Sean Dignam/The Departed,Brute-Demon-Heroes,-0.2783776030728161,-0.10844817578155763,0.25427970210556156,-0.4396089228862721,-0.4344546933312019,0.6470527480138362,-0.059926157492075006
Capt. Oliver Queenan,Capt. Oliver Queenan/The Departed,Traditionalist-Angel-Heroes,0.4736479530842161,0.5427574872277751,0.6862506697499667,0.5793452606080052,0.44178807925398345,-0.03623022250844286,0.447926537902584
Dr. Madolyn Madden,Dr. Madolyn Madden/The Departed,Diva-Angel-Heroes,0.6756799841022892,0.6657483396860043,0.628129976228421,0.4783138350290281,0.5940688729208248,-0.04854797922069697,0.49889883812431174
Rick Sanchez,Rick Sanchez/Rick and Morty,Demons,-0.5074533184743156,-0.33132142845223317,-0.16994949242268534,-0.8005155499972925,-0.6523208466831545,0.8004744976463112,-0.2768476897305616
Morty Smith,Morty Smith/Rick and Morty,Outcast-Angel-Fools,0.3361303680744643,0.1933248384360736,0.13960705157645603,0.23611571889523755,0.33766835025093367,-0.5165708820514817,0.12104590753028056
Summer Smith,Summer Smith/Rick and Morty,Brute-Adventurer-Demons,-0.21536400622470578,-0.2105140564517596,-0.01956618707697231,-0.49441136637115407,-0.410526642288859,0.45622610139350994,-0.14902602616999014
Jyn Erso,Jyn Erso/Rogue One,Lone Wolf-Heroes,0.2525066739317474,0.43615549791053404,0.5089385852658884,-0.3653298987012239,0.08139480715974506,0.7091323032012324,0.27046632812798727
Cassian Andor,Cassian Andor/Rogue One,Lone Wolf-Demon-Heroes,0.0879016690043241,0.28785008310642063,0.41041980327291844,-0.3654193233735643,-0.11168343183063065,0.7104760304794779,0.1699241384431577
Robin Hood,Robin Hood/Robin Hood,Adventurer-Heroes,0.44246636362754793,0.48337774334084654,0.4956142952811887,-0.3835727368721185,0.2735787092884683,0.5200788678597542,0.30525720708761456
Maid Marian,Maid Marian/Robin Hood,Angel-Heroes,0.8023491905163818,0.7499738117979541,0.6384041869195752,0.44672812923727623,0.7884966483178739,-0.1244675397250385,0.5502474045106704
Little John,Little John/Robin Hood,Brute-Adventurer-Angels,0.7290454968532009,0.6572413014539841,0.522153089501512,0.20953849340632483,0.6860400849207484,-0.22126157651295095,0.4304594816038032
Friar Tuck,Friar Tuck/Robin Hood,Angels,0.8038085734860859,0.7216977630554495,0.5776087990140107,0.5871147694226211,0.8211805739031843,-0.40172128080285935,0.5182815330130821
Prince John,Prince John/Robin Hood,Diva-Demons,-0.7293028838357877,-0.7668017968626305,-0.44653982204112525,-0.4560931904782649,-0.7627565030391125,0.1720605742184582,-0.4982389370064104
Sheriff of Nottingham,Sheriff of Nottingham/Robin Hood,Brute-Demons,-0.7184780337497813,-0.7349608988740826,-0.37144194038011924,-0.35331877836153336,-0.7632828697956984,0.1321487019038894,-0.46822230320955427
Romeo Montague,Romeo Montague/Romeo and Juliet,Diva-Adventurers,0.06917618521454162,0.011655929284927875,0.14600795173050873,-0.5091271180540498,-0.08813961853978676,0.31049723040358984,-0.009988239993378075
Juliet Capulet,Juliet Capulet/Romeo and Juliet,Diva-Adventurers,0.36192762017390506,0.2601934056689039,0.28194836113595956,-0.10682481144479242,0.27831524922395484,0.014884550489979434,0.1817407292079851
Friar Laurence,Friar Laurence/Romeo and Juliet,Angel-Heroes,0.5828816280276748,0.6111858266354282,0.5940119528305557,0.484612803021999,0.5470820992282523,-0.10121535134896269,0.45309315973249126
Mercutio,Mercutio/Romeo and Juliet,Adventurer-Demons,-0.09465117338512809,-0.07102384160689307,0.1222441712594782,-0.7229021169920429,-0.2990643208822882,0.5662283883719483,-0.08319481553915427
The Nurse,The Nurse/Romeo and Juliet,Brute-Angel-Heroes,0.5184212402393029,0.46077495049714395,0.6280697470724145,0.4756241383523029,0.4323744812137522,-0.1985788652894939,0.3861142820142371
Benvolio,Benvolio/Romeo and Juliet,Brute-Diva-Heroes,0.2969767569080571,0.27903294479942126,0.5730448193744558,0.26643680847993856,0.18187338696141922,-0.013158978613617832,0.26403428965161235
Owen Grady,Owen Grady/Jurassic World,Lone Wolf-Adventurer-Heroes,0.3260469681700206,0.4260023974938503,0.5196429335062224,-0.3681902738676228,0.13673816443094952,0.5830587264167916,0.27054981935836864
Claire Dearing,Claire Dearing/Jurassic World,Diva-Heroes,0.3274652089093273,0.4054623030941532,0.5571745795632282,0.28798089977915375,0.2617138381920842,0.21924296400386264,0.3431732989236349
Guy Montag,Guy Montag/Fahrenheit 451,Outcast-Heroes,0.19716357229587075,0.3360993004234676,0.41975134563950434,-0.07859627122993366,0.08172326356860792,0.36880173885951006,0.22082382492617117
Linda Montag,Linda Montag/Fahrenheit 451,Diva-Traditionalist-Fools,-0.38333779549250385,-0.4805397550733203,-0.34128106793089774,0.2113763020249029,-0.30846579386192974,-0.4351023248620835,-0.28955840586597204
Clarisse McClellan,Clarisse McClellan/Fahrenheit 451,Geek-Adventurer-Heroes,0.472999481608547,0.5010309154284239,0.4382591802646821,-0.3384321713340399,0.35014512596167396,0.4358524680373989,0.309975833327781
Shinji Ikari,Shinji Ikari/Neon Genesis Evangelion,Geek-Outcast-Traditionalists,0.10994618623203561,0.06016471615274221,-0.015624938248097825,0.29137616524952065,0.16016662064482085,-0.4156748629841127,0.03172564784115147
Misato Katsuragi,Misato Katsuragi/Neon Genesis Evangelion,Adventurer-Heroes,0.2496499100380257,0.3018391742518042,0.4057264137787469,-0.47614310792036324,-0.004255610440584834,0.5643043762982513,0.17352019266764665
Ritsuko Akagi,Ritsuko Akagi/Neon Genesis Evangelion,Traditionalist-Heroes,0.12979112006082846,0.27940005701978726,0.3873836400168382,0.26693149837046654,0.06748093157359986,0.21744254291960552,0.2247382983268543
Rei Ayanami,Rei Ayanami/Neon Genesis Evangelion,Geek-Traditionalist-Heroes,0.14743996886641283,0.2826379403102024,0.20711357184987028,0.45082042160870445,0.22237598159124358,-0.1399336726136195,0.195075701935469
Asuka Langly Soryu,Asuka Langly Soryu/Neon Genesis Evangelion,Adventurer-Demon-Heroes,-0.33590032233865935,-0.24289264535056587,0.07156519659440214,-0.6553627459479915,-0.49137614584977696,0.6513746705844474,-0.16709866538469068
Kozo Fuyutsuki,Kozo Fuyutsuki/Neon Genesis Evangelion,Traditionalist-Heroes,-0.08620140340252937,0.046625177079728776,0.20325307160423495,0.3975878216750056,-0.07439718683600072,0.01568083999216377,0.0837580533521005
Dexter Morgan,Dexter Morgan/Dexter,Heroes,-0.10321332182398661,0.13727534247728893,0.2876661933504066,-0.11728802269639918,-0.17003641464531044,0.5344908362295576,0.0948157688152595
Rita Bennett,Rita Bennett/Dexter,Angels,0.7884359578630228,0.6569383171449196,0.5422710983807394,0.6690732845025582,0.8169164143954603,-0.5283543653072669,0.49088011782990554
Debra Morgan,Debra Morgan/Dexter,Outcast-Adventurer-Heroes,0.19210339328629472,0.28720914950870274,0.5437552474070223,-0.35405530635905846,-0.02075708270611573,0.4890937950798375,0.18955819936944718
James Doakes,James Doakes/Dexter,Brute-Demon-Heroes,-0.2663225811374258,-0.06923311420189437,0.2626205839429331,-0.21551715833690882,-0.3828640734100162,0.5539521093270839,-0.01956070563603803
Maria LaGuerta,Maria LaGuerta/Dexter,Heroes,0.035657740388028596,0.14518196054725724,0.42509598825795974,0.03717660197802336,-0.09841290712881136,0.4147661452601261,0.15991092155043063
Angel Batista,Angel Batista/Dexter,Brute-Adventurer-Angels,0.7129242034302316,0.6674527398878157,0.6954318884771675,0.1564948619890396,0.556686081805048,0.01496461587086037,0.4673257319100272
Harry Morgan,Harry Morgan/Dexter,Traditionalist-Heroes,0.13384490228332915,0.3048047188985343,0.5068333077371671,0.1321343945189254,0.035698931337072394,0.3678806545732211,0.2468661515580416
Vince Masuka,Vince Masuka/Dexter,Geek-Diva-Adventurers,0.1555520140777736,0.15755372020690736,0.21122328111417435,-0.2203150637143659,0.04328010561422868,0.10269565844248324,0.07499828595686689
Thomas Matthews,Thomas Matthews/Dexter,Traditionalist-Demon-Heroes,-0.3287569809088144,-0.19940667382209645,0.11425525742645047,0.11123250913269331,-0.3645550483634637,0.27550100278596107,-0.06528832229154494
Joey Quinn,Joey Quinn/Dexter,Brute-Adventurer-Demons,-0.33914240877951757,-0.2964842666677776,0.015288119050937273,-0.5753861814722644,-0.5548985589697242,0.533468901361881,-0.20285906591274427
Eleanor Shellstrop,Eleanor Shellstrop/The Good Place,Adventurer-Demons,-0.16134607281151214,-0.12078064038601753,0.005218211091678053,-0.8276018889654614,-0.38307030687011223,0.6712779629225228,-0.13605045583648373
Chidi Anagonye,Chidi Anagonye/The Good Place,Traditionalist-Angel-Heroes,0.48791767504043176,0.5177535316331496,0.5133684143095109,0.6306834736020684,0.5252795949517852,-0.28239870121925653,0.39876733138628156
Tahani Al-Jamil,Tahani Al-Jamil/The Good Place,Diva-Heroes,0.074888838054643,0.06782265693736651,0.31169816691677604,-0.023329350308299492,-0.011277516897028885,0.2387980853318746,0.10976681333922196
Janet,Janet/The Good Place,Angel-Heroes,0.613901828119607,0.7077495884884839,0.6413160981476991,0.4285815262721621,0.6119867467492895,-0.03302977535283075,0.49508433540406843
Jason Mendoza,Jason Mendoza/The Good Place,Adventurer-Fools,0.2140311084324429,0.12319003361684468,0.034402721111449146,-0.3570563399000855,0.1302271231567734,-0.030426002277184522,0.01906144069004002
Michael,Michael/The Good Place,Geek-Diva-Heroes,0.06599860392648804,0.12446425659260583,0.33125098537450065,-0.26233997789570623,-0.04922166875014909,0.41455684812348154,0.10411817456187013
Beowulf,Beowulf/Beowulf,Brute-Demon-Heroes,-0.01224510605950913,0.15351418909774933,0.42050161630391353,-0.3307008811335275,-0.1529202730293149,0.617432685193507,0.11593037172880305
Dr. Gregory House,"Dr. Gregory House/House, M.D.",Demon-Heroes,-0.4204838316109376,-0.23010817516694096,-0.02699571392034666,-0.7224230483289802,-0.5777740731616339,0.8203031082179131,-0.19291362232848772
Dr. Lisa Cuddy,"Dr. Lisa Cuddy/House, M.D.",Heroes,0.3420067207763598,0.4323886265269958,0.6001267390804099,0.31587605527112633,0.24256844769254743,0.23819059061572195,0.36185952999386023
Dr. James Wilson,"Dr. James Wilson/House, M.D.",Angel-Heroes,0.7685797399801237,0.7258025886438386,0.6781033786770617,0.7546297446361377,0.7664578141943121,-0.40488372969060593,0.5481149227401446
Dr. Eric Foreman,"Dr. Eric Foreman/House, M.D.",Traditionalist-Heroes,0.10184713543999312,0.25680928719673624,0.43465866182714746,0.2831046314675995,0.04362826712799784,0.24656021526498487,0.22776803305407653
Dr. Robert Chase,"Dr. Robert Chase/House, M.D.",Diva-Adventurer-Heroes,0.3517913426537232,0.29503822092791443,0.3998580262867467,0.08458546152301187,0.21307361434053151,0.10200681645652074,0.24105891369807472
Dr. Allison Cameron,"Dr. Allison Cameron/House, M.D.",Diva-Angel-Heroes,0.6432021283807566,0.6329804327976126,0.6780684332894056,0.5000227098555508,0.5828716576661435,-0.1008299458245368,0.4893859026941554
Martin Brody,Martin Brody/Jaws,Heroes,0.4325242752593376,0.5686552186928722,0.7180557095670189,0.3103309769156001,0.34334419137048006,0.21423497633711583,0.4311908913570708
Quint,Quint/Jaws,Lone Wolf-Demon-Heroes,-0.34806306297659056,-0.18565472108536987,0.0987694591500925,-0.4968784573267559,-0.4886080916887849,0.6309540296562277,-0.13158014071186352
Matt Hooper,Matt Hooper/Jaws,Geek-Outcast-Heroes,0.3919387287152757,0.4690782203292286,0.5163063393950478,-0.00354006475387489,0.3064834343918846,0.22480625282643912,0.3175121518173335
Sebastian Wilder,Sebastian Wilder/La La Land,Adventurer-Heroes,0.30524911461502946,0.3939698789967621,0.5097163876020231,-0.2947314036945822,0.1149590262947196,0.6179852913758725,0.2745247158649708
Mia Dolan,Mia Dolan/La La Land,Adventurer-Angel-Heroes,0.7233423449303953,0.7147405663786995,0.6726267100492274,0.11123719913523196,0.6302001306001527,0.18850613584477366,0.5067755144897467
Sayid Jarrah,Sayid Jarrah/LOST,Heroes,0.30268096630622165,0.5098400289165474,0.6013379573703121,0.022373039674827927,0.17828933348201972,0.5026015528391525,0.3528538130981802
Claire Littleton,Claire Littleton/LOST,Outcast-Adventurer-Angels,0.6012566049739828,0.4824821305905929,0.4181634805458237,0.06554748515315409,0.5153661593670013,-0.13530366911345015,0.3245853652528508
Jack Shephard,Jack Shephard/LOST,Heroes,0.366054161569135,0.47222558994848146,0.6779490287443564,0.2632906657345439,0.2630793697978389,0.24115056132412094,0.3806248961864127
Hurley Reyes,Hurley Reyes/LOST,Outcast-Adventurer-Angels,0.7258148796688388,0.6295978577297704,0.4551933612299767,0.22298886844291063,0.6934232855768587,-0.32453125026968777,0.4004145003964446
Shannon Rutherford,Shannon Rutherford/LOST,Diva-Demons,-0.315741694834853,-0.43074084054057654,-0.24003344553351919,-0.3280693493865311,-0.40055939596357926,0.10356881796680115,-0.2685959847153763
Sawyer Ford,Sawyer Ford/LOST,Lone Wolf-Adventurer-Demons,-0.28871898397183104,-0.18942921200882604,-0.004045115028902697,-0.7790525958486809,-0.5041718276187105,0.7843196984372383,-0.16351633933995213
Benjamin Linus,Benjamin Linus/LOST,Geek-Demon-Heroes,-0.5565499554088023,-0.41534643358904894,-0.14558922953868172,-0.37051307049845855,-0.5946350508342126,0.46809663829319853,-0.26908951692933425
Jin-Soo Kwon,Jin-Soo Kwon/LOST,Traditionalist-Heroes,0.19496274318932175,0.3483075637135844,0.5239277161139917,0.3909070864168428,0.1725749875342302,0.15330338655998904,0.2973305805879933
Michael Dawson,Michael Dawson/LOST,Outcasts,0.011208508315930978,0.047356066273449834,0.27485350262365954,-0.07951580778826099,-0.11192358265587411,0.173441639038657,0.052570054301260376
Desmond Hume,Desmond Hume/LOST,Heroes,0.4368531535796848,0.5757965359392093,0.6563617216120092,-0.08227178362040313,0.27584594972317944,0.4871254245473709,0.39161850029684175
Sun-Hwa Kwon,Sun-Hwa Kwon/LOST,Angel-Heroes,0.6368423801319854,0.6903088639642636,0.6080190676997527,0.5348343492026221,0.6198943557106936,-0.031825179184508175,0.5096789729208016
Kate Austen,Kate Austen/LOST,Adventurer-Demon-Heroes,0.012643841512537213,0.15852791335012256,0.3143965100093864,-0.5283307325002012,-0.21005650144907162,0.7932236158647011,0.09006744113124575
Charlie Pace,Charlie Pace/LOST,Outcast-Adventurers,0.3580400820000114,0.27239387822936645,0.21928597308294506,-0.3519842629124102,0.2113651578915043,0.05119068231004795,0.1267152517669108
John Locke,John Locke/LOST,Lone Wolf-Demon-Heroes,-0.029060618596967073,0.17364742533916191,0.38263233308799266,-0.28553922501446544,-0.12063761820736035,0.6235191561785163,0.12409357546447967
Juliet Burke,Juliet Burke/LOST,Heroes,0.17455044451964294,0.30752269633213825,0.4597880136895229,0.13072134536457497,0.07259731125713872,0.4008605291278497,0.25767339004847795
Sherlock Holmes,Sherlock Holmes/Elementary,Geek-Demon-Heroes,-0.19031504683236336,0.02566224505388105,0.19939400389800566,-0.5454951446020184,-0.3345095988820351,0.7782160723440902,-0.011174578170073335
Joan Watson,Joan Watson/Elementary,Angel-Heroes,0.6518557482817525,0.7549146072227987,0.7414889673785723,0.3256431315302953,0.5638425243656497,0.22046951930794648,0.5430357496811692
Marcus Bell,Marcus Bell/Elementary,Brute-Angel-Heroes,0.7281692254676373,0.7742831313507401,0.7699503135632526,0.5151919285067459,0.6654939689311796,-0.062305393410413634,0.5651305290681902
Nick Dunne,Nick Dunne/Gone Girl,Outcast-Demon-Fools,-0.5065747423639086,-0.5559656498146603,-0.38796719545008496,-0.16364105296966938,-0.5743126289764443,-0.04580359374313901,-0.3723774772196511
Amy Elliott Dunne,Amy Elliott Dunne/Gone Girl,Geek-Demon-Heroes,-0.3395096117500954,-0.15442882493606247,0.06319666470558474,-0.4825195857961334,-0.4573631027227126,0.7420286905855207,-0.1047659616523164
Margo Dunne,Margo Dunne/Gone Girl,Outcast-Lone Wolf-Heroes,0.34244446117101246,0.42884812482721135,0.45256483002178427,0.14334829569684102,0.23457019480533028,0.11033539611725274,0.28535188377323867
Jay Gatsby,Jay Gatsby/The Great Gatsby,Diva-Adventurer-Heroes,0.07653123771520055,0.11222490854812195,0.2935850096787907,-0.365811462438369,-0.08968339791879573,0.4662921490340092,0.08218974076982627
Nick Carraway,Nick Carraway/The Great Gatsby,Outcast-Angel-Heroes,0.6452025170188519,0.6087692825475896,0.5180301383064829,0.66900069413189,0.6730632070221841,-0.39668378841320967,0.45289700843563147
Daisy Buchanan,Daisy Buchanan/The Great Gatsby,Diva-Adventurers,-0.04189007892412249,-0.19954340516680422,-0.12669951532501258,-0.11079478435908774,-0.09364323695040887,-0.10660918946519994,-0.1131967016984393
Tom Buchanan,Tom Buchanan/The Great Gatsby,Brute-Demons,-0.6967808065372793,-0.6628157445177083,-0.27965740991255855,-0.32980838528429973,-0.7652903619030595,0.2922370065549762,-0.40701928359998824
Myrtle Wilson,Myrtle Wilson/The Great Gatsby,Adventurer-Demon-Fools,-0.4323503142381464,-0.5013821585203413,-0.3376837569913475,-0.6708335279255927,-0.5751783906511141,0.2499075467818984,-0.3779201002574406
Jordan Baker,Jordan Baker/The Great Gatsby,Sophisticate-Demon-Heroes,-0.08146281596254017,0.030331014730599775,0.1556861185333061,-0.43844353004183273,-0.2588440101189999,0.6990340711565359,0.017716808049511517
Clarke Griffin,Clarke Griffin/The 100,Heroes,0.25308677515769984,0.4107144360536982,0.5848962078626453,-0.21609469902187,0.07237974057575099,0.6247668450520567,0.28829155094666353
Bellamy Blake,Bellamy Blake/The 100,Heroes,0.2770829055159902,0.43260785659033457,0.6160002736956736,-0.23531060612855928,0.06443260385280124,0.621356866360635,0.29602831664781254
Octavia Blake,Octavia Blake/The 100,Adventurer-Demon-Heroes,-0.07703193889969212,0.12055750833933605,0.30431064571692473,-0.6446840443500522,-0.27363063469242166,0.8235070772326902,0.04217143555779749
Raven Reyes,Raven Reyes/The 100,Adventurer-Heroes,0.35915619546706407,0.5331910933462324,0.6128607428234173,-0.2775249052802846,0.17566879717628556,0.6559287215540807,0.3432134408477992
Dr. Abigail Griffin,Dr. Abigail Griffin/The 100,Heroes,0.19215525405611258,0.27700319785694066,0.4796586700179065,0.16881359269488247,0.0782420559940589,0.247669376099087,0.24059035778649798
John Murphy,John Murphy/The 100,Demons,-0.5410411370920032,-0.43416071539920104,-0.25367124549462994,-0.832657351269426,-0.7077201433505677,0.6712644193039372,-0.3496643622169817
Marcus Kane,Marcus Kane/The 100,Heroes,0.29474953953842015,0.4031839211372641,0.5724794963550697,0.23434995059786357,0.1782533850412642,0.24411574011035383,0.32118867213003927
Monty Green,Monty Green/The 100,Angel-Heroes,0.8195896863900941,0.8408178913557989,0.6777235190025181,0.5630612332072655,0.8246510031628359,-0.21162872875658426,0.5857024340603215
Nathan Miller,Nathan Miller/The 100,Outcast-Angel-Heroes,0.49016228865733913,0.5998759767427488,0.6169461229482341,0.3555102997929695,0.39197790039565295,0.02642891931855435,0.4134835846425831
Thelonious Jaha,Thelonious Jaha/The 100,Traditionalist-Demon-Heroes,-0.4265741052347785,-0.32420144368584913,0.009382135014183437,-0.16486706164086945,-0.4839369266899792,0.32867677556555447,-0.17692010444528972
Charlie Harper,Charlie Harper/Two and a Half Men,Adventurer-Demons,-0.47329489799318203,-0.44990580556920373,-0.28716343269301087,-0.7999614465686967,-0.6457045024635966,0.5751488857674995,-0.3468135332533651
Alan Harper,Alan Harper/Two and a Half Men,Outcast-Diva-Traditionalists,0.18289086813942876,0.06370863331907989,0.151420262880906,0.5569696195513717,0.23914371470977094,-0.5917170260022269,0.10040267876638842
Jake Harper,Jake Harper/Two and a Half Men,Outcast-Adventurer-Fools,-0.05629352748436825,-0.1542082004430856,-0.22369899724324654,-0.322638481457149,-0.0967394927040411,-0.11632369706255209,-0.16165039939907377
Berta,Berta/Two and a Half Men,Lone Wolf-Adventurer-Demons,-0.10561618770156458,0.0009348147406661658,0.14004814654791195,-0.48214513288794325,-0.28089757347231703,0.5460697669205542,-0.030267694308782084
Evelyn Harper,Evelyn Harper/Two and a Half Men,Diva-Demon-Heroes,-0.49831369810735976,-0.4090894485247465,-0.07545606190715867,-0.4562497553204399,-0.6189807108666594,0.6105289554647283,-0.24126011987693938
Judith Harper-Melnick,Judith Harper-Melnick/Two and a Half Men,Traditionalist-Demon-Heroes,-0.3893430332209948,-0.3076225176020874,0.013268923257609226,-0.1146371878830239,-0.47186407503098415,0.35699679479873675,-0.15220018261345739
Bella Swan,Bella Swan/Twilight,Outcasts,0.08402171287648794,0.05339172212698976,0.06122761667113826,0.057477293120075754,0.06698870595452283,-0.15349594331217017,0.02826851790617406
Edward Cullen,Edward Cullen/Twilight,Heroes,0.04877218340855479,0.19590392045130317,0.38262753314052805,0.05915731105047807,-0.03277224080037161,0.3439236784272429,0.16626873094628922
Jacob Black,Jacob Black/Twilight,Brute-Outcast-Adventurers,0.19675792761769995,0.22476088969442973,0.4490710432418947,-0.26976019281399405,0.03900160936483959,0.3128796092265727,0.15878514772190708
Charlie Swan,Charlie Swan/Twilight,Outcast-Traditionalist-Angels,0.540162821219581,0.5446572321853566,0.5627504593376805,0.6642775430441245,0.5503329666358471,-0.3217464156581316,0.42340576779407635
Carlisle Cullen,Carlisle Cullen/Twilight,Angel-Heroes,0.6314932535522274,0.711477196120696,0.6804690931757849,0.4749942130795041,0.5877344185285724,0.07075654219708044,0.5261541194423108
Esme Cullen,Esme Cullen/Twilight,Angel-Heroes,0.7913687697946767,0.7711709158830691,0.6486963239530592,0.6167030728284508,0.7838203222774133,-0.20447040142687273,0.5678815005516328
Alice Cullen,Alice Cullen/Twilight,Adventurer-Angel-Heroes,0.6145452876780535,0.6545177307033203,0.596877773122619,-0.0835732550355389,0.4951393966087944,0.3278182717286384,0.43422086746764776
Emmett Cullen,Emmett Cullen/Twilight,Brute-Adventurers,0.09585765412846542,0.12515222045559604,0.29230897696193364,-0.3870784853683803,-0.06443904703565642,0.3646092096938386,0.07106842147263283
Rosalie Hale,Rosalie Hale/Twilight,Demon-Heroes,-0.21484057982239965,-0.06540104983555439,0.2379653863766959,-0.19853934545606572,-0.3362849685970944,0.561471898701437,-0.0026047764388302252
Jasper Hale,Jasper Hale/Twilight,Outcast-Traditionalist-Heroes,0.12179366188123796,0.291442178047399,0.3912705959481215,0.17512376035034996,0.07823468860611756,0.21027995394183857,0.2113574731291774
Meredith Grey,Meredith Grey/Grey's Anatomy,Heroes,0.2423255256247792,0.3776405143721024,0.5314425313035984,-0.29615306961766463,0.031197902022406198,0.626861861363975,0.25221921084486615
Cristina Yang,Cristina Yang/Grey's Anatomy,Demon-Heroes,-0.10146714662539111,0.13538554567916541,0.33574612204513515,-0.2461042314817606,-0.21713705724633853,0.6768704227131863,0.09721560918066612
Izzie Stevens,Izzie Stevens/Grey's Anatomy,Diva-Adventurers,0.326111545168187,0.21533166752364202,0.29902486468753164,-0.24722268616791845,0.18396316767765591,0.1245035876377166,0.15028535775446913
Alex Karev,Alex Karev/Grey's Anatomy,Adventurer-Demon-Heroes,-0.1403938564883407,-0.02538822883254123,0.16307045348367938,-0.6628895379460485,-0.38098807518948724,0.7220329813889325,-0.054092710597300975
George O'Malley,George O'Malley/Grey's Anatomy,Outcast-Angels,0.7691702532032201,0.6619114218712777,0.5488978199596395,0.5795142367567278,0.7968521209985224,-0.5452738230810155,0.46851200495139533
Miranda Bailey,Miranda Bailey/Grey's Anatomy,Heroes,0.32037739408946864,0.49162698626230067,0.6518624957866421,0.15292064990994217,0.23232657022813835,0.3916714590874555,0.37346425922732457
Richard Webber,Richard Webber/Grey's Anatomy,Heroes,0.45296023001984687,0.5466065894987706,0.6817418271208053,0.4104834411733355,0.3630724988673254,0.15210370439869286,0.43449471517979615
Preston Burke,Preston Burke/Grey's Anatomy,Traditionalist-Demon-Heroes,-0.16109408775714512,-0.0030313448812390193,0.22694153537897352,0.15438437244023284,-0.19198436565795843,0.3252709999796099,0.05841451825041228
Derek Shepherd,Derek Shepherd/Grey's Anatomy,Adventurer-Heroes,0.4435374410410382,0.48646224341132777,0.5977142563930429,0.004871660924207052,0.29944588918213905,0.3791731508183155,0.3685341069616784
Addison Montgomery,Addison Montgomery/Grey's Anatomy,Heroes,0.15732679612418243,0.26668350087066545,0.4455419978221358,-0.17850298358033367,-0.02597589753976467,0.5987864161518347,0.21064330497478667
Chris Washington,Chris Washington/Get Out,Angel-Heroes,0.7707373311711304,0.8430109929762615,0.7005656159386898,0.2459672046962568,0.6560658659930816,0.13834003379453358,0.5591145074283256
Rose Armitage,Rose Armitage/Get Out,Traditionalist-Demon-Heroes,-0.5929529419338114,-0.46992582661193405,-0.14807631209760727,-0.2269283129282054,-0.6303737128000684,0.36617711872467096,-0.2836799979411592
Dean Armitage,Dean Armitage/Get Out,Diva-Demon-Heroes,-0.5625632180271011,-0.4452295673146659,-0.10044009484243673,-0.25399923295337357,-0.6040367038003472,0.40516990040527745,-0.2601831527554412
Jeremy Armitage,Jeremy Armitage/Get Out,Demons,-0.764610727280761,-0.724600896287783,-0.4036138090124599,-0.6182261927046993,-0.8348646838426814,0.32745099796186444,-0.5030775518610867
Missy Armitage,Missy Armitage/Get Out,Traditionalist-Demon-Heroes,-0.5283173918827316,-0.42446089981764035,-0.094144244303496,-0.1944809230580371,-0.5733546514026554,0.3444756594485132,-0.2450470751693412
Rod Williams,Rod Williams/Get Out,Adventurer-Angel-Heroes,0.7253469631660818,0.7362367286463939,0.7240394556422264,0.00911019815726887,0.5786104993484121,0.1740685658343129,0.49123540179911607
Huckleberry Finn,Huckleberry Finn/Adventures of Huckleberry Finn,Adventurers,0.15718689834707875,0.16005506089531166,0.2268054051314161,-0.583171273574403,0.0073287684779481214,0.4783346843080851,0.07442325726423946
Jim,Jim/Adventures of Huckleberry Finn,Lone Wolf-Angel-Heroes,0.805849953926922,0.8391114731739344,0.7018460011552387,0.43329808550062193,0.7541202038537435,-0.08072787750416235,0.5755829733510497
Olivia Benson,Olivia Benson/Law & Order: SVU,Heroes,0.5791772375797173,0.7089527715878259,0.7725184321496381,0.16966378976123342,0.4475244631957253,0.37258897404550473,0.5084042780532742
John Munch,John Munch/Law & Order: SVU,Heroes,0.2836493147055632,0.45171795711427554,0.5881671273030133,0.11573833562289595,0.16634999072949377,0.39075354499500364,0.33272937841170763
Donald Cragen,Donald Cragen/Law & Order: SVU,Traditionalist-Heroes,0.3543908670163688,0.4731887887567335,0.6072686276573895,0.475754967958816,0.30699058199415125,0.08615715929737833,0.3839584987801396
Elliot Stabler,Elliot Stabler/Law & Order: SVU,Brute-Heroes,0.09596369549441891,0.2579376050772514,0.5467301138526803,-0.11429259229373001,-0.07041645499320819,0.5199545657578856,0.20597948881588302
Odafin Tutuola,Odafin Tutuola/Law & Order: SVU,Lone Wolf-Heroes,0.3724806341426206,0.5351361301288688,0.639819366136854,-0.14386882772597503,0.17638909578253384,0.5595645587933394,0.35658682620970694
Melinda Warner,Melinda Warner/Law & Order: SVU,Angel-Heroes,0.5604772975816517,0.6981431894062669,0.688154088129345,0.3655266497779528,0.4959452048467052,0.20954097076044614,0.5029645667503947
Mitch Buchannon,Mitch Buchannon/Baywatch,Brute-Adventurer-Heroes,0.35185844913917425,0.402821855771939,0.5611420380762908,-0.10562496821796044,0.19619723811309187,0.4188079568834033,0.30420042829432314
Hobie Buchannon,Hobie Buchannon/Baywatch,Brute-Adventurers,0.037386194441097316,-0.0218070031745605,0.13700521243914618,-0.4006893805403804,-0.09997738046016438,0.2689401721992219,-0.013190364182606653
Michael 'Newmie' Newman,Michael 'Newmie' Newman/Baywatch,Brute-Heroes,0.2411104671620651,0.31358703515748765,0.5538127501286575,0.16996895120702799,0.12845004109846886,0.245727546498142,0.2754427985419748
C.J. Parker,C.J. Parker/Baywatch,Sophisticate-Adventurer-Heroes,0.4187391726957558,0.35763832775754084,0.3915569004092296,-0.15502472617285945,0.29252525572638394,0.1976133412795798,0.2505080452826051
Garner Ellerbee,Garner Ellerbee/Baywatch,Brute-Outcast-Heroes,0.322632092107495,0.36398876729632296,0.5816565111087597,0.36278057985985973,0.2619088356372708,-0.01151473156400113,0.3135753424076178
Stephanie Holden,Stephanie Holden/Baywatch,Heroes,0.5710401655621999,0.6682157270443817,0.7201336908841244,0.30610918451504804,0.4915712414526405,0.2617720776237124,0.5031403478470178
Willy Wonka,Willy Wonka/Willy Wonka & the Chocolate Factory,Geek-Adventurer-Demons,-0.20318342643584922,-0.11681505232922894,0.03350442057099844,-0.6683423353005935,-0.31935292213803995,0.6641870530841849,-0.10166704375808804
Grandpa Joe,Grandpa Joe/Willy Wonka & the Chocolate Factory,Outcast-Adventurer-Angels,0.6637207605186142,0.5919733575082373,0.5755686612290392,0.3256862150322219,0.6119341444079575,-0.22417302562017824,0.42411835217931526
Charlie Bucket,Charlie Bucket/Willy Wonka & the Chocolate Factory,Angels,0.827969556115171,0.7643323699152923,0.6139453206862175,0.43015675247387797,0.8510970698888848,-0.27187747066120144,0.5359372664030404
Buffy Summers,Buffy Summers/Buffy the Vampire Slayer,Adventurer-Heroes,0.29400877542701953,0.42665059864650173,0.5787647248591695,-0.42914764135139905,0.08048912178301713,0.7099002665898266,0.2767776409923559
Xander Harris,Xander Harris/Buffy the Vampire Slayer,Outcast-Adventurer-Fools,0.28924880244030676,0.1379159323824842,0.18296632173325725,-0.08099038186902073,0.19832078476347376,-0.25552547785153673,0.07865599693316074
Willow Rosenberg,Willow Rosenberg/Buffy the Vampire Slayer,Geek-Angel-Heroes,0.7328125663685396,0.7628785274927419,0.6510866253125395,0.2883093392352453,0.7004211879605373,-0.050085972200571136,0.5142370456948387
Cordelia Chase,Cordelia Chase/Buffy the Vampire Slayer,Diva-Demon-Heroes,-0.19516626403765874,-0.2049107122478875,0.07998644297141558,-0.35536072311205774,-0.32779937367149314,0.4170388008581792,-0.09770197153991707
Rupert Giles,Rupert Giles/Buffy the Vampire Slayer,Angel-Heroes,0.5117033193347673,0.6235338852405448,0.6627053006087718,0.46883503451741393,0.47692991144772423,0.08874595382359915,0.4720755674954702
Angel,Angel/Buffy the Vampire Slayer,Outcast-Demon-Heroes,-0.016110429038346086,0.1593869179474238,0.30960467867549346,-0.17279684690667965,-0.15958835211423666,0.5223066149400092,0.10713376391727736
Jonas Kahnwald,Jonas Kahnwald/Dark,Geek-Outcast-Heroes,0.38679180506151767,0.49275921143610496,0.4714513160495951,0.00918692733252761,0.3158476980462873,0.2176965614237555,0.3156222532249647
Charlotte Doppler,Charlotte Doppler/Dark,Traditionalist-Heroes,0.28330716577432813,0.44514294845340074,0.5477580485233415,0.2792818897598404,0.23871209417463207,0.22975755066077738,0.3373266162243867
Martha Nielsen,Martha Nielsen/Dark,Heroes,0.4078730166109285,0.4822826603551104,0.5479260749216182,0.007971014507912294,0.27804336438928934,0.33670285818034434,0.3434664981608672
Hannah Kahnwald,Hannah Kahnwald/Dark,Outcast-Demons,-0.6490123938731713,-0.603288118160225,-0.3597666710242764,-0.6755969976193092,-0.7741123581611552,0.4666543655468879,-0.43252036221520823
Peter Doppler,Peter Doppler/Dark,Geek-Outcast-Traditionalists,0.058573385640889486,0.01481872386840031,-0.0617341026879222,0.4060755806182142,0.094221453800821,-0.43217052759584007,0.013297418940760456
Katharina Nielsen,Katharina Nielsen/Dark,Outcast-Demon-Heroes,-0.06835627027628587,0.024329478649465688,0.38542980130442817,-0.19122369436282072,-0.23694697276034596,0.4221515108335231,0.05589730889799407
Holden Ford,Holden Ford/Mindhunter,Geek-Heroes,0.3107663707651747,0.4320987785351847,0.54308677047585,-0.04126466558609779,0.21883010642376458,0.3728385052776892,0.30605931098192757
Bill Tench,Bill Tench/Mindhunter,Brute-Traditionalist-Heroes,0.19660540773807877,0.3394243508366388,0.530982653391335,0.29643682723199904,0.11156609939874379,0.20916783113679377,0.28069719495559814
Dr. Wendy Carr,Dr. Wendy Carr/Mindhunter,Heroes,0.263857901270448,0.4489657165872764,0.5011468978200739,0.14857122486892266,0.17865745384285014,0.41248301259478215,0.3256137011640589
Claire Randall,Claire Randall/Outlander,Heroes,0.5359677324254292,0.6446573709722231,0.7104162895087732,-0.04475802867991269,0.37290653440282395,0.5186561060928654,0.4563076674537004
Jamie Fraser,Jamie Fraser/Outlander,Brute-Adventurer-Heroes,0.6059766326520512,0.6912346161968919,0.7544052489418086,-0.019374004254245715,0.45108472393707844,0.40026615545599264,0.4805988954882629
Murtagh Fraser,Murtagh Fraser/Outlander,Outcast-Lone Wolf-Heroes,0.30266152515578487,0.4358925848699381,0.5832346294705497,-0.16692055813698908,0.12806009511533623,0.45193411808287415,0.28914373242624897
Dr. Spencer Reid,Dr. Spencer Reid/Criminal Minds,Geek-Angel-Heroes,0.5607990748930922,0.6833411682255514,0.6544257378177307,0.32738267981661373,0.5380668447650796,0.11218017276624313,0.4793659463807185
Penelope Garcia,Penelope Garcia/Criminal Minds,Adventurer-Angel-Heroes,0.6343148578783209,0.613589478810014,0.5522662610706097,-0.07828744912884032,0.5268550156369728,0.14492371107366825,0.39894364589012427
Jennifer Jareau,Jennifer Jareau/Criminal Minds,Angel-Heroes,0.7417326217556073,0.7874038631009999,0.7834001633100668,0.402057123909646,0.653619732723871,0.10960378713734027,0.5796362153229219
David Rossi,David Rossi/Criminal Minds,Heroes,0.3999136763683606,0.5335303257964855,0.6735055048289356,0.16983875875536805,0.2617711539794432,0.41145342377471633,0.40833547391721825
Aaron Hotchner,Aaron Hotchner/Criminal Minds,Traditionalist-Heroes,0.23908152108063435,0.41267222209743565,0.5638360540954189,0.3350712142992774,0.17968335404655464,0.2581433521797823,0.33141461963318386
Derek Morgan,Derek Morgan/Criminal Minds,Brute-Adventurer-Heroes,0.5122128957720092,0.607379319794586,0.6908709983626198,-0.022807844251151847,0.3310097924491925,0.4336941053226426,0.4253932112416497
Danny Ocean,Danny Ocean/Ocean's 11,Adventurer-Heroes,0.1436924184549303,0.28214486398624805,0.40978856680623715,-0.33035571693643834,-0.035029341982190626,0.6989879651268862,0.1948714592426121
Rusty Ryan,Rusty Ryan/Ocean's 11,Sophisticate-Adventurer-Heroes,0.053666429722376174,0.15989184479674945,0.2686297967582768,-0.5173419974245156,-0.1520087713074271,0.7089232304066277,0.0869600888253479
Linus Caldwell,Linus Caldwell/Ocean's 11,Outcast-Angel-Heroes,0.5598748140310522,0.5742148881006588,0.5823989788591798,0.5008187872652694,0.5602054057511394,-0.1942976717125491,0.430535867049125
Basher Tarr,Basher Tarr/Ocean's 11,Outcast-Adventurer-Heroes,0.34479254406409665,0.426219892701482,0.46761059770567887,-0.3374562071342558,0.17223696030756258,0.41447835356262297,0.24798035686786454
Terry Benedict,Terry Benedict/Ocean's 11,Traditionalist-Demon-Heroes,-0.5717490859992713,-0.43909170610480497,-0.0876941829856002,-0.20287050834497153,-0.6344881293219444,0.43435088872234456,-0.25025712067237466
Tess Ocean,Tess Ocean/Ocean's 11,Heroes,0.3667420051222774,0.4390406368982813,0.5280272346724693,0.13796596650349693,0.23852673327796067,0.37292776848422443,0.3472050574931183
Chris Kyle,Chris Kyle/American Sniper,Heroes,0.28028897375816986,0.4621939481669672,0.6409568347612926,0.1126372894851675,0.18574453214309938,0.3761530571720669,0.34299577258112723
Taya Kyle,Taya Kyle/American Sniper,Diva-Angel-Heroes,0.660185452714341,0.62346284848728,0.6704841829881377,0.5248707448766248,0.5895447141464063,-0.15558520765715927,0.48549378925927167
Odysseus,Odysseus/The Odyssey,Adventurer-Demon-Heroes,-0.03913141800516515,0.0925249887597579,0.3379247037208117,-0.4734019272728921,-0.21942512469999242,0.7355208562280173,0.07233534645508954
Telemachus,Telemachus/The Odyssey,Brute-Outcast-Heroes,0.34229281252151955,0.3818425842664639,0.6322972815160253,0.23252517730500943,0.2608216537413065,0.09865985272929102,0.324739893679936
Penelope,Penelope/The Odyssey,Angel-Heroes,0.64811727790808,0.6782384825441748,0.6851996099044158,0.44324744744211253,0.597604164870182,0.03385943118004735,0.5143777356415021
John B,John B/Outer Banks,Adventurer-Heroes,0.4081768311085172,0.4387177838599529,0.5013285475947504,-0.3899727485370849,0.21212854204356293,0.48141450965301114,0.27529891095378495
Sarah Cameron,Sarah Cameron/Outer Banks,Diva-Adventurer-Heroes,0.5032293548378676,0.43140490828100136,0.466218926579257,-0.07183943591422877,0.37097710844012105,0.21264416218037732,0.31877250406739926
Kiara,Kiara/Outer Banks,Adventurer-Angel-Heroes,0.6509529064905687,0.7162830130723914,0.6924955438495841,-0.08560191563264419,0.49589793275159705,0.4370292555929306,0.4845094560207379
Pope,Pope/Outer Banks,Angel-Heroes,0.7161522261379453,0.7676714739110976,0.7040927374661363,0.5721958609648928,0.7024820219919091,-0.12010313768546742,0.5570818637977523
JJ,JJ/Outer Banks,Adventurers,0.0671210991079471,0.11942700621767299,0.2047911169447638,-0.676628064291384,-0.1343065390114036,0.5641164972315055,0.02408685269985029
Topper,Topper/Outer Banks,Brute-Diva-Demons,-0.6492843476118539,-0.6878646835852062,-0.340924289244427,-0.24675352885198704,-0.6837243857930343,0.04634498119660892,-0.42703437564831664
Prairie Johnson,Prairie Johnson/The OA,Geek-Adventurer-Heroes,0.5813441244636154,0.66007929844247,0.5872286148466515,-0.06190834835126094,0.512505830934545,0.3068104266982798,0.4310099911723835
Homer,Homer/The OA,Outcast-Angel-Heroes,0.7898609539026604,0.7934067404975326,0.7368934165027669,0.4439103832187343,0.7248252858344582,-0.18095829483946851,0.5513230808527807
Steve Winchell,Steve Winchell/The OA,Outcast-Adventurer-Demons,-0.08195540045181766,-0.03578888105335855,0.1623572160519473,-0.6107030609758878,-0.25979792582909517,0.45040966355160766,-0.06257973145110071
Hunter Aloysius Percy,Hunter Aloysius Percy/The OA,Demon-Heroes,-0.5255511814449739,-0.35364937951033876,-0.04937832340448995,-0.34931629099057593,-0.6017075926634056,0.5683951821360599,-0.21853459764628744
Buck Vu,Buck Vu/The OA,Geek-Angel-Heroes,0.7231662417758329,0.7853754557665172,0.5729205495637265,0.17850089273321573,0.677707028460453,0.0176747912992822,0.4925574932665046
Cassie Thomas,Cassie Thomas/Promising Young Woman,Demon-Heroes,0.041598749399264,0.24559597036415873,0.39121893969323107,-0.46526818563807076,-0.1460297725696918,0.7924897709003792,0.14326757869154508
Ryan Cooper,Ryan Cooper/Promising Young Woman,Diva-Traditionalists,-0.2841848020741632,-0.36324702959732696,-0.1758405266407905,0.19990530861646824,-0.2873918487682653,-0.25121443317265096,-0.1936622219394548
Eric Forman,Eric Forman/That 70's Show,Outcast-Diva-Angels,0.2732336753604197,0.14062993980744604,0.1818437407774058,0.35397735706461136,0.2814302035370885,-0.4665080349866546,0.1274344802600528
Jackie Burkhart,Jackie Burkhart/That 70's Show,Diva-Adventurer-Demons,-0.16627966943818898,-0.20475011935806864,0.06474866563142698,-0.3877033065986146,-0.2723020386744323,0.3325670696555218,-0.10561989979705928
Michael Kelso,Michael Kelso/That 70's Show,Adventurer-Fools,-0.027819305094280232,-0.16318067782137738,-0.12521448891861203,-0.4337393915698576,-0.1163614009560869,0.004591703723913233,-0.14362059343938346
Steven Hyde,Steven Hyde/That 70's Show,Lone Wolf-Adventurer-Demons,-0.24198168270858103,-0.09535605213109995,-0.0506166577573815,-0.6817473438235111,-0.4259144945356921,0.7337792815444995,-0.12697282490196105
Donna Pinciotti,Donna Pinciotti/That 70's Show,Adventurer-Heroes,0.5348172011688802,0.6520055796321303,0.679399910251793,-0.0819696060772331,0.36729731085302064,0.5410866026744713,0.4487728330838437
Fez,Fez/That 70's Show,Diva-Adventurers,0.3473786133728917,0.22194055378684863,0.22987581563949244,-0.19644730502120772,0.258435328854144,-0.10105206198322526,0.126688490774824
Kitty Forman,Kitty Forman/That 70's Show,Diva-Angel-Heroes,0.7045045891936612,0.6143929225015468,0.7028085561530756,0.386478501402768,0.6409960952488934,-0.1920630118839547,0.4761862754359984
Red Forman,Red Forman/That 70's Show,Traditionalist-Demon-Heroes,-0.27176247313737845,-0.11951448746838671,0.19915597696183052,0.05328338087165248,-0.30994309854133917,0.29473278834637423,-0.025674652161207855
Midge Pinciotti,Midge Pinciotti/That 70's Show,Diva-Adventurer-Fools,0.1588186613767188,-0.008211237054428014,-0.026050153096812006,-0.2609443295257194,0.07923089815764994,-0.09199737519937588,-0.02485892255699443
Bob Pinciotti,Bob Pinciotti/That 70's Show,Brute-Adventurer-Fools,-0.006169795801841978,-0.1800836651302696,-0.05501721368975392,-0.21219913782066235,-0.07446104222857232,-0.2287277630380151,-0.1261097696181859
Dr. Horrible,Dr. Horrible/Dr. Horrible's Sing-Along Blog,Geek-Outcast-Demons,-0.24533943837056404,-0.1121502557806454,0.07228570775074046,-0.4942727631621332,-0.35012913466715234,0.5443218920225238,-0.09754733203453846
Captain Hammer,Captain Hammer/Dr. Horrible's Sing-Along Blog,Brute-Diva-Demons,-0.40159504521081296,-0.4206940358735241,-0.10106852334545846,-0.3487735834773366,-0.4728148161646153,0.2509912873434,-0.24899245278805793
Penny,Penny/Dr. Horrible's Sing-Along Blog,Angels,0.8687196832700246,0.7982789105258449,0.634036799498565,0.5494082635699401,0.8888754547662813,-0.3289104458974206,0.5684014442888725
SpongeBob SquarePants,SpongeBob SquarePants/SpongeBob SquarePants,Adventurer-Angels,0.5096216155399907,0.41444421615672206,0.38709238855728356,-0.017304250224365013,0.4834835346965844,-0.15467578051995215,0.27044362070104394
Patrick Star,Patrick Star/SpongeBob SquarePants,Adventurer-Fools,0.23636154349153,0.12594859000215838,0.05316106229713051,-0.20972530967379907,0.21402177187550084,-0.19923783057486474,0.03675497123627598
Squidward Tentacles,Squidward Tentacles/SpongeBob SquarePants,Traditionalist-Demon-Heroes,-0.3497765111584615,-0.24639218027774126,-0.09726238421639385,0.1252186322251939,-0.34187928131694223,0.09216499319774317,-0.13632112192443363
Mr. Krabs,Mr. Krabs/SpongeBob SquarePants,Diva-Demon-Heroes,-0.545836542160633,-0.49586856800576756,-0.08179281517794,-0.33310106112551535,-0.6338432834612501,0.39286220065302024,-0.2829300115463476
Sandy Cheeks,Sandy Cheeks/SpongeBob SquarePants,Adventurer-Heroes,0.504061388090464,0.6082737627672764,0.6701849118063904,-0.017705453747958233,0.4133931029379277,0.39855499096003083,0.4294604504690218
Rebecca Bunch,Rebecca Bunch/Crazy Ex-Girlfriend,Diva-Adventurer-Demons,-0.15241546501176306,-0.15936769097925804,0.024106249218058602,-0.5818141453274551,-0.3052136772980979,0.3742691616553095,-0.133405927957201
Paula Proctor,Paula Proctor/Crazy Ex-Girlfriend,Diva-Adventurer-Heroes,0.4058914940692756,0.4386909512207243,0.6392849792876704,-0.0885674162062188,0.2162051655382937,0.31881800307233954,0.32172052949701413
Josh Chan,Josh Chan/Crazy Ex-Girlfriend,Brute-Adventurer-Fools,0.3309334927256653,0.15648917498540554,0.10952697779601017,0.09715406846503084,0.31126482698916347,-0.36761788794459527,0.10629177550278002
Darryl Whitefeather,Darryl Whitefeather/Crazy Ex-Girlfriend,Diva-Adventurer-Angels,0.5998356299916285,0.4373008014105332,0.4237749162970408,0.270202000885768,0.5902971605241624,-0.43566160621787403,0.3142914838152098
Heather Davis,Heather Davis/Crazy Ex-Girlfriend,Lone Wolf-Adventurer-Heroes,-0.029475639683824936,0.13448894801872519,0.07164279838159132,-0.6052554515704938,-0.20522862473358597,0.7013464070859896,0.011253072916400245
Valencia Perez,Valencia Perez/Crazy Ex-Girlfriend,Diva-Demon-Heroes,-0.19106785754308517,-0.1040670064754197,0.1599679353183881,-0.3495962220808061,-0.3240244758550711,0.579153044132652,-0.03827243041722365
Danny Vinyard,Danny Vinyard/American History X,Outcast-Adventurer-Demons,-0.2790004105692088,-0.22631596206930307,-0.022574995186958307,-0.55378273841242,-0.4167048561248815,0.33850351837568665,-0.1933125739978475
Derek Vinyard,Derek Vinyard/American History X,Lone Wolf-Demon-Heroes,-0.156954440202055,0.025799396599684565,0.3030542719924814,-0.46018468072902374,-0.3484485329914225,0.7129152392287027,0.012696875649727898
Dr. Bob Sweeney,Dr. Bob Sweeney/American History X,Heroes,0.5208853146697395,0.6371115492586786,0.6839800453924693,0.42852059685851535,0.460043060246511,0.14688396145676524,0.47957075464711313
Satine,Satine/Moulin Rouge!,Adventurer-Heroes,0.13058169960111637,0.21123994367143042,0.28175273691838126,-0.42148400180744533,-0.08728962223994342,0.6194007803905225,0.12236692275567697
Christian,Christian/Moulin Rouge!,Outcast-Adventurer-Angels,0.6753467471967096,0.6327615049022154,0.5497058849492349,-0.003579727141724998,0.5831374984808302,0.046178670637762785,0.41392509650417136
Seong Gi-hun,Seong Gi-hun/Squid Game,Outcast-Adventurer-Angels,0.6453709646735536,0.5291975866591586,0.44120334146024665,0.11894940263092163,0.5617464157219514,-0.24327494196944416,0.34219879486273125
Cho Sang-woo,Cho Sang-woo/Squid Game,Traditionalist-Demon-Heroes,-0.4398470130068357,-0.28438840935858284,-0.07290875041915534,-0.04854209471949101,-0.4794583813040024,0.37878046607609206,-0.15772736378866256
Hwang Jun-ho,Hwang Jun-ho/Squid Game,Heroes,0.4194619942058846,0.5976629475365358,0.6765811107355221,0.07711277318494929,0.2928188883733704,0.4742916197664264,0.42298822230044814
Kang Sae-byeok,Kang Sae-byeok/Squid Game,Lone Wolf-Heroes,0.11215091504334251,0.34994775671507206,0.3471909244928318,-0.25841305478212545,-0.014966955291364324,0.6498011142098382,0.19761845006459913
Oh Il-nam,Oh Il-nam/Squid Game,Heroes,-0.17337054548648673,-0.08370563739383023,0.03372725984399217,-0.32506427939567556,-0.2398180962164189,0.3992850623275084,-0.0648243727201518
Han Mi-nyeo,Han Mi-nyeo/Squid Game,Adventurer-Demons,-0.5870645391825495,-0.5676844734159827,-0.3452620853804802,-0.7881349903117519,-0.7303784571827917,0.4419488149145774,-0.42942928842649647
Joe Bradley,Joe Bradley/Roman Holiday,Heroes,0.4236003496710127,0.5204862742628849,0.5813707804671202,-0.0032287304661855177,0.2336673529392213,0.4808049267288588,0.372783492267152
Princess Ann,Princess Ann/Roman Holiday,Adventurer-Angel-Heroes,0.6505830930147277,0.6228017032871699,0.5816007710426996,0.04107458712776559,0.5690261899312804,0.19196005520551443,0.4428410666015263
Emily Cooper,Emily Cooper/Emily in Paris,Diva-Adventurers,0.32760434666373184,0.21434764730975106,0.30777467940770026,-0.08055795351022225,0.24605981936148535,0.052904878366024394,0.17802223626641178
Sylvie Grateau,Sylvie Grateau/Emily in Paris,Demon-Heroes,-0.2800400862778784,-0.11125361016062896,0.15379336082091433,-0.28822239520262344,-0.41060328268963964,0.6814911719611518,-0.04247247359145071
Mindy Chen,Mindy Chen/Emily in Paris,Adventurers,0.4790550374359685,0.43270607086468166,0.4028096514041544,-0.2815765334685276,0.32116958775400617,0.28540643716455316,0.27326170852580606
Gabriel,Gabriel/Emily in Paris,Brute-Adventurer-Heroes,0.3392177413695659,0.31757368299001115,0.3595947860176277,0.08580360739794214,0.19904731460370342,0.1891364092275196,0.24839559026772837
Julien,Julien/Emily in Paris,Diva-Adventurer-Heroes,0.08956291798878309,0.09172724012918343,0.25614884754051287,-0.2651168464121458,-0.05079375864836905,0.3469045332539005,0.07807215564197752
Luc,Luc/Emily in Paris,Adventurers,0.37525030415487076,0.3060911895591559,0.28737550743636486,-0.1781809029136302,0.2640769732482217,0.018180291022708118,0.17879889375128186
Sydney Carton,Sydney Carton/A Tale of Two Cities,Outcast-Adventurer-Heroes,0.2597219914038259,0.38223477469082,0.4081797205233325,-0.35570789624440885,0.060335242508108046,0.5417552250562628,0.21608650965632345
Lucie Manette,Lucie Manette/A Tale of Two Cities,Diva-Angels,0.6760335519383531,0.5512421169540364,0.4780733866377635,0.5899367836613033,0.7135056288888323,-0.4335763041256092,0.42920252732577996
Charles Darnay,Charles Darnay/A Tale of Two Cities,Diva-Heroes,0.40378051596506986,0.44003592775409733,0.5804028237759399,0.34529666036250395,0.3127058287574088,0.1355947157896398,0.3696360787341099
Caleb Smith,Caleb Smith/Ex Machina,Outcast-Diva-Angels,0.45873497502973615,0.43004505952064725,0.3799018998112798,0.514743480039644,0.4720564408866995,-0.3835325278707855,0.31199155456953687
Nathan Bateman,Nathan Bateman/Ex Machina,Demon-Heroes,-0.4689134828144553,-0.293015818723759,-0.07797400629908649,-0.6738367803902783,-0.5977408046577017,0.7831412796931941,-0.22138993553201444
Ava,Ava/Ex Machina,Geek-Heroes,-0.07356854141866662,0.13772373948284986,0.16272204305587284,-0.22858079788525398,-0.13604123370563767,0.5890372931214817,0.07521541710844103
Clarice Starling,Clarice Starling/The Silence of the Lambs,Heroes,0.5217423162222121,0.6651546299697608,0.7140501480237227,0.2888056521635734,0.4560860140960882,0.26286994513311396,0.48478478426807853
Dr. Hannibal Lecter,Dr. Hannibal Lecter/The Silence of the Lambs,Geek-Demon-Heroes,-0.2957349951931973,-0.08791125762282598,0.09487416907129712,-0.4292880213799324,-0.4020148382917069,0.7044039410430825,-0.06927850039554717
Jack Crawford,Jack Crawford/The Silence of the Lambs,Traditionalist-Heroes,-0.107648223444014,-0.03943248624281543,0.2082166884709141,0.410950405572768,-0.10433363699548388,-0.028456988470703874,0.05654929314844415
Belle,Belle/Beauty and the Beast,Angel-Heroes,0.8077547543442362,0.8227503923212242,0.6995795740097308,0.3139719968632522,0.7739757362932042,0.09393876443406567,0.5853285363776188
Gaston,Gaston/Beauty and the Beast,Brute-Demons,-0.6801130754214085,-0.669209809604559,-0.30739691089182525,-0.5097858041187006,-0.755250164648544,0.33399797540949094,-0.43129296487925767
Maurice,Maurice/Beauty and the Beast,Outcast-Adventurer-Angels,0.703508820182244,0.6483339090153383,0.5016813065298583,0.2636886821702594,0.7115069707900887,-0.2371189297775964,0.43193345981836545
Cogsworth,Cogsworth/Beauty and the Beast,Diva-Traditionalist-Heroes,0.04779405104615391,0.1021267843899159,0.35253851488960863,0.4064307139135791,0.04119938825313996,-0.05504035524454015,0.14917484954130955
Lumiere,Lumiere/Beauty and the Beast,Adventurer-Angel-Heroes,0.6014848372244368,0.5552259683512971,0.5685519276942893,0.0011384969442351058,0.4786985258054098,0.11136296197981929,0.38607711966658126
Beast,Beast/Beauty and the Beast,Outcast-Demon-Heroes,-0.08159535661707767,0.03327211028762719,0.24966311903297633,-0.193074449085447,-0.184522148330631,0.3942468799287616,0.03633169253603492
Vito Corleone,Vito Corleone/The Godfather,Heroes,0.22030796406575573,0.3782126522422814,0.5424062939079198,0.1658845255704584,0.14336685435833585,0.3801181440835663,0.30504940570471956
Michael Corleone,Michael Corleone/The Godfather,Heroes,-0.08870979329734957,0.12550900287550232,0.3442625187685923,-0.08519321062735474,-0.1816328459178302,0.5663076078104291,0.11342387993533154
Sonny Corleone,Sonny Corleone/The Godfather,Brute-Adventurer-Demons,-0.3512951266338586,-0.3440085793742206,-0.009461914853566077,-0.5814467328462691,-0.5143181377378132,0.3902915686590707,-0.23503982046444283
Peter Clemenza,Peter Clemenza/The Godfather,Brute-Outcast-Fools,-0.09320717931609351,-0.18965096407084145,0.009330561994380229,0.01087416894469283,-0.15981822713463004,-0.25787488962445637,-0.11339108820115805
Tom Hagen,Tom Hagen/The Godfather,Traditionalist-Angel-Heroes,0.36510972627305055,0.4749146648325151,0.5488759322792867,0.5623480725160872,0.34130113261200623,-0.024905076069424277,0.3779407420739202
Emilio Barzini,Emilio Barzini/The Godfather,Traditionalist-Demon-Heroes,-0.5879864954068751,-0.5214901485461843,-0.19029611813521774,-0.09412200859656228,-0.6345114882893613,0.27015146893959685,-0.29304246500576725
Indiana Jones,Indiana Jones/Raiders of the Lost Ark,Lone Wolf-Adventurer-Heroes,0.186312629985265,0.3351515103527302,0.49311584929476987,-0.47851723671039975,-0.016808305315338775,0.7754438334602457,0.21578304684454533
Marion Ravenwood,Marion Ravenwood/Raiders of the Lost Ark,Adventurer-Heroes,0.2955483065702551,0.42726378791610004,0.5588354904409739,-0.4770631728241383,0.07428502095692757,0.7596532032441726,0.2730871060507152
Dr. Rene Belloq,Dr. Rene Belloq/Raiders of the Lost Ark,Diva-Demon-Heroes,-0.5329000289110166,-0.4158999689532087,-0.102331654386668,-0.3512369812103334,-0.6274281786168893,0.5610981106124523,-0.24478311691094393
Major Arnold Toht,Major Arnold Toht/Raiders of the Lost Ark,Traditionalist-Demons,-0.6577214157390362,-0.5480683658408543,-0.20142893998166944,-0.2005851979325697,-0.6629891690003574,0.2491486897657059,-0.3369407331214635
Sallah,Sallah/Raiders of the Lost Ark,Adventurer-Angels,0.7030509494253232,0.6512386187731217,0.5980953899891319,0.08729998473003563,0.5874340340202617,0.009283466173283203,0.43940040718519285
Dr. Marcus Brody,Dr. Marcus Brody/Raiders of the Lost Ark,Diva-Traditionalist-Angels,0.4420165543665293,0.4112944148018447,0.4670575547803206,0.7134891515309314,0.4950007798720455,-0.3927952348647992,0.3560105367478121
Ron Weasley,Ron Weasley/Harry Potter,Outcast-Adventurer-Angels,0.5067534928209182,0.3858809996374844,0.38847355479621126,0.0316970683770458,0.4289004941059201,-0.2436203983630307,0.24968086856242488
Harry Potter,Harry Potter/Harry Potter,Outcast-Adventurer-Heroes,0.5853725822858552,0.6538239305622919,0.7321809023307543,-0.17099651121761106,0.4297456210586291,0.4039692379775607,0.43901596049958
Hermione Granger,Hermione Granger/Harry Potter,Heroes,0.5444790402292943,0.6700901557097758,0.7400845832479709,0.2399071574607995,0.4706799964344494,0.3182255076060571,0.4972444067813912
Rubeus Hagrid,Rubeus Hagrid/Harry Potter,Lone Wolf-Adventurer-Angels,0.6972221254604021,0.6673111879079747,0.5629230537623033,0.079864003732285,0.6316752034787837,-0.07571981110533459,0.427212627206069
Albus Dumbledore,Albus Dumbledore/Harry Potter,Geek-Heroes,0.40959496859781125,0.5216480430385131,0.533375884202413,-0.011848628771562278,0.31157505194967955,0.4360373340461856,0.3667304421771734
Minerva McGonagall,Minerva McGonagall/Harry Potter,Heroes,0.5200350300457535,0.6504129133142796,0.7158348538331283,0.33273820522860376,0.45742674440236825,0.26343632197738176,0.4899806781335858
Severus Snape,Severus Snape/Harry Potter,Traditionalist-Demon-Heroes,-0.25324878053334016,-0.06608513024610917,0.16855876236930983,-0.051004354586529556,-0.30860162659759477,0.3738406074162602,-0.022756753696333943
Ginny Weasley,Ginny Weasley/Harry Potter,Adventurer-Angel-Heroes,0.7634200353680659,0.8221937587980677,0.7880456935374159,0.17913326066144025,0.6583084394701301,0.2514831696281496,0.5770973929105448
Luna Lovegood,Luna Lovegood/Harry Potter,Geek-Adventurer-Angels,0.6325865580540229,0.6465709322254408,0.4583348946449173,-0.07489428027986604,0.5812882264956554,0.17707116305903176,0.403492915699867
Draco Malfoy,Draco Malfoy/Harry Potter,Diva-Demons,-0.6178264493669987,-0.5676143335580572,-0.20162306724554563,-0.4245867355137302,-0.7067324691270768,0.37325450273813654,-0.3575214253455454
Molly Weasley,Molly Weasley/Harry Potter,Adventurer-Angel-Heroes,0.7345531341827156,0.7289708724686512,0.7503245299394807,0.2091688578623576,0.6378047308584425,0.0782690124358416,0.5231818562912482
Lord Voldemort,Lord Voldemort/Harry Potter,Demons,-0.688784366203352,-0.5399005238148242,-0.23234407567572757,-0.5435792207775328,-0.7580254340653821,0.5690375238159029,-0.365599349453486
Cho Chang,Cho Chang/Harry Potter,Diva-Angel-Heroes,0.5269912175334912,0.4516904148791085,0.38779379774224865,0.667177766725715,0.5531198003204149,-0.34336234070209287,0.3739017760831476
Fleur Delacour,Fleur Delacour/Harry Potter,Diva-Angel-Heroes,0.5341248440261191,0.5309939755462613,0.5572864215070659,0.4251185771969223,0.5281934669219438,0.01595192126926691,0.4319448677445965
Viktor Krum,Viktor Krum/Harry Potter,Brute-Demon-Heroes,-0.1441331591690623,0.0026864907541731993,0.2604299621773462,-0.12457337547887938,-0.22561715513968555,0.3945480941328968,0.027223476212798164
Filius Flitwick,Filius Flitwick/Harry Potter,Traditionalist-Angel-Heroes,0.3281211397175302,0.40928209061591125,0.49303314341153825,0.5290051311253637,0.34983867943503577,-0.06550452359383364,0.3406292767852576
Horace Slughorn,Horace Slughorn/Harry Potter,Outcast-Divas,-0.05445905752064795,-0.1773320448121146,-0.004649624186139709,0.15082571969478478,-0.0762110429762103,-0.24804025917468447,-0.06831105149583537
George Weasley,George Weasley/Harry Potter,Adventurers,0.3857660940886448,0.37990896546214326,0.37800225811176585,-0.46169874021452256,0.22004362615932876,0.38458592845984346,0.21443468867786727
Alastor Moody,Alastor Moody/Harry Potter,Lone Wolf-Demon-Heroes,-0.24125128444111557,-0.032302098547268,0.19378559880339155,-0.48935038246818713,-0.3737132487347607,0.6720821201349371,-0.04512488254216712
Remus Lupin,Remus Lupin/Harry Potter,Lone Wolf-Angel-Heroes,0.6331563824391526,0.7610820009956243,0.696945663019192,0.1331659019763691,0.5067676995396694,0.2810243445640391,0.502023665422341
Arthur Weasley,Arthur Weasley/Harry Potter,Outcast-Adventurer-Angels,0.8375968232575461,0.7991774090087621,0.703080029396861,0.3165629707963536,0.7812299220845792,-0.15249759543170877,0.5475249265187322
Cornelius Fudge,Cornelius Fudge/Harry Potter,Diva-Traditionalist-Demons,-0.568788807808408,-0.6219455642506718,-0.33967602747135595,0.11107476534339028,-0.5280770549073985,-0.20217282571096915,-0.3582642524675688
Dolores Umbridge,Dolores Umbridge/Harry Potter,Diva-Traditionalist-Demons,-0.678712102420102,-0.6230384165775168,-0.23957313312617137,-0.1914993969104575,-0.680426038149469,0.19321989761061287,-0.3700048649288506
Petunia Dursley,Petunia Dursley/Harry Potter,Diva-Traditionalist-Demons,-0.5085001519961451,-0.5504106180475014,-0.2478370578402247,0.11628131689702004,-0.4623376459903242,-0.20880604559616242,-0.3102683670955563
Moaning Myrtle,Moaning Myrtle/Harry Potter,Outcast-Demon-Fools,-0.305079355062893,-0.33827044094811903,-0.1803306256342678,-0.3824812885862682,-0.35745453381955605,0.049111234912378246,-0.252417501523121
Rita Skeeter,Rita Skeeter/Harry Potter,Diva-Demons,-0.6592310772827147,-0.6358795920572449,-0.30470124286764777,-0.55375988074173,-0.7605982267306278,0.4570471327786693,-0.40952048115021605
Dobby,Dobby/Harry Potter,Outcast-Adventurer-Angels,0.6937232474432147,0.6642442620148212,0.5944282694346407,0.18433039813010418,0.6563279402611805,-0.18547983462560053,0.43459571377639344
Bellatrix Lestrange,Bellatrix Lestrange/Harry Potter,Adventurer-Demons,-0.5825247498805858,-0.4580862049204654,-0.18196294976619198,-0.8101262484150644,-0.7232848182618351,0.6579583941791852,-0.3496710961774929
Nymphadora Tonks,Nymphadora Tonks/Harry Potter,Adventurer-Heroes,0.36523871529183716,0.45826178271833484,0.4428073839143103,-0.5275044293963215,0.17608010162596985,0.6162709923315469,0.2551924244142796
Sirius Black,Sirius Black/Harry Potter,Lone Wolf-Adventurer-Heroes,0.3864233796959427,0.5106078297813407,0.5346323025259516,-0.4469386874665542,0.16873544112201624,0.6559446821990861,0.3015674913096305
Ferris Bueller,Ferris Bueller/Ferris Bueller's Day Off,Adventurers,0.08473374978607003,0.0989520437080956,0.1579366676319944,-0.6236316286471134,-0.08487890725143522,0.5839984843461473,0.03618506826229312
Cameron Frye,Cameron Frye/Ferris Bueller's Day Off,Outcast-Traditionalist-Angels,0.3327223211804899,0.3317253031372442,0.3448226369548513,0.6471193463508659,0.3901275828557906,-0.436700874719992,0.2683027192932083
Sloane Peterson,Sloane Peterson/Ferris Bueller's Day Off,Sophisticate-Adventurer-Heroes,0.5617354591982346,0.5234218786576067,0.45415786508275063,-0.02560849531837828,0.4304076097630276,0.22820946372284687,0.3620539635176813
Alina Starkov,Alina Starkov/Shadow and Bone,Outcast-Angel-Heroes,0.7218788097517519,0.7573212862532509,0.7392755760592614,0.07885076499430557,0.6242596894316309,0.19688440039152988,0.5197450878136217
Malyen Oretsev,Malyen Oretsev/Shadow and Bone,Brute-Outcast-Heroes,0.43912577066305536,0.4810057869783424,0.5851979897641448,0.1150395352110267,0.32819248529929856,0.07050600158589056,0.3365112615836264
Kaz Brekker,Kaz Brekker/Shadow and Bone,Geek-Demon-Heroes,-0.25830372924820083,-0.014654744341739726,0.17546689982592562,-0.3490462632795959,-0.37256297543670985,0.7086948984474678,-0.018400985672142156
Inej Ghafa,Inej Ghafa/Shadow and Bone,Heroes,0.4710441275711219,0.6462284165009964,0.6429435991865313,0.11860693013424807,0.3794471690361367,0.40063035943535613,0.4431501003107317
Jesper Fahey,Jesper Fahey/Shadow and Bone,Adventurers,0.2649175240426732,0.24953273735015102,0.24494976659026904,-0.5247884777926174,0.08783403381360455,0.3946541722432966,0.11951662604122949
General Kirigan,General Kirigan/Shadow and Bone,Demon-Heroes,-0.5514177386968673,-0.38420094884445305,-0.07307402641302249,-0.4390798988577493,-0.6506231368900226,0.6518383889478913,-0.2410928934590372
June Osborne,June Osborne/The Handmaid's Tale,Heroes,0.14148328237933716,0.32123268605277944,0.4319878202723367,-0.46279122253555427,-0.07449172399828528,0.7813842359868248,0.1898008463595731
Rita,Rita/The Handmaid's Tale,Traditionalist-Angel-Heroes,0.44924875479065435,0.5772228155666658,0.5775532624693311,0.4241222310638122,0.3907510276327473,0.08732063298344712,0.41770312075110966
Janine Lindo,Janine Lindo/The Handmaid's Tale,Outcast-Adventurers,0.13112490243886013,0.06330019221808404,0.14671528189903846,-0.4132994993731028,0.016955580265258452,0.0715221858401236,0.00271977388137698
Nick Blaine,Nick Blaine/The Handmaid's Tale,Outcast-Traditionalist-Heroes,0.23057799979950816,0.3456848652877945,0.41653152409068106,0.16360952360750167,0.0905727456888274,0.22357607109921385,0.2450921215955878
Serena Joy Waterford,Serena Joy Waterford/The Handmaid's Tale,Traditionalist-Demon-Heroes,-0.4284593107956274,-0.33775747887340235,0.0288792557719778,0.035067088688350054,-0.4470802701809208,0.18904913541391657,-0.16005026332928438
Rachel Chu,Rachel Chu/Crazy Rich Asians,Adventurer-Angel-Heroes,0.8392616776944456,0.8681823050581903,0.7505177868485682,0.28392208292039944,0.7670983820182063,0.12493977546902783,0.6056536683348063
Nick Young,Nick Young/Crazy Rich Asians,Sophisticate-Angel-Heroes,0.7441249258922848,0.7498630764569616,0.6637123756750504,0.36912630353500625,0.677796169837586,0.03823634369411243,0.5404765325151669
Eleanor Sung-Young,Eleanor Sung-Young/Crazy Rich Asians,Traditionalist-Demon-Heroes,-0.26312624493195924,-0.15325734331432028,0.17365332788066928,0.09763443996402617,-0.29606371729549574,0.2989463446320779,-0.023702198844166984
Goh Peik Lin,Goh Peik Lin/Crazy Rich Asians,Adventurers,0.2815801318908631,0.27999855156636994,0.2894875809369586,-0.5134218714227591,0.12374326867914916,0.38351679363235985,0.1408174092138236
Astrid Leong-Teo,Astrid Leong-Teo/Crazy Rich Asians,Sophisticate-Angel-Heroes,0.590218211964879,0.6557018329790231,0.6268362008543609,0.2425234854474041,0.5042211840963042,0.25346225854838406,0.4788271956483925
Colin Khoo,Colin Khoo/Crazy Rich Asians,Brute-Diva-Heroes,0.29618324594041273,0.2726840379833137,0.35576446601528705,0.1732138644211693,0.18236317911531322,0.05597757442212765,0.2226977279829373
Phil Coulson,Phil Coulson/Agents of S.H.I.E.L.D.,Angel-Heroes,0.6481348976832969,0.7348475212382065,0.7961943971035726,0.26579942236961385,0.5535817016043203,0.22745198505997197,0.5376683208431637
Melinda May,Melinda May/Agents of S.H.I.E.L.D.,Heroes,0.09671665572929206,0.33849804122675753,0.4755090384544427,-0.03298282987965875,-0.006242951505555387,0.5624772132751863,0.23899586121674407
Daisy 'Skye' Johnson,Daisy 'Skye' Johnson/Agents of S.H.I.E.L.D.,Adventurer-Heroes,0.2947875196430456,0.41360807569251407,0.4846351934728717,-0.5700597087969161,0.06990979889296368,0.7311170027930097,0.23733298028291475
Jemma Simmons,Jemma Simmons/Agents of S.H.I.E.L.D.,Angel-Heroes,0.6374469498015222,0.7332973879727477,0.717050254302098,0.309231252081617,0.579395214593416,0.1743695859840076,0.5251317741225682
Leo Fitz,Leo Fitz/Agents of S.H.I.E.L.D.,Outcast-Angel-Heroes,0.5709975633861711,0.6625316136490208,0.6648560772897831,0.28950041779519714,0.5309321646057532,0.059662542668667946,0.4630800632324323
Alphonso 'Mack' Mackenzie,Alphonso 'Mack' Mackenzie/Agents of S.H.I.E.L.D.,Heroes,0.5887301349809545,0.7201001254297292,0.7772899305823076,0.3106408089330421,0.47648241671095287,0.22490939446736832,0.5163588018507258
Phil,Phil/The Hangover,Adventurer-Demon-Heroes,-0.01769367897940322,0.052369486579925704,0.19239880437598908,-0.5458246160609175,-0.23720790403088451,0.6765705788012354,0.020102111780990823
Stu,Stu/The Hangover,Outcast-Diva-Traditionalists,0.28342328779324455,0.23384294538410552,0.309102553808301,0.6352822897713285,0.33473426166917486,-0.4724246391326466,0.220660116548918
Alan,Alan/The Hangover,Adventurer-Fools,0.04138790711593944,-0.029704055717992395,0.0012118604354026984,-0.49912557611622904,-0.035079652178642284,0.06955453115470836,-0.07529249755113554
Nina Locke,Nina Locke/Locke & Key,Outcast-Angel-Heroes,0.7074634397641172,0.6300088226276006,0.5939348499289409,0.6016721601054493,0.6831172356532554,-0.3384916657928271,0.47961747371442276
Tyler Locke,Tyler Locke/Locke & Key,Brute-Outcast-Heroes,0.6047434131392095,0.6533312662722622,0.7166204816781734,0.16995442955229573,0.43588414354582045,0.21006119430234005,0.46509915474835023
Kinsey Locke,Kinsey Locke/Locke & Key,Adventurer-Heroes,0.19728655234789277,0.3005141190816153,0.41375726967465754,-0.4857703122223634,-0.0053573671043218645,0.6930602646792815,0.18558175440946031
Drew Baylor,Drew Baylor/Elizabethtown,Outcast-Diva-Traditionalists,0.230268449556808,0.26558517632421275,0.33885535606068296,0.4218289284342989,0.2258518294275801,-0.14975557646467033,0.22210569388981874
Claire Colburn,Claire Colburn/Elizabethtown,Adventurers,0.5178965121679547,0.5005172182490063,0.4579608778118629,-0.350817746974687,0.3617360979772702,0.3848261051790052,0.31201984406840205
Joyce Byers,Joyce Byers/Stranger Things,Outcast-Adventurer-Heroes,0.5646735857324262,0.6326823707590882,0.6873672030421313,-0.09128357925103961,0.415922191175039,0.32498416888173953,0.42239099005656405
Jim Hopper,Jim Hopper/Stranger Things,Outcast-Lone Wolf-Heroes,0.24006752760960615,0.36894520200759484,0.583832197506963,-0.10220495121979596,0.0658556158573432,0.4533240367982638,0.2683032714266625
Mike Wheeler,Mike Wheeler/Stranger Things,Outcast-Adventurer-Heroes,0.20951416076369778,0.22987021155072043,0.4114563212565618,-0.23731390910383762,0.07262672375993501,0.29295297114898977,0.16318441322934452
Eleven,Eleven/Stranger Things,Outcast-Adventurer-Heroes,0.25115292678557566,0.4345563928933407,0.4925928022921696,-0.3533331317004925,0.1334602385310351,0.5620941193206659,0.25342055802038244
Dustin Henderson,Dustin Henderson/Stranger Things,Outcast-Adventurer-Angels,0.6658436853673837,0.6381040512464564,0.5918534451647471,-0.05312916060969241,0.5810001638125494,0.0777242904253079,0.416899412567792
Lucas Sinclair,Lucas Sinclair/Stranger Things,Outcast-Angel-Heroes,0.6412201282738298,0.6884658615631915,0.7680949312184538,0.21456738969271377,0.5129284470026048,0.16058465074836817,0.49764356808319365
Nancy Wheeler,Nancy Wheeler/Stranger Things,Heroes,0.5033343891040584,0.5808725336688028,0.6632739319580119,0.14232036921668365,0.38680833570623757,0.36329291492607896,0.43998374576331223
Jonathan Byers,Jonathan Byers/Stranger Things,Geek-Outcast-Angels,0.4000044401427251,0.4795635016234115,0.3988593421588611,0.20016430371831265,0.35167651239064124,0.02140285811055787,0.30861182635741824
Steve Harrington,Steve Harrington/Stranger Things,Brute-Adventurer-Heroes,0.5345068612252979,0.48436590223778264,0.5450872324054142,-0.2299233573220088,0.32650768604056546,0.2560162072675614,0.3194267553091022
Karen Wheeler,Karen Wheeler/Stranger Things,Diva-Adventurer-Demons,-0.25214564126152933,-0.387109286154671,-0.20774040468746957,-0.35091144828741994,-0.38206219387319357,0.10404550359745378,-0.24598724511113826
Will Byers,Will Byers/Stranger Things,Geek-Outcast-Angels,0.5940686242605207,0.591901088935518,0.47579528301544666,0.391574251010248,0.6287269853649347,-0.2820560276151311,0.4000017008285895
Max Mayfield,Max Mayfield/Stranger Things,Lone Wolf-Adventurer-Heroes,0.2065911227196246,0.3562682043238992,0.44638872687705095,-0.5608314465450125,-0.006456992030330425,0.7807734137156876,0.20378883817681992
Erica Sinclair,Erica Sinclair/Stranger Things,Adventurer-Demon-Heroes,-0.1535191781636447,-0.036534147424987125,0.15319557273093226,-0.5967856274024667,-0.2952457238844995,0.7397814072473342,-0.03151794948288857
Billy Hargrove,Billy Hargrove/Stranger Things,Demons,-0.6320294475511371,-0.534748742779936,-0.2797066017135031,-0.7494791370755719,-0.7836960901037114,0.6278042690712287,-0.3919759583587718
Robin Buckley,Robin Buckley/Stranger Things,Lone Wolf-Adventurer-Heroes,0.3188663088159539,0.4571986080631012,0.4304989641530908,-0.5007635726869998,0.12511664602877293,0.7089494296115967,0.2566443973309193
Katniss Everdeen,Katniss Everdeen/The Hunger Games,Lone Wolf-Heroes,0.19210003157488653,0.3971104315210433,0.4912253368312981,-0.3258875739478176,0.042705327340728155,0.6975733258451303,0.2491378131942115
Peeta Mellark,Peeta Mellark/The Hunger Games,Angels,0.8530207507009121,0.7945961946324955,0.666420451949572,0.5958697113701457,0.8546951201169775,-0.36293275591564333,0.5669449121424098
Haymitch Abernathy,Haymitch Abernathy/The Hunger Games,Outcast-Lone Wolf-Demons,-0.24348348682933005,-0.12100078235145827,0.026254975168867548,-0.7119187477781203,-0.460536357957322,0.6849363080120027,-0.13762468195589342
Effie Trinket,Effie Trinket/The Hunger Games,Diva-Adventurers,0.16667554847597496,0.10590301537447763,0.283859998288749,-0.05240407040753955,0.1015345918644255,0.05535272340556145,0.11015363450027482
Coriolanus Snow,Coriolanus Snow/The Hunger Games,Traditionalist-Demon-Heroes,-0.6159310222760116,-0.48331381096221443,-0.14153082782879323,-0.20121233623524215,-0.6455195598592808,0.39820181421011197,-0.2815509571585717
Gale Hawthorne,Gale Hawthorne/The Hunger Games,Brute-Lone Wolf-Heroes,0.2657200716788234,0.36581442824064336,0.5018242040735694,0.017923166057509793,0.12871128834815712,0.3302991633097814,0.26838205361808076
Obi-Wan Kenobi,Obi-Wan Kenobi/Star Wars: Revenge of the Sith,Angel-Heroes,0.7457091070824887,0.8065898081568295,0.8064583223634124,0.4727409662503195,0.6912948614055496,0.06068420985748004,0.5972462125193466
Padme Amidala,Padme Amidala/Star Wars: Revenge of the Sith,Diva-Angel-Heroes,0.7236059824802982,0.7264332316941053,0.730614788844408,0.3199441044067791,0.6380061722462163,0.10596995661347787,0.5407623727142141
Anakin Skywalker,Anakin Skywalker/Star Wars: Revenge of the Sith,Outcast-Adventurer-Demons,-0.4098006195487876,-0.29364952044495607,-0.04368102729311145,-0.7390271522583879,-0.5651533362808155,0.6475190012729891,-0.23396544242551154
Palpatine,Palpatine/Star Wars: Revenge of the Sith,Demon-Heroes,-0.6407940171720171,-0.5035255387412392,-0.1898000806932025,-0.41558709167321284,-0.7019882191851748,0.5451632634482316,-0.31775528066943576
Mace Windu,Mace Windu/Star Wars: Revenge of the Sith,Traditionalist-Heroes,0.19397539892884755,0.3872608992425965,0.5514748389479847,0.2396080658024538,0.1300539890720077,0.31324560311542987,0.30260313251821996
Yoda,Yoda/Star Wars: Revenge of the Sith,Lone Wolf-Angel-Heroes,0.5437528668862938,0.6545804672734736,0.6223249927856176,0.3339074585887043,0.5273386666619523,0.14055153596702036,0.4704093313605103
Leslie Knope,Leslie Knope/Parks and Recreation,Diva-Adventurer-Heroes,0.5779682742282961,0.5958513832607233,0.7268652055340468,0.1305504967419038,0.512073208561392,0.12545832671962662,0.4447944825076648
Ann Perkins,Ann Perkins/Parks and Recreation,Diva-Angel-Heroes,0.8173236861536285,0.7584623916541163,0.7060031334979443,0.5989621407364601,0.7581247518788621,-0.2645612226387779,0.5623858135470389
Mark Brendanawicz,Mark Brendanawicz/Parks and Recreation,Brute-Traditionalists,0.020646717818823164,0.005019743010970459,0.057008611777101294,0.4737894322614192,0.019314796696564163,-0.2446453751180399,0.05518898774113972
Tom Haverford,Tom Haverford/Parks and Recreation,Diva-Adventurer-Demons,-0.12262952238536022,-0.21315898482821155,-0.09670257038395713,-0.5371127658719353,-0.2421526134864494,0.22908002928129048,-0.1637794046124372
Ron Swanson,Ron Swanson/Parks and Recreation,Lone Wolf-Traditionalist-Heroes,-0.007946237046531336,0.18927712418947878,0.3621811799632736,0.029409092129750222,-0.07236134307674269,0.430964125190626,0.15525399022497574
April Ludgate,April Ludgate/Parks and Recreation,Geek-Lone Wolf-Demons,-0.35533629478232454,-0.17940206166369896,-0.10810074297897158,-0.722352354198974,-0.4910578609386306,0.7000243145493616,-0.192704166668873
Jerry Gergich,Jerry Gergich/Parks and Recreation,Angels,0.6153384099107638,0.4612623416853067,0.3187797382521126,0.7231675023093599,0.696178160203574,-0.7540794053424201,0.3434411245031162
Donna Meagle,Donna Meagle/Parks and Recreation,Sophisticate-Adventurer-Heroes,0.04988665589875726,0.11142407624224138,0.20020160410945784,-0.524784140427189,-0.13236568885616157,0.6393057484270444,0.05727804256569171
Ben Wyatt,Ben Wyatt/Parks and Recreation,Traditionalist-Angel-Heroes,0.5622406214917407,0.6077992556653483,0.6109038001805369,0.5979733930318114,0.576897917488767,-0.19307775520597528,0.4604562054420382
Chris Traeger,Chris Traeger/Parks and Recreation,Diva-Angel-Heroes,0.6043902444251119,0.5925672887893594,0.6616519811618496,0.354629035033168,0.584793504652502,-0.10349912598703374,0.4490888213458262
Hester Prynne,Hester Prynne/The Scarlet Letter,Outcast-Lone Wolf-Heroes,0.4411656105470677,0.5291573192455309,0.4789410487928743,-0.06035148346202252,0.29197553450089875,0.37922610017144737,0.34335235496596606
Mr. Darcy,Mr. Darcy/Pride and Prejudice,Traditionalist-Heroes,0.16746526219044053,0.3219027900199473,0.4751159304905962,0.2304856619415152,0.13048501350823147,0.300010268954549,0.2709108211842133
Elizabeth Bennet,Elizabeth Bennet/Pride and Prejudice,Adventurer-Heroes,0.45605993976404274,0.5921506367796749,0.6440529511884655,-0.2337396676213908,0.2996037627053209,0.6631512087937106,0.4035464719349707
Mr. William Collins,Mr. William Collins/Pride and Prejudice,Outcast-Diva-Traditionalists,-0.3779786275764707,-0.43263147081905645,-0.16491822324197955,0.29240325301483033,-0.28830152957849375,-0.414384800926898,-0.2309685665213447
George Wickham,George Wickham/Pride and Prejudice,Demons,-0.654612945566055,-0.7060886421476816,-0.4956110775621597,-0.6244147418014978,-0.7573037179043848,0.31486715835086104,-0.48719399443848627
Charles Bingley,Charles Bingley/Pride and Prejudice,Diva-Angels,0.7363482567581098,0.5944760895011464,0.4755266500431546,0.5355504808961743,0.776152165650849,-0.49123165128514396,0.43780366526071496
Georgiana Darcy,Georgiana Darcy/Pride and Prejudice,Angels,0.7913323647410526,0.7013409156081282,0.559199393308893,0.5378219358898817,0.8351990310454213,-0.33239277466912764,0.5154168109873748
Lydia Bennet,Lydia Bennet/Pride and Prejudice,Adventurer-Demon-Fools,-0.32074652487055627,-0.42544345910528075,-0.2638508799343708,-0.6085381742313309,-0.41364113572285294,0.1800287770151817,-0.30869856614153507
Jane Bennet,Jane Bennet/Pride and Prejudice,Angels,0.7916182546725672,0.7190300977404215,0.5600563429444421,0.752935776406607,0.8558552611903577,-0.4484320787139287,0.5385106090400779
Mrs. Bennet,Mrs. Bennet/Pride and Prejudice,Brute-Diva-Demons,-0.27864841969354237,-0.3853777583325362,-0.012159029241548762,-0.1801698483972814,-0.3393702916468938,-0.03316382327482012,-0.20481486176443708
Lady Catherine de Bourgh,Lady Catherine de Bourgh/Pride and Prejudice,Traditionalist-Demon-Heroes,-0.48708388683408066,-0.402702097686913,-0.004435794814133831,-0.09020175230007813,-0.5221290371048267,0.30726796704046244,-0.1998807669499283
Abbi Abrams,Abbi Abrams/Broad City,Outcast-Adventurer-Angels,0.6137757412743613,0.5611972873924365,0.5001501561073162,0.1995360540946476,0.5267098733224771,-0.1809983112791033,0.37006180015202256
Ilana Wexler,Ilana Wexler/Broad City,Adventurers,-0.004901424804727863,0.005971348694341433,0.0417791771295518,-0.7311601228828954,-0.1842085502042713,0.4905707720656676,-0.06365813333372229
Lincoln Rice,Lincoln Rice/Broad City,Angel-Heroes,0.7677127275534653,0.7840075880039516,0.6224833430628308,0.5893472442496268,0.7375145222219386,-0.22907656218358394,0.5453314771513716
Jadzia Dax,Jadzia Dax/Star Trek: Deep Space Nine,Sophisticate-Adventurer-Heroes,0.5283032468183444,0.6309041643029156,0.6099270213675304,-0.09786335637262128,0.383013611876375,0.45025085576819407,0.4174225906267897
Odo,Odo/Star Trek: Deep Space Nine,Traditionalist-Heroes,0.1620038285785984,0.34341419377985943,0.47218256394302827,0.3215859093137246,0.1605796603379148,0.15611405269390308,0.2693133681078381
Lieutenant Commander Worf,Lieutenant Commander Worf/Star Trek: Deep Space Nine,Brute-Heroes,0.12067464200857045,0.3088853344201721,0.5598621566008669,0.16919895173877247,0.07386990260787042,0.2721285651910053,0.2507699254278763
Nog,Nog/Star Trek: Deep Space Nine,Outcast-Adventurer-Heroes,0.41041619549715164,0.44005486405646976,0.5459339634292613,-0.04190471783729063,0.31008086621985304,0.17633933960807893,0.306820085162254
Quark,Quark/Star Trek: Deep Space Nine,Diva-Demon-Heroes,-0.4156224759038517,-0.383186045084221,-0.08296613859888594,-0.5772830502379542,-0.5849119361246204,0.5723449472280768,-0.24527078312024272
Benjamin Sisko,Benjamin Sisko/Star Trek: Deep Space Nine,Heroes,0.5664549004067909,0.6997891634217908,0.7502007480355233,0.16888103344358782,0.45991399489472656,0.3724439425613027,0.5029472971272869
Elim Garak,Elim Garak/Star Trek: Deep Space Nine,Geek-Demon-Heroes,-0.16082979065806702,-0.016503326911318308,0.16797491300832382,-0.39635732338264607,-0.30845205740172993,0.6596673400396261,-0.00908337421763522
Kira Nerys,Kira Nerys/Star Trek: Deep Space Nine,Heroes,0.26402271073160005,0.42801822125674904,0.6386904638547388,-0.13532517065013341,0.11183857021189687,0.562360901264296,0.3116009494448579
Julian Bashir,Julian Bashir/Star Trek: Deep Space Nine,Diva-Adventurer-Heroes,0.5229497757296553,0.5541457819996742,0.597286226803762,0.08435215768742592,0.4225490616444714,0.19769912584370813,0.3964970216181161
Dukat,Dukat/Star Trek: Deep Space Nine,Demon-Heroes,-0.515888232850739,-0.3668068173966763,0.008673928509760571,-0.3162512898914426,-0.6066329630873227,0.5510172117778775,-0.20764802715642372
Rom,Rom/Star Trek: Deep Space Nine,Outcast-Angel-Fools,0.4640281573250997,0.3445022923557794,0.25383074719180354,0.23731268861684718,0.46601318190871205,-0.4625038086140208,0.21719720979737023
Miles O'Brien,Miles O'Brien/Star Trek: Deep Space Nine,Brute-Angel-Heroes,0.6340383718532107,0.687471686727503,0.7671593113963243,0.4190540106970248,0.5752298612680432,-0.06014816041939144,0.5038008469204523
Jake Sisko,Jake Sisko/Star Trek: Deep Space Nine,Adventurer-Angel-Heroes,0.7544049147264875,0.6945303582678884,0.5835154749892024,0.1128034529509211,0.6682777352591808,0.007324135458742211,0.4701426786087371
Winn Adami,Winn Adami/Star Trek: Deep Space Nine,Diva-Traditionalist-Demons,-0.4686529824291847,-0.409103657690257,-0.03584270219918541,-0.0362121721104717,-0.48216607666344324,0.2316728164497882,-0.20005079577379226
Kasidy Yates,Kasidy Yates/Star Trek: Deep Space Nine,Adventurer-Angel-Heroes,0.7324231936870548,0.7690827483726924,0.7009007095151771,0.13147240091280135,0.6021419456869915,0.28243887888478986,0.5364099795099179
Rapunzel,Rapunzel/Tangled,Adventurer-Angel-Heroes,0.6924374020208371,0.6645179153926319,0.6196001694478362,-0.017460314172219393,0.6326527084234206,0.15125391325586243,0.4571669657280615
Flynn Rider,Flynn Rider/Tangled,Adventurer-Demons,0.052994894605192494,0.08108721225633447,0.1491342487549655,-0.7003930404893669,-0.1768654950501309,0.6690206638506949,0.012496413987948263
Rintarou Okabe,Rintarou Okabe/Steins;Gate,Geek-Adventurer-Heroes,0.06637538605166199,0.1711368753980403,0.2679755007559398,-0.5365204544897165,-0.09121888577986473,0.5684907296479007,0.07437319193066026
Kurisu Makise,Kurisu Makise/Steins;Gate,Heroes,0.2656853208575334,0.45037956733169177,0.5232958590919938,0.12117439473461793,0.20489549661224069,0.41265438198849863,0.3296808367694294
Mayuri Shiina,Mayuri Shiina/Steins;Gate,Adventurer-Angels,0.707933184353235,0.56858269658154,0.41186627874001036,0.3174941630714164,0.727426087486563,-0.4002660894828465,0.38883938679165314
Itaru Hashida,Itaru Hashida/Steins;Gate,Geek-Outcast-Lone Wolves,0.13161700284515604,0.1281029656673703,0.08808352448198782,-0.09426656870042048,0.05035963393328424,-0.04266111185522684,0.04353924106202517
Suzuha Amane,Suzuha Amane/Steins;Gate,Heroes,0.5075029275923364,0.6636687990149244,0.6838996676568327,0.04282305997053704,0.4088593292212763,0.361863116878096,0.4447694833890005
Hazel Grace Lancaster,Hazel Grace Lancaster/The Fault in Our Stars,Outcast-Angel-Heroes,0.6592169457134687,0.7262256847323986,0.6532984302011561,0.34589315472093385,0.6023528207929706,0.0898339294294879,0.5128034942650693
Augustus 'Gus' Waters,Augustus 'Gus' Waters/The Fault in Our Stars,Adventurer-Angel-Heroes,0.6195410048971561,0.6237927692075363,0.5789295278904869,-0.20840831186002642,0.46075041473333367,0.3447679658428364,0.40322889511855387
Patrick Jane,Patrick Jane/The Mentalist,Geek-Adventurer-Heroes,0.1938622356574502,0.2876389411128163,0.37396193826690566,-0.5056689013546576,0.016606339593899122,0.6897359479823909,0.17602275020980077
Teresa Lisbon,Teresa Lisbon/The Mentalist,Heroes,0.46885301978611593,0.6111249895649875,0.7181826735217481,0.3534935189773083,0.40020372901339113,0.23382407097337982,0.46428033363948856
Kimball Cho,Kimball Cho/The Mentalist,Traditionalist-Heroes,0.4050403801495783,0.5723730374699459,0.6160258560155794,0.47750802599028896,0.38154395373504263,0.09608955001590147,0.4247634672293894
Wayne Rigsby,Wayne Rigsby/The Mentalist,Brute-Outcast-Angels,0.6859915147039392,0.6253158141670763,0.7006434643459869,0.6399621235664368,0.6660163827613385,-0.40821933292452606,0.4849516611033753
Grace Van Pelt,Grace Van Pelt/The Mentalist,Angel-Heroes,0.7222114771380199,0.7602405656653402,0.7804436653577627,0.5519793132190238,0.692765619313282,-0.050422413577517415,0.5762030378526519
Red John,Red John/The Mentalist,Demon-Heroes,-0.6333043583474685,-0.46561666358913895,-0.1769713003273305,-0.5273771379171127,-0.7114437745280154,0.6132533136904816,-0.3169099868364308
Lincoln Burrows,Lincoln Burrows/Prison Break,Brute-Lone Wolf-Heroes,0.2476022892064191,0.3875034146617675,0.5134786873458381,-0.08128372823296047,0.09576587273355107,0.3746195699418661,0.25628101760941363
Michael Scofield,Michael Scofield/Prison Break,Heroes,0.39786211548649725,0.5847356531365663,0.607606835663045,0.032188582146816594,0.307395696267899,0.48206609081902096,0.4019758289199742
Veronica Donovan,Veronica Donovan/Prison Break,Angel-Heroes,0.5940971187192327,0.6427049197541309,0.7097146059327362,0.38507595615524093,0.500887364299769,0.11593165171405145,0.4914019360958602
Fernando Sucre,Fernando Sucre/Prison Break,Brute-Adventurer-Angels,0.720707187910641,0.666149790952701,0.6456199831522209,0.0915135018847827,0.5852433030976342,-0.02518535993146676,0.4473414011777522
L.J. Burrows,L.J. Burrows/Prison Break,Outcasts,0.1029808490523753,0.043952290832830455,0.0764144991483779,-0.23164861872391765,0.02732693118572029,-0.02690802698119448,-0.0013136792476346939
Brad Bellick,Brad Bellick/Prison Break,Brute-Outcast-Demons,-0.6736461643559565,-0.6681004010657917,-0.3446179739908022,-0.30449633555141553,-0.7158590875789124,0.10922106739548439,-0.43291648252456555
T-Bag Bagwell,T-Bag Bagwell/Prison Break,Demons,-0.6734865155824097,-0.5923812789261226,-0.3421350327173528,-0.8175271671189291,-0.8049085474118413,0.5892767294160769,-0.4401936353900964
Sara Tancredi,Sara Tancredi/Prison Break,Angel-Heroes,0.7468283256579802,0.7697784874302802,0.7358303078743311,0.42871580212556426,0.6659980855700827,0.012236865661354197,0.5598979790532654
C-Note Franklin,C-Note Franklin/Prison Break,Brute-Outcast-Heroes,0.3434736761476634,0.44735074700002103,0.5990425708028165,-0.0031233744418621917,0.1558754517877063,0.34296350308980145,0.3142637623976911
John Abruzzi,John Abruzzi/Prison Break,Demons,-0.6460922788612153,-0.5270747046784727,-0.18253787079162603,-0.5985211596831627,-0.7830563013432408,0.5784675346280285,-0.3598024634549482
Jack Sparrow,Jack Sparrow/Pirates of the Caribbean,Adventurer-Demons,-0.17627454896244038,-0.1377304258372438,-0.06827777321862413,-0.8363244823029738,-0.35144915391080606,0.6535446268929339,-0.15275195955652568
Hector Barbossa,Hector Barbossa/Pirates of the Caribbean,Demon-Heroes,-0.4525083227031443,-0.3142446765268373,-0.04779862253107843,-0.7072582551360508,-0.6277379120020443,0.7820384052453845,-0.22791823060896177
Joshamee Gibbs,Joshamee Gibbs/Pirates of the Caribbean,Brute-Outcast-Lone Wolves,0.4229939137145088,0.41932585807835415,0.45536147491147677,0.14204652158372344,0.3031721950295584,-0.06678841693288315,0.27935192439745643
Will Turner,Will Turner/Pirates of the Caribbean,Outcast-Adventurer-Heroes,0.6466614092216442,0.7031240434564954,0.7821864332379611,0.03465610807941994,0.49638824939527143,0.28896399255417105,0.49199670599082723
Elizabeth Swann,Elizabeth Swann/Pirates of the Caribbean,Adventurer-Heroes,0.3070721896128006,0.4290096796005222,0.5493554330018382,-0.3103812339549599,0.13396020464647598,0.6981924354430655,0.3012014513916238
James Norrington,James Norrington/Pirates of the Caribbean,Diva-Traditionalist-Heroes,-0.24601006497373834,-0.22741782862798293,0.07361308165069748,0.3622623509787649,-0.20982037778784432,-0.12782255048053223,-0.06253256487343924
Snow White,Snow White/Snow White and the Seven Dwarfs,Angels,0.7332074569376796,0.6006529394849538,0.46729799642980485,0.5399248855210059,0.7918668314597266,-0.4492820463450562,0.44727801058135236
The Queen,The Queen/Snow White and the Seven Dwarfs,Demon-Heroes,-0.6273423535264584,-0.481577869567552,-0.14813265947465976,-0.5047808387836331,-0.7241562726912133,0.6216253312845518,-0.3107274437931608
Doc,Doc/Snow White and the Seven Dwarfs,Angels,0.8131128239638188,0.7647498777029087,0.674786985551106,0.7017987865287769,0.8488714879485751,-0.3769464415908737,0.5710622533507187
Jonathan 'Gabe' Gabriel,Jonathan 'Gabe' Gabriel/Penny Arcade,Outcast-Adventurer-Demons,-0.23884634987747555,-0.2800628445637868,-0.14090742564951403,-0.7125479665929284,-0.37254657930107016,0.3310957784311006,-0.23563589792561238
Tycho Brahe,Tycho Brahe/Penny Arcade,Geek-Demon-Heroes,-0.2695280888519572,-0.11795748341652976,0.07204099745640592,-0.26699761501209174,-0.3464409564147635,0.43294328805733373,-0.08265664303026711
Vincent Vega,Vincent Vega/Pulp Fiction,Adventurer-Demon-Heroes,0.027923038912742337,0.14727187254701837,0.3111244958172081,-0.3382924283042162,-0.19521527697049693,0.47538089192801797,0.07136543232171227
Jules Winnfield,Jules Winnfield/Pulp Fiction,Heroes,0.12308658879326045,0.32547321516090266,0.5209290757725922,-0.17133102658923297,-0.015521696093671442,0.6452170555136283,0.23797553542624653
Mia Wallace,Mia Wallace/Pulp Fiction,Adventurer-Demon-Heroes,-0.11929977029621856,-0.037048736626168255,0.05215403975782961,-0.7269049853425773,-0.31711910793420406,0.7121555267170755,-0.07267717228737719
Ringo,Ringo/Pulp Fiction,Outcast-Adventurer-Demons,-0.5030093473974792,-0.4929184196544744,-0.28193027312334934,-0.7721562923974293,-0.6465377436294046,0.435337349547697,-0.3768691211090733
Marsellus Wallace,Marsellus Wallace/Pulp Fiction,Demon-Heroes,-0.321213283124467,-0.12079594832386477,0.13575709710686518,-0.3814470133051168,-0.45757223703331357,0.7043819004962649,-0.07348158069727201
Butch Coolidge,Butch Coolidge/Pulp Fiction,Lone Wolf-Demon-Heroes,-0.10191792845238233,0.06723693256412605,0.2932677943175675,-0.4307960736903832,-0.2818401081607522,0.6723132837794897,0.036377316726277587
Jennifer Check,Jennifer Check/Jennifer's Body,Adventurer-Demon-Heroes,-0.33832178989509526,-0.23604895002683737,-0.07698724482013042,-0.7529978458587565,-0.5082199135902786,0.7302823563358717,-0.19704889797587102
Anita 'Needy' Lesnicki,Anita 'Needy' Lesnicki/Jennifer's Body,Outcast-Traditionalist-Angels,0.5663958550771877,0.5729173584281756,0.5246974922050142,0.6315638785371733,0.6022229526801862,-0.320647550357943,0.4295249977616324
Chip Dove,Chip Dove/Jennifer's Body,Outcast-Angel-Fools,0.4434341303038259,0.30397802023599646,0.19194243708755845,0.5442711170280963,0.49604258981279065,-0.6377188493801788,0.22365824084801486
Destiny,Destiny/Hustlers,Adventurer-Angel-Heroes,0.5657949675349455,0.5399648169174511,0.46684231217797756,-0.015893349615124792,0.4069968227207667,0.10513607853571581,0.34480694137862195
Ramona Vega,Ramona Vega/Hustlers,Adventurer-Demon-Heroes,-0.0904997264670941,0.03676990005680282,0.19040866864836004,-0.58323262828616,-0.2923354195746953,0.7824583167501552,0.00726151852122812
Elizabeth,Elizabeth/Hustlers,Traditionalist-Angel-Heroes,0.3171586013349628,0.3599696146086181,0.4159277429739756,0.6242776193906734,0.3481584558049278,-0.150967737748428,0.319087382727455
Frank Abagnale,Frank Abagnale/Catch Me If You Can,Adventurer-Demon-Heroes,-0.02553329361554248,0.038555896983515185,0.13780075800073605,-0.6267066358604164,-0.21249712614795407,0.7257107573433803,0.006221726117286441
Carl Hanratty,Carl Hanratty/Catch Me If You Can,Traditionalist-Heroes,0.3535410553141023,0.4653037585370218,0.6262828731830751,0.5131524501845739,0.3330081572875719,0.034435886627974595,0.3876206968557199
Ash Ketchum,Ash Ketchum/Pokémon,Adventurer-Angels,0.5447485729785634,0.5126579157059682,0.541611620678859,-0.1144453294894391,0.4749871506932921,0.12371833101259795,0.34721304359664024
Misty,Misty/Pokémon,Diva-Adventurer-Heroes,0.32492213408203185,0.3594125449978007,0.5704937869013569,-0.23757292295593122,0.19172643577440848,0.418385304823319,0.27122788060383096
Brock,Brock/Pokémon,Brute-Adventurer-Angels,0.7623172081931969,0.7233336858383277,0.666289283622636,0.29150485892080996,0.6647627843793822,-0.14464265328219625,0.49392752794535943
Professor Oak,Professor Oak/Pokémon,Angel-Heroes,0.6119174679796097,0.6646339062951574,0.6542577864888973,0.5097041425577277,0.597571439356001,-0.046775423663904796,0.4985515531689147
Jessie,Jessie/Pokémon,Adventurer-Demon-Heroes,-0.3755503913994043,-0.2896009492702767,-0.03040266147066449,-0.7380433463417002,-0.5449645739806824,0.6817471608786094,-0.2161357935973531
Prince Hamlet,Prince Hamlet/Hamlet,Geek-Outcast-Demons,-0.3073579529130054,-0.22967385245886315,-0.012836335378947343,-0.5409686700344377,-0.4302547469685802,0.4718813955302917,-0.17486836037059036
Queen Gertrude,Queen Gertrude/Hamlet,Diva-Traditionalists,-0.25807240405464993,-0.32021668085389726,-0.10182100922800534,0.28313633020562934,-0.27837908230032,-0.20041403232711955,-0.14596114642639377
King Claudius,King Claudius/Hamlet,Demons,-0.7068009802817758,-0.6410127259131405,-0.2685397673204383,-0.3389644188184946,-0.7804598215707076,0.364732838338765,-0.39517414592763195
Polonius,Polonius/Hamlet,Diva-Traditionalist-Demons,-0.4758224437110437,-0.49874768527309304,-0.1399194392332395,0.09980468204251197,-0.4761650528145784,-0.12092039712715494,-0.2686283893527663
Ophelia,Ophelia/Hamlet,Outcast-Adventurer-Angels,0.4136921692775802,0.354295015095151,0.32076698750042687,0.050291233241979615,0.3677318300438776,-0.15183118503664375,0.22582434168706192
Horatio,Horatio/Hamlet,Outcast-Angel-Heroes,0.80589614841724,0.834249359126888,0.7682555271098139,0.44891382084053816,0.7244592452365546,-0.11357452179752212,0.5780332631555855
Serena van der Woodsen,Serena van der Woodsen/Gossip Girl,Diva-Adventurer-Demons,-0.017887976385663553,-0.07997438384025943,0.005382677394479801,-0.533611133628607,-0.18912307600925016,0.41069524262138374,-0.06741977497465276
Blair Waldorf,Blair Waldorf/Gossip Girl,Diva-Demon-Heroes,-0.17384363026216126,-0.0856621258046883,0.2176733778450963,-0.28861735644845754,-0.29245058181199673,0.5566116793762164,-0.011048106184331866
Dan Humphrey,Dan Humphrey/Gossip Girl,Geek-Outcast-Traditionalists,-0.10874553040244528,-0.11390900878663794,-0.0007833934168014262,0.04560835811296963,-0.147187126517372,-0.015170145133737996,-0.056697807690670836
Nate Archibald,Nate Archibald/Gossip Girl,Brute-Diva-Angels,0.4842086899763457,0.3889014063301594,0.39548510123926534,0.3322213657482425,0.39101975837172437,-0.14868763478840977,0.3071914478128879
Chuck Bass,Chuck Bass/Gossip Girl,Demon-Heroes,-0.4424499261583037,-0.30267674006071177,-0.002901650951670467,-0.6013903861288078,-0.6239555275276566,0.7430045442226948,-0.20506161443407592
Lily van der Woodsen,Lily van der Woodsen/Gossip Girl,Sophisticate-Diva-Heroes,-0.09989052100191999,-0.07229861485640945,0.18426322849227794,0.010014632599477866,-0.20253454595630616,0.32912449289417783,0.02477977869521634
Rufus Humphrey,Rufus Humphrey/Gossip Girl,Outcast-Angels,0.6283222050973871,0.5691407065021418,0.4969691362499102,0.26213982885526993,0.5240340711469508,-0.09838992665183714,0.3970360035333038
Jenny Humphrey,Jenny Humphrey/Gossip Girl,Adventurer-Demons,-0.5106279018762407,-0.47201884931897076,-0.33112161492019704,-0.8056688533333721,-0.6429407546106984,0.5399139727543564,-0.3704106668841871
Vanessa Abrams,Vanessa Abrams/Gossip Girl,Outcast-Demons,-0.2190601752355395,-0.1969611233564707,-0.057894169327824783,-0.48253764356177453,-0.3720396034098758,0.4123740286097034,-0.15268644771363032
Dorota Kishlovsky,Dorota Kishlovsky/Gossip Girl,Angel-Heroes,0.7722145351406775,0.7890717675860713,0.7538416006726458,0.5857148149971321,0.7470048195148129,-0.19794923725941146,0.5749830501086547
John Carter,John Carter/ER,Diva-Angel-Heroes,0.6919193049744762,0.7121220345323102,0.7633086399410062,0.27437799712847016,0.6051644499973272,0.0945403009166161,0.5235721212483676
Kerry Weaver,Kerry Weaver/ER,Traditionalist-Heroes,-0.004726473595630027,0.17811070447975424,0.40202374676861863,0.16362602725404435,-0.0428811508518666,0.33062498430439347,0.17112963972655235
Chuny Marquez,Chuny Marquez/ER,Adventurer-Angel-Heroes,0.7465590421244723,0.7534575438618212,0.7131117549403054,0.19948816705704348,0.6173126243415835,0.11548362198678504,0.5242354590520019
Malik McGrath,Malik McGrath/ER,Adventurer-Angel-Heroes,0.8140595784301626,0.8324846106119713,0.7151481836869638,0.3597347593910757,0.7364065390832132,-0.0980192344211612,0.5599690727970377
Abby Lockhart,Abby Lockhart/ER,Heroes,0.567942665866883,0.6789763779470983,0.7310878513133469,0.1108797529357556,0.4131340556476752,0.37694972546074634,0.47982840486191763
Luka Kovac,Luka Kovac/ER,Heroes,0.47831695736224683,0.6057524262176422,0.6710859967979494,-0.04944689824770992,0.29519311812627147,0.4975848534287022,0.416414408947517
Mark Zuckerberg,Mark Zuckerberg/The Social Network,Geek-Demon-Heroes,-0.5320167806764186,-0.3690417777866102,-0.1300291546616847,-0.3985553671551062,-0.5697751824215529,0.5142841371142738,-0.2475223542645165
Eduardo Saverin,Eduardo Saverin/The Social Network,Angel-Heroes,0.6016029596239844,0.6707688616575156,0.7178684623009852,0.39814176365051845,0.522390421059207,0.06130302876664126,0.4953459161764752
Sean Parker,Sean Parker/The Social Network,Diva-Adventurer-Demons,-0.5457569135329621,-0.5148348017052213,-0.30152418482204724,-0.7389384795826419,-0.6825774711780422,0.5713683924468355,-0.3687105763956798
Tyler Winklevoss,Tyler Winklevoss/The Social Network,Diva-Traditionalist-Demons,-0.39723866364566957,-0.3421921260905742,0.031406858637865374,0.0391945026199394,-0.41774982554649615,0.15818724899006067,-0.15473200083914573
Divya Narendra,Divya Narendra/The Social Network,Diva-Traditionalist-Demons,-0.32562145605058546,-0.3004864314983879,0.02284756018504628,0.04117817169548044,-0.3645205768767574,0.043969849961808,-0.147105480430566
Christy Lee,Christy Lee/The Social Network,Diva-Adventurer-Demons,-0.3336516691134177,-0.36798313409558836,-0.1601219048819967,-0.5278097978328499,-0.4850628247260845,0.34219856782907065,-0.25540512713681107
Tallahassee,Tallahassee/Zombieland,Lone Wolf-Adventurer-Demons,-0.14833320803431735,-0.012507742598735447,0.22832781149899367,-0.6626274644887049,-0.33690095724428853,0.748053369773186,-0.030664698515644406
Columbus,Columbus/Zombieland,Outcast-Traditionalist-Angels,0.49595574320001135,0.48029430932518347,0.4533088680087472,0.589074166786671,0.5264038809810988,-0.38266222855943516,0.3603957899570462
Wichita,Wichita/Zombieland,Demon-Heroes,-0.04358402315533896,0.15139807783073667,0.2919721309822589,-0.5049596966686871,-0.24167627427906635,0.8628671120806449,0.08600288779842467
Charlie Kelmeckis,Charlie Kelmeckis/The Perks of Being a Wallflower,Geek-Outcast-Angels,0.6027112295397409,0.5952417198628526,0.4492037289213748,0.49125872003737786,0.6253988359327217,-0.3296680604136858,0.40569102898006365
Sam Button,Sam Button/The Perks of Being a Wallflower,Adventurer-Angel-Heroes,0.6257951121418336,0.6844206535408968,0.6018055326969153,-0.160083149651045,0.44886877081381205,0.47868183845322987,0.4465814596659404
Patrick Stewart,Patrick Stewart/The Perks of Being a Wallflower,Adventurers,0.31691736371756535,0.3242607314683852,0.3101555557216426,-0.5311231548422707,0.12516625397277228,0.4650163084214622,0.1683988430765928
Jeff Winger,Jeff Winger/Community,Demon-Heroes,-0.42625803651239835,-0.3642366642012672,-0.11141458254555006,-0.5608639624093812,-0.614256326603272,0.6473660827336972,-0.23827724825636198
Britta Perry,Britta Perry/Community,Outcast-Adventurer-Demons,-0.1886157677408987,-0.16808461393837348,-0.008660140981886132,-0.6851783084339498,-0.39413205425452413,0.5169941734186168,-0.1546127853218359
Abed Nadir,Abed Nadir/Community,Geek-Heroes,0.3642532365674577,0.5227539123358407,0.49753815482443914,-0.0004946303620994521,0.3594824342803011,0.2571743865684639,0.3334512490357338
Troy Barnes,Troy Barnes/Community,Adventurers,0.49857178089183674,0.41424593736115445,0.35253433100742027,-0.16991064185770371,0.4186841495722979,-0.024797879324637128,0.24822127960839477
Annie Edison,Annie Edison/Community,Diva-Angel-Heroes,0.4488190087454887,0.42473023235582,0.57765945731037,0.46420653299949455,0.4596622842882475,-0.18655652191737218,0.3647534989636747
Shirley Bennett,Shirley Bennett/Community,Diva-Angel-Heroes,0.5440431326303672,0.4505431339902891,0.6144436373256729,0.4584843803495628,0.5261894876063246,-0.2105121954211015,0.3971985960801858
Pierce Hawthorne,Pierce Hawthorne/Community,Demons,-0.6735890633254203,-0.7138144446127694,-0.38605661901143706,-0.5342687371948832,-0.7450909815605326,0.2203747375369946,-0.4720741846946747
Craig Pelton,Craig Pelton/Community,Diva-Adventurers,0.08266560683918055,-0.028372992760852728,0.04199669217179306,-0.2910980900483722,0.002983388717714416,-0.06284853061306701,-0.04244565428226732
Ben Chang,Ben Chang/Community,Adventurer-Demons,-0.5599283111656217,-0.5518515284585332,-0.352570814210599,-0.805119712465307,-0.6716268527794902,0.42361065166876866,-0.4195810945684637
Ian Duncan,Ian Duncan/Community,Outcast-Demon-Fools,-0.45820020646974635,-0.5222608307279879,-0.3735557082151099,-0.4396971034098211,-0.5328063105294969,0.05568131330488087,-0.37847314100788015
Patrizia Reggiani,Patrizia Reggiani/House of Gucci,Adventurer-Demon-Heroes,-0.3703077616440507,-0.27157471959984164,0.012925037852593219,-0.668961428281969,-0.545955768340507,0.7250377825309544,-0.1864728095804701
Maurizio Gucci,Maurizio Gucci/House of Gucci,Diva-Traditionalist-Heroes,0.0004792747130226352,0.03706687812418212,0.13536461174265166,0.4500425261064726,0.027104709637085878,-0.12234801879543752,0.08795166358799622
Nick Stokes,Nick Stokes/CSI: Crime Scene Investigation,Brute-Adventurer-Heroes,0.5259524305404696,0.60841299454559,0.7367031629265245,-0.009288961325873436,0.35869350673424355,0.38246798261463505,0.43382351933926483
Greg Sanders,Greg Sanders/CSI: Crime Scene Investigation,Adventurer-Angel-Heroes,0.5970788587861562,0.6261465390962909,0.5749057792542406,-0.001916504390659948,0.4893463796704685,0.135923774186882,0.40358080443389643
Al Robbins,Al Robbins/CSI: Crime Scene Investigation,Angel-Heroes,0.6421245637468036,0.7369757299185666,0.6886470258945652,0.45547468481786857,0.6044114145569466,0.04769814721692329,0.5292219276919458
Captain Jim Brass,Captain Jim Brass/CSI: Crime Scene Investigation,Brute-Traditionalist-Heroes,0.21270760463785923,0.3313636404838314,0.5499134729820089,0.37815013467991676,0.15363774221206478,0.13599483702033696,0.29362790533600297
Sara Sidle,Sara Sidle/CSI: Crime Scene Investigation,Heroes,0.3919066323905145,0.5798341294463283,0.6907576205017956,0.10450266508750367,0.2802955525247115,0.4525172902542575,0.4166356483675185
David Phillips,David Phillips/CSI: Crime Scene Investigation,Traditionalist-Angel-Heroes,0.5320661404878246,0.5624651988498952,0.5561262231992167,0.6532819493711151,0.5688699409469925,-0.32369466992963725,0.4248524638209012
Hannah Horvath,Hannah Horvath/Girls,Outcast-Adventurer-Demons,-0.3766289721489708,-0.42429791644018083,-0.27546854248003455,-0.6413848979810478,-0.4945319449117815,0.26449241498008425,-0.3246366431636552
Marnie Michaels,Marnie Michaels/Girls,Divas,-0.2049898637300381,-0.25648614093209804,0.04475896828576487,0.16325792959414293,-0.21235381293861338,-0.068375763844494,-0.08903144726088928
Jessa Johansson,Jessa Johansson/Girls,Adventurer-Demons,-0.2995908584464331,-0.23921770462526012,-0.1725061248877774,-0.8770627903768097,-0.4973708461563967,0.7129597374956491,-0.22879809783283797
Shoshanna Shapiro,Shoshanna Shapiro/Girls,Divas,0.3855098871635203,0.320945825322088,0.4733865950068575,0.3283742316253491,0.40763266001637993,-0.21518180687855853,0.2834445653759394
Adam Sackler,Adam Sackler/Girls,Outcast-Adventurer-Demons,-0.2068564705192094,-0.07813915532146971,0.022104049867537178,-0.7250688027146945,-0.38335933327024985,0.6453172390610435,-0.12100041214950714
Ray Ploshansky,Ray Ploshansky/Girls,Outcast-Traditionalist-Heroes,0.07377438672750483,0.1397418170751492,0.2550626900183176,0.25165180844517143,0.03205833745403411,-0.021291859375753244,0.1218328633907373
Elisa Esposito,Elisa Esposito/The Shape of Water,Adventurer-Angel-Heroes,0.6854048370422491,0.7420682272173705,0.618234568081674,0.035488329261725605,0.5755124529314635,0.22862169518051687,0.4808883516191665
The Amphibian Man,The Amphibian Man/The Shape of Water,Lone Wolf-Adventurer-Heroes,0.5145265421755401,0.6254903796877961,0.47823169988441017,-0.10288255708478829,0.42178066478541626,0.281104734784991,0.3697085773722275
T-800,T-800/Terminator 2: Judgement Day,Lone Wolf-Traditionalist-Heroes,0.040802465493956885,0.2879382196438011,0.43006141009843707,0.0472549467968141,0.003686864893713494,0.35566610216974903,0.19423500151607861
Sarah Connor,Sarah Connor/Terminator 2: Judgement Day,Lone Wolf-Demon-Heroes,0.020917120707570833,0.2456806742947031,0.4364861822509254,-0.34864743495002204,-0.13181828651780622,0.7068583410976695,0.15491276614717345
John Connor,John Connor/Terminator 2: Judgement Day,Outcast-Adventurer-Heroes,0.2608627944762451,0.3430810007753718,0.40595503441245495,-0.5519237047004381,0.06419496146938393,0.5854320971263968,0.1846003639265691
Ender Wiggin,Ender Wiggin/Ender's Game,Geek-Heroes,0.3411359657774216,0.5407128118874035,0.5649295663989092,-0.0005413790795458867,0.2839636931569701,0.4486286098492095,0.3631382113317281
Colonel Graff,Colonel Graff/Ender's Game,Traditionalist-Demon-Heroes,-0.2866200728326969,-0.09595576854135426,0.2306927161150797,-0.11175014218756209,-0.37059452517244856,0.4955973327933075,-0.023105076637612437
Petra Arkanian,Petra Arkanian/Ender's Game,Heroes,0.5802801471359184,0.7342260718843412,0.7676888359513816,0.2452928140714611,0.49697193155672725,0.30022618101160636,0.5207809969352393
Valentine Wiggin,Valentine Wiggin/Ender's Game,Angel-Heroes,0.7934977834940223,0.7943478519850815,0.7062598344459977,0.44844938281597724,0.7540511361381368,-0.031028511204410032,0.5775962462791343
Peter Wiggin,Peter Wiggin/Ender's Game,Demons,-0.7001158832144158,-0.5762791445554939,-0.24089344457205789,-0.6398061158465981,-0.8088135028975312,0.6126534221261865,-0.3922091114933184
Bean,Bean/Ender's Game,Outcast-Angel-Heroes,0.5996402837016672,0.7166760545719855,0.6980974579634159,0.1288985196207215,0.5358636812870942,0.16795592230252815,0.47452198657456873
Norman Bates,Norman Bates/Psycho,Geek-Outcast-Demons,-0.3820512552280617,-0.2559920257339346,-0.057180067204369495,-0.21809454761135402,-0.3995614835482773,0.21653725478413668,-0.18272368742364342
Marion Crane,Marion Crane/Psycho,Diva-Heroes,0.1698115235669029,0.1644775744887109,0.27891763574972434,-0.08327673299556103,0.0336173643074322,0.3436690599604264,0.1512027375129393
Lila Crane,Lila Crane/Psycho,Diva-Angel-Heroes,0.5943684643898095,0.585183853471678,0.677494113931579,0.5048175021520022,0.5472216099671864,-0.07914087059364155,0.47165744555310235
Pat Solitano,Pat Solitano/Silver Linings Playbook,Outcast-Adventurer-Demons,-0.023791451760781523,0.02281672515918696,0.28520386662156944,-0.43368290831838197,-0.19043819347223465,0.3299430501072962,-0.001658151943890925
Tiffany Maxwell,Tiffany Maxwell/Silver Linings Playbook,Adventurer-Demon-Heroes,-0.08698080071685355,0.03838552911492638,0.19604826400488587,-0.7610886786998315,-0.31251072876552277,0.7670003512615914,-0.0265243439668007
Bob Belcher,Bob Belcher/Bob's Burgers,Outcasts,0.3438694597029188,0.33717245494460674,0.381708769870409,0.27546541377880907,0.28903699659957377,-0.16308107077764483,0.24402867068644543
Linda Belcher,Linda Belcher/Bob's Burgers,Adventurers,0.48503659094589424,0.40187310996718223,0.4472693129955538,-0.20883005365414117,0.35289158340482646,0.1225806711259981,0.2668035357975523
Tina Belcher,Tina Belcher/Bob's Burgers,Geek-Outcast-Angels,0.3114228372469149,0.2824220757562156,0.22314660641614437,0.13611375204124776,0.27662407017899554,-0.2769726003824826,0.1587927902095059
Gene Belcher,Gene Belcher/Bob's Burgers,Adventurer-Fools,0.15865576465159859,0.08391794436361769,0.06271283914934864,-0.4473569559695487,0.07913087226573626,0.06882218765958213,0.000980442020055763
Louise Belcher,Louise Belcher/Bob's Burgers,Adventurer-Demon-Heroes,-0.28445524263866584,-0.140730042652189,0.029087420330182353,-0.8155782629442482,-0.4393672977279509,0.8103142518590699,-0.1401215289623003
Marty Byrde,Marty Byrde/Ozark,Traditionalist-Heroes,0.09584744833314181,0.25790519859599836,0.39814175516215833,0.10115022845304548,0.0019750159143654606,0.3719210214654535,0.20449011132069383
Wendy Byrde,Wendy Byrde/Ozark,Demon-Heroes,-0.23999411256953143,-0.10094003978211022,0.17069904728011803,-0.3345307870599612,-0.39295763971645103,0.6630058754019013,-0.03911960940767243
Charlotte Byrde,Charlotte Byrde/Ozark,Outcast-Diva-Heroes,0.15422061637896803,0.20037923881359465,0.3282383717881765,-0.26547309204604264,-0.038587595857639476,0.48964265839066984,0.14473669957795446
Jonah Byrde,Jonah Byrde/Ozark,Geek-Outcast-Heroes,0.36199924529879324,0.5181659210236017,0.5370008246701554,0.06761825470885266,0.307143031983226,0.29308652365724014,0.34750230022364487
Ruth Langmore,Ruth Langmore/Ozark,Lone Wolf-Demon-Heroes,-0.1266648604811187,0.06474901212536148,0.2717649022819576,-0.5652616831039572,-0.30436470509885,0.7479607822706446,0.014697241332339628
Rachel Garrison,Rachel Garrison/Ozark,Outcasts,0.026055478764185444,0.019820628792999843,0.06626294797518448,-0.13945311847196937,-0.11876373799254386,0.131871481199055,-0.002367719955514741
Roy Petty,Roy Petty/Ozark,Demons,-0.6766919263355978,-0.5766796111358572,-0.25401643672132307,-0.4438757019768331,-0.7605991295609523,0.4246431799698705,-0.38120327096011547
Jacob Snell,Jacob Snell/Ozark,Lone Wolf-Demon-Heroes,-0.3751509237017585,-0.2271119665161792,0.09198855222304449,-0.3013030393431894,-0.4782040300356706,0.49781921135975543,-0.13199369933566626
Darlene Snell,Darlene Snell/Ozark,Demons,-0.5867563274928019,-0.4606561319144319,-0.12916785576399498,-0.6061471471734564,-0.6954295686068191,0.5693943241886329,-0.3181271177938119
Wyatt Langmore,Wyatt Langmore/Ozark,Outcasts,0.16935664954135762,0.1678524045141598,0.09402093475574524,-0.0963057281033784,0.10262089310700967,-0.05142392785648068,0.06435353765973555
Juliana Crain,Juliana Crain/The Man in the High Castle,Heroes,0.4273414248840496,0.5507046158070993,0.5934021482810117,-0.2305344040095918,0.24818798745572831,0.6051228290784169,0.3657041002494523
Inspector Kido,Inspector Kido/The Man in the High Castle,Traditionalist-Demon-Heroes,-0.2092613103378811,-0.024041096639916555,0.2509059605371108,0.19800529707601663,-0.20845055312655622,0.2248118029294213,0.03866168340636581
John Smith,John Smith/The Man in the High Castle,Traditionalist-Demon-Heroes,-0.2463259925181191,-0.08702261871254993,0.2459225235305157,0.06408841566011854,-0.29219302353212667,0.33883265732897966,0.003883660292803024
Nathaniel 'Hawkeye' Poe,Nathaniel 'Hawkeye' Poe/The Last of the Mohicans,Lone Wolf-Heroes,0.40797903363320515,0.5866922206263286,0.6462751676108409,-0.05988939872015343,0.2823299849679928,0.5186974514133645,0.3970140765885964
Cora Munro,Cora Munro/The Last of the Mohicans,Angel-Heroes,0.6462539035358755,0.6816039741110693,0.7369735306461309,0.23769862107724363,0.5466886235002428,0.21766630839364914,0.5111474935440353
Patty Hewes,Patty Hewes/Damages,Demon-Heroes,-0.33035782030699173,-0.1348038391355654,0.1476682364130582,-0.3189156265734557,-0.4355318677186111,0.6755408578800339,-0.06606667657358863
Ellen Parsons,Ellen Parsons/Damages,Heroes,0.4331726674518132,0.53225257453069,0.5880138448243905,0.2826650918762291,0.36333559718889735,0.1938957424765989,0.39888925305810313
Tom Shayes,Tom Shayes/Damages,Diva-Traditionalist-Heroes,0.005482598412663129,0.08333146271789701,0.3020342370450515,0.31839991288092495,-0.04530787029803422,0.05959021788049465,0.12058842643983285
Homer Simpson,Homer Simpson/The Simpsons,Brute-Adventurer-Fools,-0.1450193872004437,-0.2605714452884315,-0.16756075235549434,-0.4282397742967441,-0.22028539306621683,-0.028728799458821005,-0.2084009252776919
Bart Simpson,Bart Simpson/The Simpsons,Adventurer-Demons,-0.31798199442910186,-0.2972679561748693,-0.1675812766416352,-0.824560617375442,-0.47039391879108683,0.5471767275878516,-0.25510150597071396
Marge Simpson,Marge Simpson/The Simpsons,Angel-Heroes,0.7976993873158774,0.7492497854888533,0.7475112826698962,0.6121198404396319,0.7651572613044878,-0.22743557531201877,0.574050330317788
Lisa Simpson,Lisa Simpson/The Simpsons,Angel-Heroes,0.5376688508905295,0.6360955888862583,0.6587105118236204,0.27866966466260995,0.5020113584665633,0.2193153806315152,0.47207855922684944
Apu Nahasapeemapetilon,Apu Nahasapeemapetilon/The Simpsons,Brute-Diva-Angels,0.5987586856130213,0.5196707692699478,0.5406419034374156,0.5502949281627063,0.5764021504692465,-0.3418654290124889,0.40731716798997475
Mr. Burns,Mr. Burns/The Simpsons,Traditionalist-Demons,-0.704706987154597,-0.5903344471333981,-0.24978203486377762,-0.3479493032108514,-0.7409112796151014,0.42543790185804625,-0.3680410250199466
Ned Flanders,Ned Flanders/The Simpsons,Diva-Angels,0.6286829255080458,0.5332445288280001,0.5811176160437331,0.7848342738479762,0.7149879239672392,-0.5506706580364469,0.4486994350264246
Milhouse Van Houten,Milhouse Van Houten/The Simpsons,Outcast-Diva-Angels,0.3399392024293299,0.21948122332045572,0.16520757410064138,0.5976133023470342,0.43167356177607197,-0.7118649598671449,0.17367498401773138
Moe Szyslak,Moe Szyslak/The Simpsons,Outcast-Demons,-0.5005237261809818,-0.4737342713935966,-0.2935098689712461,-0.3994458415756361,-0.6010715218466156,0.16198594310114472,-0.3510498811444886
Nelson Muntz,Nelson Muntz/The Simpsons,Outcast-Demon-Fools,-0.5761242986388646,-0.5449858994883405,-0.3320919969404816,-0.6461758486638981,-0.6715116372456811,0.36677366296537856,-0.40068600300198126
Krusty the Clown,Krusty the Clown/The Simpsons,Adventurer-Demon-Fools,-0.6211069243510243,-0.6318866725984645,-0.43208620412521626,-0.7736488737241275,-0.7353917711239844,0.3850508671183568,-0.4681782631340767
Edna Krabappel,Edna Krabappel/The Simpsons,Outcast-Traditionalist-Demons,-0.43538181528309355,-0.41886531554254575,-0.16708277839797528,-0.2545476494903991,-0.5782146347879219,0.23022431740173355,-0.2706446460167003
Waylon Smithers,Waylon Smithers/The Simpsons,Diva-Traditionalist-Angels,0.38262891211508593,0.3504825277735275,0.35892459522334486,0.7099778198354811,0.4411181888920167,-0.4980922798915925,0.2908399606579773
Barney Gumble,Barney Gumble/The Simpsons,Outcast-Fools,-0.17746937737701743,-0.2617658874258989,-0.2781463034891221,-0.24890220724548293,-0.2155569073390933,-0.19408151667729465,-0.22932036659231822
Principal Skinner,Principal Skinner/The Simpsons,Outcast-Diva-Traditionalists,-0.18104987149422136,-0.22401650589167424,0.05089662716995058,0.4442554152233195,-0.13396191295742363,-0.36866517607952337,-0.06875690400492875
Eric Murphy,Eric Murphy/Entourage,Diva-Angel-Heroes,0.5492677624419784,0.5624411699224391,0.6568225013401359,0.5795142893758359,0.515863807734557,-0.1433472991964113,0.4534270386030892
Vincent Chase,Vincent Chase/Entourage,Adventurers,0.29824709716766945,0.24640557921828546,0.20631542975230363,-0.3089196354463465,0.15017902338219735,0.2715584216376489,0.14396431928529305
Johnny 'Drama' Chase,Johnny 'Drama' Chase/Entourage,Outcast-Adventurer-Demons,-0.21804071297840186,-0.2954286341628834,-0.018332662247504978,-0.4442944154497555,-0.35262310009730463,0.08521868884060331,-0.20725013934920786
Turtle,Turtle/Entourage,Brute-Adventurer-Angels,0.4211528629355383,0.29272159300393646,0.2536068271805996,-0.08731906146709545,0.3020752780882557,-0.14900927322115023,0.17220470442001404
Ari Gold,Ari Gold/Entourage,Demon-Heroes,-0.384748090279951,-0.26479319700759013,0.08984959006412899,-0.5373280677804577,-0.5406918201580809,0.6654860793890137,-0.1620375842954895
Molly Davidson,Molly Davidson/Booksmart,Diva-Heroes,0.20573598712235452,0.3149497736337636,0.5367843700263999,0.10885588289926439,0.1416573864117323,0.2958295569588288,0.2673021595087239
Amy Antsler,Amy Antsler/Booksmart,Geek-Angel-Heroes,0.7005448373959029,0.7421152732769298,0.6012383449048819,0.4011273333799088,0.6735041219451756,-0.08143818075215685,0.5061819550251071
Paul Smecker,Paul Smecker/The Boondock Saints,Adventurer-Demon-Heroes,-0.05078507484583258,0.10500506687393302,0.29277557007056654,-0.47878368121873544,-0.21643052758512543,0.7414100345365933,0.0655318979718999
Connor MacManus,Connor MacManus/The Boondock Saints,Lone Wolf-Adventurer-Heroes,0.3276615231743267,0.48116903048313764,0.5853627748659104,-0.3599194757994071,0.1296832604021678,0.6649967986005157,0.3048256519544419
Murphy MacManus,Murphy MacManus/The Boondock Saints,Lone Wolf-Adventurer-Heroes,0.2724305001949033,0.4082282967684352,0.5424675313742077,-0.43459433125530805,0.07554073040207679,0.6144037298441342,0.24641274288807483
David Della Rocco,David Della Rocco/The Boondock Saints,Outcast-Adventurer-Demons,-0.23864854830942556,-0.2539966577375629,-0.10979444940346178,-0.6877895333818801,-0.38204981200717053,0.27182942417944156,-0.23340826277667656
Papa Joe Yakavetta,Papa Joe Yakavetta/The Boondock Saints,Demons,-0.6390505087338838,-0.571607297464743,-0.1734668786772798,-0.41594560259761537,-0.743826786775384,0.4319501899102824,-0.3519911473897706
Rue Bennett,Rue Bennett/Euphoria,Geek-Outcast-Adventurers,-0.11163375388136494,-0.02699375106434267,-0.05602961235778259,-0.5855546599995101,-0.26366008872007857,0.4068182102092527,-0.10617560930230435
Jules Vaughn,Jules Vaughn/Euphoria,Geek-Adventurers,0.16181800949697586,0.19117677902458924,0.1358109062959312,-0.6187587724277169,-0.02069703973604651,0.5079119320075202,0.05954363577687549
Cassie Howard,Cassie Howard/Euphoria,Diva-Adventurers,0.27658121725898066,0.14103735597008682,0.12281308640155233,-0.05738590026580809,0.16458825997452745,-0.1616050293984275,0.08100483165681861
Nate Jacobs,Nate Jacobs/Euphoria,Demons,-0.7441132412036677,-0.6659635988007425,-0.33496693026232915,-0.5041475608348929,-0.8293084290296339,0.40267852513113545,-0.44597020583335506
Lexi Howard,Lexi Howard/Euphoria,Traditionalist-Angel-Heroes,0.6811660766345238,0.6854851313678083,0.6069542400858547,0.6808351696366258,0.7112960730064654,-0.25298722694757475,0.5187915772972839
Maddy Perez,Maddy Perez/Euphoria,Adventurer-Demon-Heroes,-0.22150966398369865,-0.16494298934961305,0.028865711321192866,-0.6616921827079328,-0.411262114011382,0.6348881091087538,-0.1326088549371133
Robert Langdon,Robert Langdon/The Da Vinci Code,Heroes,0.4696223958709078,0.6149447586463629,0.6601572298918758,0.20338094216036054,0.38747759188166686,0.334216203238915,0.4449665202816815
Sophie Neveu,Sophie Neveu/The Da Vinci Code,Angel-Heroes,0.6026336885198439,0.7101654139101634,0.7129490814276731,0.24352476622810387,0.5226606685765499,0.2683864999168666,0.5100533530965334
Leigh Teabing,Leigh Teabing/The Da Vinci Code,Geek-Demon-Heroes,-0.3684934043199614,-0.23345202594745856,0.04313771442778926,-0.3277582693017702,-0.46016474853771605,0.5782800269117545,-0.1280751177945604
Sam Baldwin,Sam Baldwin/Sleepless in Seattle,Angel-Heroes,0.7388080936780017,0.7559041299142916,0.748706704144039,0.5696565962932596,0.6867572351774957,-0.11108398799651391,0.564791461868429
Annie Reed,Annie Reed/Sleepless in Seattle,Adventurer-Angel-Heroes,0.766723907398657,0.7210370735235732,0.7073230524484256,0.23408452864862372,0.6823067594886358,0.044680236920592184,0.5260259264047513
Frank Gallagher,Frank Gallagher/Shameless,Adventurer-Demon-Fools,-0.5960045856382318,-0.5955647061458238,-0.45108662308476327,-0.7795836186807863,-0.7126955431174852,0.388663718792538,-0.457711892979092
Carl Gallagher,Carl Gallagher/Shameless,Lone Wolf-Adventurer-Demons,-0.16523322215675926,-0.053111112279109536,0.07231537841599377,-0.7571068819876792,-0.37556541446438246,0.6785300002640264,-0.10002854203465172
Lip Gallagher,Lip Gallagher/Shameless,Lone Wolf-Demon-Heroes,0.005295349992148573,0.15454646168303443,0.22522463470142948,-0.5569533673140651,-0.23280324667687272,0.7066812315822621,0.05033184399465614
Veronica Fisher,Veronica Fisher/Shameless,Adventurer-Heroes,0.34235887626738465,0.42280097588259363,0.4941841314669291,-0.3523633373577908,0.1283269177175296,0.5778142013474686,0.26885362755401915
Kevin Ball,Kevin Ball/Shameless,Adventurers,0.5041001870274916,0.44573132562789836,0.42516222149819366,-0.19084688802824235,0.3646696133207386,0.06054614165997888,0.2682271001843431
Debbie Gallagher,Debbie Gallagher/Shameless,Outcast-Adventurer-Demons,-0.31635087422126706,-0.3290450074547204,-0.14731509098096665,-0.7386805243769925,-0.4979143666314126,0.4282567336052784,-0.2668415216766801
Ian Gallagher,Ian Gallagher/Shameless,Outcast-Adventurer-Heroes,0.26138995363699474,0.36622987636135856,0.4234846534221781,-0.4352698696785315,0.04080250908137156,0.5449123770923278,0.20025824998594985
Fiona Gallagher,Fiona Gallagher/Shameless,Adventurer-Demon-Heroes,0.13388246080875602,0.25213271722042013,0.38688548654019866,-0.5044025970318607,-0.12462128051705232,0.6931280993081036,0.13950081438809422
Tommy,Tommy/Shameless,Brute-Outcast-Fools,-0.3798622613923592,-0.4382515513336826,-0.2808761253468994,-0.1506821807874804,-0.42032729109466055,-0.11911289664840109,-0.29818538443391385
Kermit,Kermit/Shameless,Outcast-Traditionalist-Fools,-0.18965705126718427,-0.27831393544355093,-0.28125492748216313,0.08959689687662249,-0.15920614440588776,-0.42225439497832584,-0.20684825945008156
Tugg Speedman,Tugg Speedman/Tropic Thunder,Diva-Adventurer-Demons,-0.12958070666517363,-0.20184391481262115,0.09128906901831967,-0.3374191829011111,-0.23341257658480613,0.12582874055043697,-0.11418976189915923
Jeff Portnoy,Jeff Portnoy/Tropic Thunder,Adventurer-Demon-Fools,-0.37082990636865215,-0.4381137249394274,-0.30086136913293793,-0.6491166993020648,-0.4838940417628454,0.15788034313343774,-0.34748923306208174
Kirk Lazarus,Kirk Lazarus/Tropic Thunder,Adventurer-Demon-Heroes,-0.2005555142729171,-0.06196574579673409,0.24497350384259023,-0.5766921658854751,-0.3885442362298547,0.7084196796533238,-0.045727413114844497
Danny Reagan,Danny Reagan/Blue Bloods,Brute-Demon-Heroes,0.04521187428527724,0.19401216216528383,0.5151983531114923,-0.2599195691181614,-0.12869558638728387,0.5843192537752189,0.15835441463863784
Erin Reagan,Erin Reagan/Blue Bloods,Heroes,0.3549312942756795,0.47912424088114897,0.625242145937531,0.2413012431019787,0.2742774349381169,0.3329251931429459,0.38463359204623354
Jamie Reagan,Jamie Reagan/Blue Bloods,Brute-Angel-Heroes,0.7882200706956038,0.8262918058377854,0.8587370129388561,0.4533088751377451,0.7179587790958885,0.024353026019397116,0.6114782616208793
Henry Reagan,Henry Reagan/Blue Bloods,Brute-Angel-Heroes,0.6470968070143392,0.6749867964734959,0.7715216676672029,0.4293773220421751,0.5911357579332953,0.040249454196464966,0.5257279675544956
Frank Reagan,Frank Reagan/Blue Bloods,Heroes,0.4423327381287474,0.5600327051547563,0.6880812811133415,0.41581545677247056,0.38412259785225644,0.1772822049606972,0.4446111639970449
Abigail Baker,Abigail Baker/Blue Bloods,Angel-Heroes,0.5886025491479505,0.6708612331003413,0.7152912242824698,0.4835574272025459,0.5438888712875444,0.0832997323162123,0.5142501728895107
Sally Albright,Sally Albright/When Harry Met Sally...,Diva-Angel-Heroes,0.5478259962974628,0.5448527171164298,0.689445865159043,0.2680508069171172,0.4680751150875588,0.1009096938052899,0.43652669906381697
Harry Burns,Harry Burns/When Harry Met Sally...,Outcast-Demon-Heroes,-0.013288722079961051,0.03178418047566882,0.23346903455209736,-0.37917911070057125,-0.23365784197037587,0.48314683454119,0.020379062469674674
Cady Heron,Cady Heron/Mean Girls,Outcast-Diva-Heroes,0.30459561969269044,0.2741192143303569,0.3279033315360651,-0.008480139744328973,0.22262192019862365,0.07511192331126278,0.1993119782207783
Regina George,Regina George/Mean Girls,Diva-Demon-Heroes,-0.5176897415076812,-0.4561438178825104,-0.13810495536864578,-0.5135364835007041,-0.6279683468159104,0.5556834989993649,-0.28295997434601455
Gretchen Wieners,Gretchen Wieners/Mean Girls,Divas,-0.1278522834180632,-0.2856380293801904,-0.0912112051285842,-0.07523296477105068,-0.16622587112047815,-0.21876578168999658,-0.16082102258472722
Karen Smith,Karen Smith/Mean Girls,Diva-Adventurer-Fools,0.18702882621994577,-0.00273210204074145,-0.05769601987669972,0.002843317450784423,0.18264623014340572,-0.3852319208686837,-0.012190278161998164
Janis Ian,Janis Ian/Mean Girls,Adventurer-Demon-Heroes,-0.18196438734603382,-0.007158454165687946,0.11784919560720909,-0.7020785732039432,-0.369255620779968,0.7633651787975723,-0.06320711018180859
Damian Leigh,Damian Leigh/Mean Girls,Adventurers,0.375030191850948,0.33939931760951897,0.3368880611333628,-0.36237313922164055,0.22183450521875134,0.26644024097469604,0.1962031962609394
Aaron Samuels,Aaron Samuels/Mean Girls,Brute-Angels,0.3512168342998092,0.2096152892486085,0.16519652839660695,0.36016729081692245,0.3392213640225327,-0.3901436740008202,0.1725456054639433
Ms. Sharon Norbury,Ms. Sharon Norbury/Mean Girls,Outcast-Angel-Heroes,0.7168140340193713,0.7856955004574537,0.7166042540654636,0.33404050682491093,0.624285170159048,0.09107892305547319,0.5447530647636202
June George,June George/Mean Girls,Diva-Adventurer-Fools,-0.033025557569389546,-0.17390032660262372,-0.07727598063904056,-0.3099328552259975,-0.12516245124911185,-0.05706945594242707,-0.1293944378714317
Betsy Heron,Betsy Heron/Mean Girls,Traditionalist-Angel-Heroes,0.4349442103555501,0.49290301676582565,0.5752568405817685,0.5289714627065785,0.4226474672819345,-0.03796070562598643,0.4027937153442785
Jay Pritchett,Jay Pritchett/Modern Family,Brute-Traditionalist-Heroes,-0.1382017908281446,-0.031236467564802577,0.26921675804757716,0.064866918985577,-0.20804562230854778,0.3202057957766776,0.046134265351389474
Gloria Delgado-Pritchett,Gloria Delgado-Pritchett/Modern Family,Adventurer-Heroes,0.17746135377824085,0.1962488362194484,0.3637384396852077,-0.4327559104566287,0.0025005318969589787,0.5351240422804783,0.14038621556728426
Claire Dunphy,Claire Dunphy/Modern Family,Heroes,-0.0019458663420066596,0.11432262695946895,0.44371773426910344,-0.029000669599413876,-0.11334501815087475,0.42714768269770825,0.1401494149723309
Phil Dunphy,Phil Dunphy/Modern Family,Adventurer-Angels,0.6146671664454096,0.4913153281180761,0.4215834994722525,0.02658371965072411,0.5698334723459371,-0.19399848131481698,0.3216641174529304
Mitchell Pritchett,Mitchell Pritchett/Modern Family,Diva-Angel-Heroes,0.3660215819571693,0.36632802930063474,0.4518252610024724,0.4020807266318527,0.3401779517022422,-0.07288206997264016,0.3089252467702885
Cameron Tucker,Cameron Tucker/Modern Family,Diva-Adventurers,0.3438989434747069,0.23162814179578678,0.3160318820962585,-0.20417106028457027,0.2462072908721066,0.06296892023801298,0.16609401969871687
Luke Dunphy,Luke Dunphy/Modern Family,Adventurer-Fools,0.1693578546626133,0.059125724765954256,-0.001605374388494715,-0.36017565330293105,0.09341290678776483,-0.024436734569788916,-0.010720212674147045
Manny Delgado,Manny Delgado/Modern Family,Diva-Angel-Heroes,0.6513503941942885,0.5884591986519558,0.5907422471507509,0.4268297189081348,0.6346250521891855,-0.20616659047926367,0.4476400034358419
Haley Dunphy,Haley Dunphy/Modern Family,Diva-Adventurer-Demons,-0.06365873344858503,-0.15136186250717482,-0.06934425078343999,-0.5485956495379565,-0.20880232338247756,0.30413933133809284,-0.12293724805359015
Alex Dunphy,Alex Dunphy/Modern Family,Traditionalist-Heroes,0.1512534454178571,0.30554561226807275,0.44171932981430234,0.24757782668860592,0.1341546600353969,0.24046235778571592,0.25345220533499185
John Rayburn,John Rayburn/Bloodline,Traditionalist-Heroes,0.026423652771630068,0.15630604908691179,0.42787692272729144,0.12546034253118785,-0.07170896979909301,0.3276517024929291,0.1653349499684762
Meg Rayburn,Meg Rayburn/Bloodline,Diva-Demon-Heroes,-0.04628908282748342,0.043242416365232635,0.21591259255521222,-0.28122717473415304,-0.23548950393948298,0.5516285021463596,0.04129629159428084
Kevin Rayburn,Kevin Rayburn/Bloodline,Outcast-Demon-Fools,-0.37148084207320653,-0.4287059620884625,-0.2654300393410965,-0.5482713907641538,-0.4789901010734024,0.14082171653382974,-0.32534276980108207
Diana Rayburn,Diana Rayburn/Bloodline,Diva-Angel-Heroes,0.5212274854282184,0.487912512951794,0.5935258754957364,0.35487690773344893,0.42404288934521006,0.01862977436309109,0.4000359075529165
Eric O'Bannon,Eric O'Bannon/Bloodline,Outcast-Lone Wolf-Demons,-0.5514484468472152,-0.5124668302955078,-0.33242276784084146,-0.6000494315323163,-0.6519033563271992,0.3257651076842339,-0.3870876208598077
Sally Rayburn,Sally Rayburn/Bloodline,Outcast-Traditionalist-Heroes,0.11541915496190136,0.14688692603084688,0.41018552155771554,0.24891381643021812,0.04687141049626187,0.037504284327868,0.16763018563413526
Don Draper,Don Draper/Mad Men,Demon-Heroes,-0.3874466154334264,-0.241011764912817,-0.018579658626884054,-0.5327760204638572,-0.5523546446716688,0.753192296731064,-0.16316273456293154
Peggy Olson,Peggy Olson/Mad Men,Heroes,0.3118500887075364,0.486349377896345,0.5787453376291762,-0.07462149481699881,0.19406292768629693,0.5447387174335628,0.3401874924226531
Pete Campbell,Pete Campbell/Mad Men,Diva-Demons,-0.6312218838089797,-0.6509257895414157,-0.29159752470703676,-0.22604418090544767,-0.6653532160035954,0.10600769754244298,-0.3931891495706721
Betty Draper,Betty Draper/Mad Men,Diva-Traditionalist-Demons,-0.27161233683663794,-0.29649854222355004,-0.014296444703668898,0.12803590116876276,-0.2734429584607669,-0.05080099294110798,-0.12976922899949483
Joan Holloway,Joan Holloway/Mad Men,Heroes,0.17063729257911264,0.2931302847601558,0.43822722171240003,-0.2286442140520224,-0.010872387276144672,0.63108665642525,0.2155941423581252
Salvatore Romano,Salvatore Romano/Mad Men,Diva-Adventurer-Heroes,0.3195295037912187,0.30050162912934875,0.28989280188545535,-0.07830106986222163,0.17840047489036154,0.21253609838043094,0.20375990636909894
Paul Kinsey,Paul Kinsey/Mad Men,Geek-Outcast-Divas,-0.14353946721762928,-0.2326765813763775,-0.18360823320137998,-0.3634001418621199,-0.2567859366060718,0.09940927420255662,-0.18010018101017033
Ken Cosgrove,Ken Cosgrove/Mad Men,Diva-Angels,0.48482469571289155,0.37850250435959065,0.4260274783678713,0.5445623550089532,0.49914240152631795,-0.3550370702023829,0.32967039412887367
Harry Crane,Harry Crane/Mad Men,Outcast-Diva-Traditionalists,-0.037858338291063574,-0.14954723546614768,-0.02692875450614467,0.3150988484912843,-0.01637416381197248,-0.4091982217001096,-0.05413464421402562
Rachel Menken,Rachel Menken/Mad Men,Heroes,0.06631314373759722,0.22152484928725363,0.3767133907292206,-0.1093793396098801,-0.06866299360024239,0.6132536718028893,0.18329378705780638
Roger Sterling,Roger Sterling/Mad Men,Diva-Adventurer-Demons,-0.3558114706438791,-0.3353505966568137,-0.050623485199341435,-0.5467182969914054,-0.5404199082330128,0.5482889519368124,-0.21343913429794004
Bert Cooper,Bert Cooper/Mad Men,Sophisticate-Diva-Heroes,0.13440211209310277,0.19914881949163912,0.3803225898125629,0.08473918376212007,0.09472919130482398,0.28706949500939133,0.19673523191227338
Henry Francis,Henry Francis/Mad Men,Brute-Traditionalist-Heroes,0.04382780941366766,0.09032403945279797,0.33326110006014303,0.509166220138547,0.04645834766399459,-0.05543952569854091,0.16126633183843486
Lane Pryce,Lane Pryce/Mad Men,Diva-Traditionalist-Heroes,0.08464209207264344,0.12166047342517897,0.2737506044980923,0.4753702699648852,0.08624269235699626,-0.1912880997529199,0.14172967209414605
Stan Rizzo,Stan Rizzo/Mad Men,Adventurers,0.2343695235081125,0.20477289410562122,0.11347380957285158,-0.5257441073476733,0.06052999789044627,0.3307766541093261,0.06969646197311406
Kara Danvers,Kara Danvers/Supergirl,Adventurer-Angel-Heroes,0.815247153520381,0.8096281162949704,0.7659416078589618,0.24796157880656033,0.7510331012914011,0.0536345394875666,0.5739076828766403
Alex Danvers,Alex Danvers/Supergirl,Heroes,0.4864373504172247,0.6569062503848404,0.726901848880613,0.09445217639853559,0.33884590923220237,0.4208671754314733,0.4540684517908149
J'onn J'onzz,J'onn J'onzz/Supergirl,Heroes,0.4276469665388958,0.6018600005988458,0.6670240214343015,0.30925401193818175,0.369781328490721,0.25764007286940405,0.4388677336450583
James Olsen,James Olsen/Supergirl,Heroes,0.5742478424393058,0.6455016531800225,0.7311074960031234,0.32635853335151255,0.4574220273288599,0.1996308200468685,0.4890447287249488
Lena Luthor,Lena Luthor/Supergirl,Heroes,0.017365715038544324,0.20285722103986153,0.3608094109546916,-0.17014811361514512,-0.11067745537132381,0.6261827092932138,0.15439824788997372
Winn Schott,Winn Schott/Supergirl,Outcast-Diva-Angels,0.7139438331426995,0.6677709596560394,0.604393590418376,0.41254710841004294,0.7048412748554667,-0.2863735653120629,0.46952053352842676
Fleabag,Fleabag/Fleabag,Adventurer-Demons,-0.11247316138708807,-0.06266037747906951,-0.0036915715844001123,-0.8008220210863657,-0.3359181106646031,0.6182782091903049,-0.11621450550187028
Claire,Claire/Fleabag,Diva-Traditionalist-Heroes,0.0030925312209535353,0.10766475436266874,0.3064592694439073,0.3786824508876965,0.004859975849470103,0.035182546698513936,0.13932358807720166
Godmother,Godmother/Fleabag,Diva-Demons,-0.5610135006620688,-0.5452289983856194,-0.2513035838232014,-0.5869040562111189,-0.6601666217025022,0.47768213449551233,-0.3544891043814997
Kurt Hummel,Kurt Hummel/Glee,Diva-Adventurer-Heroes,0.2843858427284991,0.2829145974235959,0.38859867219576777,-0.15588382927319192,0.1866287185845607,0.2931803002596996,0.2133040503198219
Sue Sylvester,Sue Sylvester/Glee,Demon-Heroes,-0.5270861332194091,-0.36263963519008136,-0.004617173367264534,-0.5597789125469741,-0.6395751942437796,0.6883140374811004,-0.23423050184773472
Rachel Berry,Rachel Berry/Glee,Diva-Demon-Heroes,-0.22944782322094495,-0.20333902019586408,0.14436487964506764,-0.1293834500613087,-0.26437210465635347,0.2547026508074337,-0.07124581128032832
Will Schuester,Will Schuester/Glee,Outcast-Diva-Adventurers,0.12780304863805952,0.018597563107595205,0.24895486376125703,-0.019987917824161164,0.030426531417143653,-0.07153126733942429,0.05571047029341166
Artie Abrams,Artie Abrams/Glee,Diva-Angel-Heroes,0.4828489731286947,0.478870324950976,0.483043223003801,0.4390892232163665,0.46607927727435694,-0.19083014711473553,0.3598501457432433
Santana Lopez,Santana Lopez/Glee,Adventurer-Demon-Heroes,-0.23099501886553309,-0.097190735779527,0.09939678922728286,-0.6572345938743511,-0.43086963662791555,0.8028931323047966,-0.0856666772692079
Tina Cohen-Chang,Tina Cohen-Chang/Glee,Geek-Outcast-Divas,0.39859205259591035,0.3462555516737711,0.3064354690473107,0.20826887280660347,0.3656185968666118,-0.1645958346582807,0.24342911805532116
Mercedes Jones,Mercedes Jones/Glee,Sophisticate-Adventurer-Heroes,0.46142761340529626,0.5159535734752201,0.5736225316921485,-0.19141846931698234,0.3084171731467955,0.47914145191717655,0.3578573123866091
Noah Puckerman,Noah Puckerman/Glee,Brute-Adventurer-Demons,-0.5000799693475739,-0.4742093733193674,-0.29250571866062397,-0.731024383181384,-0.6569280787608651,0.4675951405903391,-0.3645253971132459
Brittany Pierce,Brittany Pierce/Glee,Adventurers,0.3714505415133596,0.2552067242882796,0.15379767038597467,-0.187524234922595,0.32704801285951435,-0.09923796545241792,0.13679012477868588
Sam Evans,Sam Evans/Glee,Brute-Adventurer-Angels,0.6885697369527084,0.544861641208671,0.41484664189465026,0.26543696328330135,0.6621920307986147,-0.32339567278519105,0.3754185568921258
Blaine Anderson,Blaine Anderson/Glee,Diva-Adventurer-Heroes,0.5522057858876723,0.5144310160897456,0.5289476611462757,0.16466970920875576,0.47368035411022236,0.08875662482431,0.38711519187783033
Mike Chang,Mike Chang/Glee,Angels,0.7744450458113079,0.7562991219711579,0.5647607602937262,0.5387985162988926,0.7883766975269949,-0.25685062327299046,0.5276382531048481
Finn Hudson,Finn Hudson/Glee,Brute-Outcast-Angels,0.4551996843242233,0.3000960057454294,0.29859865799855023,0.302607385899356,0.4356405907137611,-0.4158714486594623,0.22937847933697628
Emma Pillsbury,Emma Pillsbury/Glee,Outcast-Diva-Angels,0.49843546434702557,0.45430970191374975,0.48425718179385974,0.6818633987129095,0.5762283055270899,-0.44494625143065786,0.37502463347732934
James P. Sullivan,"James P. Sullivan/Monsters, Inc.",Brute-Adventurer-Angels,0.6642085072988555,0.65237359377205,0.6414374518395549,0.013670210816290858,0.5320812528210102,0.13912831010644114,0.44048322110903376
Mike Wazowski,"Mike Wazowski/Monsters, Inc.",Outcast-Diva-Adventurers,0.45960382915753517,0.39693236796641956,0.518214570195833,0.03710079446665701,0.3758816903305009,-0.05602168787723709,0.28861859403995144
Randall Boggs,"Randall Boggs/Monsters, Inc.",Demons,-0.7330115239061153,-0.591316115879199,-0.30957006841152535,-0.536012317546255,-0.809801893946222,0.5455129643869265,-0.4056998258837317
Jean-Luc Picard,Jean-Luc Picard/Star Trek: The Next Generation,Heroes,0.5083998968485376,0.6554916013351523,0.6963549984220908,0.28631282015384535,0.4439401257950524,0.30095615261945713,0.481909265862356
William Riker,William Riker/Star Trek: The Next Generation,Brute-Adventurer-Heroes,0.40208522057213636,0.4755862434472171,0.6170235197410462,-0.1236052558233417,0.21362231069286775,0.44895976154502365,0.3389453000291583
Geordi La Forge,Geordi La Forge/Star Trek: The Next Generation,Angel-Heroes,0.7224953633250358,0.8166028225914411,0.755111015741814,0.36522824237636053,0.6678675854980662,0.04725750179952107,0.5624270885553732
Tasha Yar,Tasha Yar/Star Trek: The Next Generation,Heroes,0.22267580595472694,0.4095669031734274,0.5903441241109175,-0.0036256495803645337,0.10519904358537052,0.4253809601650608,0.29159019790152313
Lieutenant Worf,Lieutenant Worf/Star Trek: The Next Generation,Brute-Heroes,0.042586780679436706,0.2424981268117491,0.5099328407287812,0.0756905403594847,-0.01648416691028345,0.33960691874588794,0.19897184006917604
Beverly Crusher,Beverly Crusher/Star Trek: The Next Generation,Angel-Heroes,0.7080596611447868,0.7480368624338478,0.7433465768698791,0.42113778958244275,0.6396612130039407,0.06280022255607878,0.5538403875984961
Deanna Troi,Deanna Troi/Star Trek: The Next Generation,Adventurer-Angel-Heroes,0.7633422458909344,0.7292360230092328,0.6217738005129524,0.27510176316968016,0.6796829577048209,0.007002107484875278,0.512689816295416
Wesley Crusher,Wesley Crusher/Star Trek: The Next Generation,Outcast-Diva-Angels,0.4730377806749249,0.43336540970479887,0.44678232632566733,0.27026731815553384,0.4988913509102706,-0.19338458798579497,0.3214932662975668
Data,Data/Star Trek: The Next Generation,Traditionalist-Angel-Heroes,0.5272191711020031,0.6665201375654831,0.6179840068957171,0.48822981100462753,0.564997968477057,-0.043029018931996656,0.4703203460188152
Guinan,Guinan/Star Trek: The Next Generation,Adventurer-Angel-Heroes,0.6372773416636243,0.6843214852147613,0.5545764230573706,0.056690285841234415,0.5386672497476098,0.2767773841158435,0.458051694940074
Maleficent,Maleficent/Maleficent,Demon-Heroes,-0.05694928892783638,0.15483916312199125,0.31973225649904125,-0.3621866587608954,-0.1942592306131691,0.7516843375943976,0.10214342981892154
Randle McMurphy,Randle McMurphy/One Flew Over the Cuckoo's Nest,Adventurer-Demons,-0.14607482989092802,-0.05793710434919455,0.1073066854176441,-0.8137947802714617,-0.37197080731798293,0.7663403445670925,-0.08602174864080508
Nurse Ratched,Nurse Ratched/One Flew Over the Cuckoo's Nest,Traditionalist-Demon-Heroes,-0.4712633105431904,-0.32913377199468524,0.0198254796507727,0.0113969815866304,-0.4760587490807778,0.26767498071766677,-0.16292639827726393
Chief Bromden,Chief Bromden/One Flew Over the Cuckoo's Nest,Lone Wolf-Angel-Heroes,0.4924431047648573,0.6252006105056007,0.49887842852653724,0.2933255093923626,0.47597439393958757,0.07763152392643552,0.41057559517589687
Dale Harding,Dale Harding/One Flew Over the Cuckoo's Nest,Outcast-Traditionalists,-0.1338845961728332,-0.15652996937674224,-0.051424488684874925,0.4009135396867673,-0.08631436849967833,-0.388065290506526,-0.0692175289256479
Billy Bibbit,Billy Bibbit/One Flew Over the Cuckoo's Nest,Outcast-Adventurer-Angels,0.4595320492891599,0.35955001406634274,0.2503654010490449,0.13786853392060824,0.46299732931497045,-0.3694282912597208,0.21681417273006756
Charlie Cheswick,Charlie Cheswick/One Flew Over the Cuckoo's Nest,Outcast-Fools,0.08848932604599223,-0.008780606734668347,0.05597951174900951,0.11613588236945636,0.10702101306226824,-0.40610947370817424,-0.007877391202686037
Spike Spiegel,Spike Spiegel/Cowboy Bebop,Lone Wolf-Adventurer-Heroes,0.18648047776849697,0.29141163955304916,0.3000966360702988,-0.5987431660750631,-0.027373311262587862,0.6889509001945069,0.14013719604145014
Jet Black,Jet Black/Cowboy Bebop,Lone Wolf-Heroes,0.34790517225182693,0.5194018615088964,0.5879890754307622,0.18016125963023044,0.2377743208423196,0.31307377469739384,0.3643842440602382
Faye Valentine,Faye Valentine/Cowboy Bebop,Adventurer-Demon-Heroes,-0.2243608006650542,-0.1275814455839637,0.029080925346935425,-0.7715950722258011,-0.452038221335057,0.8241293800960258,-0.12039420572781913
Ed,Ed/Cowboy Bebop,Adventurers,0.27416753744510086,0.2905260043082617,0.22533977920766343,-0.47081347731386775,0.1884714257227815,0.314009107854081,0.1369500628706701
Vicious,Vicious/Cowboy Bebop,Traditionalist-Demon-Heroes,-0.5492409645761868,-0.3310447934050537,-0.0943378810662571,-0.39990721280601,-0.6227057239652913,0.6307757395801374,-0.22774347270644357
Julia,Julia/Cowboy Bebop,Geek-Traditionalist-Heroes,0.21527670792100143,0.3027155417797842,0.3084954422936417,0.2155216160044071,0.13523205206110875,0.22163412683655176,0.23314591448274916
Marty McFly,Marty McFly/Back to the Future,Adventurers,0.5546943977016409,0.531920785115415,0.549887914051247,-0.29237958502037575,0.38516176760164417,0.3206823362574262,0.3416612692844996
Doc Brown,Doc Brown/Back to the Future,Geek-Adventurer-Heroes,0.2187686934251581,0.34343433848175514,0.3991078184852226,-0.434389613788924,0.09638877640566264,0.5565664998441405,0.19664608547550252
Jennifer Parker,Jennifer Parker/Back to the Future,Diva-Angel-Heroes,0.7129520231133033,0.6223454635627651,0.5778670790179772,0.5709839462709398,0.6852957574857328,-0.26264765151774827,0.48446610298882825
John Michael Dorian,John Michael Dorian/Scrubs,Diva-Adventurer-Angels,0.49746728701488835,0.3620793016896247,0.3368208170354215,-0.02447228023637138,0.439649190834367,-0.19942563341776856,0.2353531138200269
Elliot Reid,Elliot Reid/Scrubs,Outcast-Divas,0.2212055787966528,0.15331535739658161,0.3293598599313528,0.027180120044566304,0.15925711453355798,-0.08498525276168296,0.13422212965683808
Christopher Turk,Christopher Turk/Scrubs,Adventurers,0.4896020910815799,0.4312087659814391,0.44210729469975263,-0.19421088315276902,0.3520562733002717,0.11072112697078937,0.27191411148017725
Bob Kelso,Bob Kelso/Scrubs,Traditionalist-Demon-Heroes,-0.5500105227375744,-0.42883334286437963,-0.07029620248190019,-0.16690699733281525,-0.6034360555966989,0.38540469672976496,-0.23901307071393388
Perry Cox,Perry Cox/Scrubs,Demon-Heroes,-0.2973338892137797,-0.08837166238780736,0.19410926504648313,-0.4537789760850865,-0.45628680752034767,0.7421664345008993,-0.059915939276606454
Carla Espinosa,Carla Espinosa/Scrubs,Heroes,0.4987609074068094,0.5607025105892596,0.6967753312869239,0.0934533249846794,0.3562771362170998,0.3264978685763562,0.422077846510188
Elliot Alderson,Elliot Alderson/Mr. Robot,Geek-Outcast-Heroes,-0.11404251330110177,0.06748051312458142,0.06902590564883647,-0.32062043196847156,-0.1785934927344533,0.4280057025630297,-0.008124052777929833
Mr. Robot,Mr. Robot/Mr. Robot,Geek-Demon-Heroes,-0.3850098453928391,-0.19452785738281564,0.016813490068883268,-0.6866123659722122,-0.5335848579986202,0.7901404172233472,-0.16546350324237616
Darlene,Darlene/Mr. Robot,Adventurer-Demon-Heroes,-0.10565264662074916,0.03986649975031987,0.11959967731799727,-0.7760974063195334,-0.33279863350871236,0.777283645938835,-0.046299810573640444
Tyrell Wellick,Tyrell Wellick/Mr. Robot,Diva-Demon-Heroes,-0.5137841283035333,-0.3866560836039492,-0.058099392312175736,-0.36582054124218366,-0.6122170873818544,0.5106893114566862,-0.23764798689783503
Angela Moss,Angela Moss/Mr. Robot,Outcast-Diva-Heroes,0.3152958149709521,0.283839211179707,0.4136213555505339,0.40212175438271797,0.28194494883297944,-0.16401326869217922,0.2554683027041186
Dominique DiPierro,Dominique DiPierro/Mr. Robot,Heroes,0.1425022101584763,0.3145131163583955,0.48796285394314765,0.06077146212547307,0.023157927288448052,0.400430337914238,0.23822298463136313
Tony Lip,Tony Lip/Green Book,Brute-Lone Wolf-Adventurers,0.11559707826868247,0.13833648443403265,0.32995842280704035,-0.25273851355302995,-0.04693140380275994,0.28241876818101386,0.09444013938916325
Don Shirley,Don Shirley/Green Book,Heroes,0.41149863919714824,0.5461081376668778,0.5180455386970768,0.2412074772767858,0.36085175626781985,0.30683033546729815,0.3974236474288344
Phil Connors,Phil Connors/Groundhog Day,Demons,-0.5071299162167925,-0.441588529998551,-0.1245225277496306,-0.5691864502905,-0.6720163087632696,0.5463260142553288,-0.29468628646056916
Rita Hanson,Rita Hanson/Groundhog Day,Angel-Heroes,0.8043854668008666,0.802555009582608,0.7424490649055187,0.5059985821755952,0.7721275073878162,-0.029116500320519472,0.5997331884219809
Vanya Hargreeves,Vanya Hargreeves/The Umbrella Academy,Geek-Outcast-Traditionalists,0.20793897854398388,0.30496622556221553,0.2288407929044843,0.19259834084677485,0.21480312148841596,-0.02465438751730274,0.18741551197142867
Luther Hargreeves,Luther Hargreeves/The Umbrella Academy,Brute-Outcast-Traditionalists,0.04457214500745465,0.053332435523991736,0.2878589729025102,0.3685929772577573,0.05914671265944868,-0.24212203888191774,0.09523020074487415
Diego Hargreeves,Diego Hargreeves/The Umbrella Academy,Outcast-Demon-Heroes,-0.24916076620221392,-0.0822226260503766,0.1973908502546684,-0.6065943097554981,-0.4504670934669768,0.718968809590542,-0.07868085593830916
Allison Hargreeves,Allison Hargreeves/The Umbrella Academy,Diva-Heroes,0.44145255170415987,0.46359017940294234,0.5828346501062119,0.07695278687747008,0.2869203910812772,0.31584366009336867,0.361265703210905
Klaus Hargreeves,Klaus Hargreeves/The Umbrella Academy,Adventurers,0.05601708043066464,0.023683870952862753,-0.023828608034388323,-0.6511576502904529,-0.09970317786017997,0.33438428993177677,-0.060100699144952856
Ben Hargreeves,Ben Hargreeves/The Umbrella Academy,Angel-Heroes,0.7221350851410396,0.816101543077087,0.6799756191987472,0.30442731982289184,0.6446717127413722,0.09035229096733932,0.5429439284914129
Kim Ki-taek,Kim Ki-taek/Parasite,Outcast-Lone Wolf-Demons,-0.0740044533258997,0.007584138640408291,0.1309542050874943,-0.3066658218251579,-0.23057658087599017,0.3258544491503697,-0.02447567719146257
Park Dong-ik,Park Dong-ik/Parasite,Diva-Traditionalist-Heroes,-0.3149701733006045,-0.26688817779825774,0.016350476421297437,0.1146508301159548,-0.34775272676203234,0.1641676632060411,-0.10574035135293354
Choi Yeon-gyo,Choi Yeon-gyo/Parasite,Divas,0.21236951579065247,0.050888506479522505,0.15807554618014713,0.4987345242506125,0.25718737637850997,-0.5177249476990903,0.10992175356339239
Kim Ki-woo,Kim Ki-woo/Parasite,Geek-Outcast-Heroes,0.27390516981052554,0.3210868449089151,0.30814740552360315,-0.0742718752369763,0.14227347910174248,0.23390413041386718,0.20084085908694618
Kim Ki-jung,Kim Ki-jung/Parasite,Adventurer-Demon-Heroes,-0.10842481863364987,0.071779519537715,0.14011650815922233,-0.5558395981784283,-0.27969430068672063,0.8174583486444114,0.014232609807091642
Chung-sook,Chung-sook/Parasite,Outcast-Lone Wolf-Demons,-0.2866869623011565,-0.23623646992931344,-0.04060282239869104,-0.40783348615984233,-0.4412258658558419,0.3381475728327789,-0.17907300563534437
Elinor Dashwood,Elinor Dashwood/Sense and Sensibility,Traditionalist-Angel-Heroes,0.5936242965376228,0.6497990860939044,0.6239996098218039,0.6855696173399821,0.6100710891203451,-0.15113111093455872,0.5019887646631833
Marianne Dashwood,Marianne Dashwood/Sense and Sensibility,Adventurers,0.29702719891490154,0.2285187363114726,0.283843728594402,-0.40724613279241006,0.16770230879963996,0.26115682469171847,0.13850044408662077
Colonel Brandon,Colonel Brandon/Sense and Sensibility,Traditionalist-Angel-Heroes,0.5542923601397098,0.637999171670431,0.6629728088664139,0.6246174229131951,0.548743579985941,-0.07113414723140447,0.4929151993907143
Edward Ferrars,Edward Ferrars/Sense and Sensibility,Traditionalist-Angels,0.6308817279419817,0.5841422642334237,0.49859510911887833,0.7688320257106714,0.697773527679856,-0.47677983049507816,0.4505741373649555
John Willoughby,John Willoughby/Sense and Sensibility,Diva-Adventurer-Demons,-0.4386572542078571,-0.5291308332499884,-0.3802437924567063,-0.6268294355818916,-0.5720301499349599,0.31370142915787036,-0.37219833937892216
Anna,Anna/Frozen,Adventurer-Angels,0.6920215838974642,0.6031210676117561,0.597744753669792,0.0052597963502808934,0.6135977878513987,0.005220751452207346,0.4194942901388165
Elsa,Elsa/Frozen,Heroes,0.2834428421525764,0.4441013665006117,0.49979042355762604,-0.01764047870130679,0.20585115368691512,0.4932073383370397,0.31812544092224376
Kristoff,Kristoff/Frozen,Outcast-Adventurer-Angels,0.803591516121169,0.7653611568481155,0.6503435418459352,0.29512136377327614,0.757921720610461,-0.14706294022697622,0.5208793931619968
Olaf,Olaf/Frozen,Adventurer-Angels,0.6135673990220732,0.5128818586695808,0.40874823744786093,0.008424964860805101,0.5880458959697029,-0.17142942871515818,0.32670648787581075
Hans,Hans/Frozen,Demons,-0.7602001727205318,-0.7172023354424162,-0.3842870959010367,-0.4157927434592085,-0.8185379321190107,0.38051580525743706,-0.4525840790641278
Malcolm Reynolds,Malcolm Reynolds/Firefly + Serenity,Lone Wolf-Adventurer-Heroes,0.11802294234717352,0.2378823313587588,0.409281930928936,-0.5754437615196455,-0.11466466843797898,0.7546687213960048,0.13829124934554146
River Tam,River Tam/Firefly + Serenity,Geek-Adventurer-Heroes,0.014004399106175285,0.21271644258394323,0.23041561145457362,-0.5457972185855877,-0.07234067952171691,0.6360750839328854,0.07917893982837881
Inara Serra,Inara Serra/Firefly + Serenity,Sophisticate-Adventurer-Heroes,0.4653532208161236,0.5309540575748033,0.5024750838673108,-0.04402185066568337,0.30360240123405996,0.4453794940949442,0.36729040115359307
Kaylee Frye,Kaylee Frye/Firefly + Serenity,Adventurer-Angels,0.7191467794061495,0.6901762886770676,0.5749262467162645,-0.004598161870541298,0.6350220464606183,0.03312142653352198,0.4412991043205134
Zoe Washburne,Zoe Washburne/Firefly + Serenity,Heroes,0.38690221066309716,0.5742647007579582,0.6449799197398295,-0.020964621340927678,0.24164136907326325,0.5286632470269702,0.39258113765336516
Hoban Washburne,Hoban Washburne/Firefly + Serenity,Adventurer-Angels,0.6750133408043164,0.6186660121697926,0.524091323791668,-0.05760900395241148,0.5677906036732189,0.003964342985291045,0.3886527699119793
Jayne Cobb,Jayne Cobb/Firefly + Serenity,Brute-Outcast-Demons,-0.48579602379452475,-0.40547167030468995,-0.1443465003235121,-0.6467713076322622,-0.622186033389947,0.5190438932597949,-0.2975879403641902
Derrial Book,Derrial Book/Firefly + Serenity,Angel-Heroes,0.6980025612468456,0.7601721808593949,0.6956687477551077,0.47055401541906655,0.6670909160621181,0.018690560057669663,0.5516964969000336
Simon Tam,Simon Tam/Firefly + Serenity,Diva-Traditionalist-Heroes,0.3831556375189892,0.43828358581365695,0.5114818879028761,0.5219189941104505,0.3954255815280514,-0.08985344282264478,0.3600687073418965
The Operative,The Operative/Firefly + Serenity,Traditionalist-Demon-Heroes,-0.24059056030881468,-0.026660448068192566,0.22744922439630605,0.0809872405744178,-0.2482305129955899,0.3258330547058192,0.01979799971732432
Logan Roy,Logan Roy/Succession,Demon-Heroes,-0.5376692636398993,-0.36789159040843733,-0.02899196153165183,-0.3644648589818384,-0.6231640926131112,0.619150356829005,-0.21717190172432219
Roman Roy,Roman Roy/Succession,Adventurer-Demons,-0.5356271855298382,-0.5490895488868817,-0.3696921578711818,-0.7765163629857221,-0.6571395380608145,0.3990230778886622,-0.4148402859076293
Shiv Roy,Shiv Roy/Succession,Diva-Demon-Heroes,-0.3348524274016033,-0.1853425566166187,0.07362859878185717,-0.3630320352358067,-0.4652750469213551,0.6494122773949271,-0.10424353166643326
Kendall Roy,Kendall Roy/Succession,Outcast-Diva-Demons,-0.438705768016103,-0.4041327509455418,-0.15591406264758742,-0.33345464897327864,-0.5317413315501398,0.21481995482306943,-0.2748547678849302
Marcia Roy,Marcia Roy/Succession,Heroes,-0.11861956252467305,0.02327003551490985,0.23099711509112972,-0.0004503451520421524,-0.20374903832055866,0.46979439559913594,0.06687376670131694
Greg Hirsch,Greg Hirsch/Succession,Outcast-Angel-Fools,0.36223707304887554,0.2102493798581731,0.09760589069022982,0.26788845687543966,0.3999035100288899,-0.5419743930081339,0.13265165291557904
Frank Vernon,Frank Vernon/Succession,Traditionalist-Heroes,0.15528184597755093,0.1725293916110835,0.2641934815402764,0.6277808634422103,0.16380833044825358,-0.28415502567682954,0.18323981455709085
Tom Wambsgans,Tom Wambsgans/Succession,Outcast-Diva-Fools,-0.19626470105436697,-0.34335495083215145,-0.12530274471744632,0.12432922902037961,-0.1915280954769192,-0.4098825522098645,-0.19033396921172815
Connor Roy,Connor Roy/Succession,Outcast-Diva-Fools,-0.21246698672128633,-0.36986336784023444,-0.243423687254937,-0.11833600491112424,-0.20034307526871306,-0.26811532357119616,-0.2354247409279152
Lawrence Yee,Lawrence Yee/Succession,Traditionalist-Demon-Heroes,-0.27182426712185376,-0.13652839896600777,0.04602312751593378,-0.03581967698489973,-0.3163419840744014,0.3504125691530869,-0.060679771746357
Jake Peralta,Jake Peralta/Brooklyn Nine-Nine,Adventurers,0.3080127492498898,0.2526359249481081,0.28413021253843895,-0.4535871368132358,0.16423238192735937,0.24030834203898532,0.13262207898159095
Rosa Diaz,Rosa Diaz/Brooklyn Nine-Nine,Lone Wolf-Demon-Heroes,-0.1258549261033952,0.139756137803546,0.2512780786202333,-0.42707669749394644,-0.2746212920617097,0.7671528154270721,0.05510568603196669
Terry Jeffords,Terry Jeffords/Brooklyn Nine-Nine,Brute-Angel-Heroes,0.7739586177431945,0.7678915482742139,0.7957504962375597,0.44929328928794676,0.7182390445800162,-0.10595743753946012,0.5665292597639119
Amy Santiago,Amy Santiago/Brooklyn Nine-Nine,Diva-Angel-Heroes,0.5119218818275947,0.5750041997451886,0.7024626852020427,0.49739217690076176,0.500825414566544,-0.020044887228217526,0.4612602451689857
Charles Boyle,Charles Boyle/Brooklyn Nine-Nine,Outcast-Diva-Angels,0.6061884593676861,0.46845454928224356,0.46574724188879,0.3699391113757158,0.6027359185349287,-0.48509236256447363,0.3379954863141485
Raymond Holt,Raymond Holt/Brooklyn Nine-Nine,Traditionalist-Heroes,0.2841811341207705,0.4634803245040613,0.5531101769941826,0.3578203392202718,0.26710339711452896,0.23296876792485227,0.35977735664644456
Kumail Nanjiani,Kumail Nanjiani/The Big Sick,Outcast-Adventurer-Angels,0.6491802181395409,0.6047920822252569,0.520389040616662,0.014241316654983406,0.5164341392210723,0.030446680404338292,0.38924724621030893
Emily Gardner,Emily Gardner/The Big Sick,Adventurer-Angel-Heroes,0.7262854381218363,0.7333069920975489,0.6528644113431489,-0.04629137272237398,0.5768657177284502,0.30318849219888855,0.4910366131279165
Clark Kent,Clark Kent/Smallville,Angel-Heroes,0.788047776081045,0.8262252337497035,0.8234923386844997,0.4004146208258934,0.7443808630106495,0.0089332533590766,0.5985823476184781
Chloe Sullivan,Chloe Sullivan/Smallville,Adventurer-Heroes,0.4795105704445627,0.545276026341233,0.6239412346363691,-0.22195203399602575,0.32030799672869226,0.48213677582529524,0.3715367616633544
Lana Lang,Lana Lang/Smallville,Diva-Angel-Heroes,0.6230371123692382,0.5653185867349476,0.594853619496084,0.4214182412601361,0.5687577592123143,-0.07263842390901376,0.4501244825272843
Lex Luthor,Lex Luthor/Smallville,Demon-Heroes,-0.4859602437634911,-0.3072882428187502,-0.02556733460970421,-0.42295943879955566,-0.5847023006145587,0.6534676236304922,-0.19550165616259463
Lionel Luthor,Lionel Luthor/Smallville,Demon-Heroes,-0.5812436165321192,-0.43680877158718623,-0.10677318043320896,-0.42553985914414616,-0.6811940159980217,0.6183535403610885,-0.268867650555599
Lois Lane,Lois Lane/Smallville,Adventurer-Heroes,0.4631836579574888,0.5233176305034489,0.6414197241189941,-0.1897493654817392,0.2817934540439401,0.552509167190753,0.37874571138881424
David Mills,David Mills/Se7en,Adventurer-Demon-Heroes,0.07861410182643387,0.20996286327382907,0.47932044461512013,-0.44411067291821626,-0.1353234273427136,0.6226200358649132,0.13518055755322772
William Somerset,William Somerset/Se7en,Traditionalist-Heroes,0.4609150970349131,0.6154838813406633,0.6374149263512016,0.4005693411530191,0.40706526637409984,0.20050710781632697,0.453659270011704
Tracy Mills,Tracy Mills/Se7en,Angels,0.80810047069177,0.6955087862399021,0.5630503979192604,0.674641371539864,0.8208666720820235,-0.44279520699226754,0.5198954152467588
Will Hunting,Will Hunting/Good Will Hunting,Outcast-Lone Wolf-Heroes,0.053216761853268804,0.20243718272739214,0.2628577698330831,-0.5157306023749382,-0.13040584933763621,0.6775051089971128,0.09164672861638042
Skylar,Skylar/Good Will Hunting,Diva-Angel-Heroes,0.7861338285324512,0.7894651754952307,0.7502414587588128,0.359260870284403,0.7038208171352816,0.07147408158654797,0.5767327052987878
Dr. Sean Maguire,Dr. Sean Maguire/Good Will Hunting,Adventurer-Angel-Heroes,0.7758540231964981,0.8354142208284917,0.7361878165312351,0.1526736434656556,0.6651150853575212,0.21197503070596485,0.5628699700142278
Sam Witwicky,Sam Witwicky/Transformers,Outcast-Adventurers,0.44438093562856495,0.4103230144608356,0.4965295806529929,-0.1438695775503767,0.3039075144991793,0.09854554749379572,0.26830283586416526
Mikaela Banes,Mikaela Banes/Transformers,Adventurer-Heroes,0.31652155990889,0.38891678666598595,0.4513996485840152,-0.4162289149416256,0.08882158569075524,0.6342454783762944,0.24394602404738586
Bumblebee,Bumblebee/Transformers,Adventurer-Angels,0.7828407186103401,0.760776946091552,0.6594174552382528,0.0928526985901938,0.7208276284485913,-0.02908633722014001,0.4979381849597983
Optimus Prime,Optimus Prime/Transformers,Angel-Heroes,0.5416068878009032,0.6769852300049779,0.7241727975423513,0.37271392443615425,0.49195400847615395,0.18345062233187348,0.498480578432069
Megatron,Megatron/Transformers,Demons,-0.6696285001097361,-0.5070466035729654,-0.19584677926513125,-0.584418014094523,-0.7606087701999118,0.6137993790509393,-0.35062488136522135
Amélie Poulain,Amélie Poulain/Amélie,Geek-Adventurer-Angels,0.6029216153797073,0.6134091562873976,0.505519201929465,-0.08991688276235066,0.5353375405171975,0.21897926449633745,0.3977083159746257
Nino Quincampoix,Nino Quincampoix/Amélie,Geek-Outcast-Angels,0.7120435144430254,0.67863071124347,0.5242980429158726,0.26166292450351153,0.6788724791711157,-0.15438225562764593,0.45018756944155824
Scarlett O'Hara,Scarlett O'Hara/Gone With the Wind,Adventurer-Demon-Heroes,-0.3935685335952643,-0.3133053467154617,-0.002214027960226563,-0.667998673915021,-0.5578134731532325,0.7245538533999647,-0.20172436698987353
Rhett Butler,Rhett Butler/Gone With the Wind,Adventurer-Demon-Heroes,-0.14313150479150483,-0.02048100512705293,0.1631623979377906,-0.6462469784005873,-0.36574250857406443,0.83446767897778,-0.029661986662939826
Melanie Hamilton,Melanie Hamilton/Gone With the Wind,Angels,0.7463417530383484,0.6774882533932135,0.5806030574342029,0.7856708646700739,0.8141854694416993,-0.47379428004016594,0.5217491863228954
Ashley Wilkes,Ashley Wilkes/Gone With the Wind,Diva-Traditionalist-Angels,0.169837577256977,0.10709826491841301,0.20869021653674716,0.7479052853867788,0.2651160099799973,-0.5092369282823213,0.16490173763276536
India Wilkes,India Wilkes/Gone With the Wind,Outcast-Diva-Traditionalists,-0.24424867515200402,-0.32105637899331496,-0.029665757005085072,0.26375522135650575,-0.198345928153288,-0.256663530357173,-0.13103750805072656
Mammy,Mammy/Gone With the Wind,Brute-Angel-Heroes,0.634638992624457,0.6815864034398815,0.7715902254627826,0.40919390955962603,0.5623092284929334,-0.009235319085859584,0.5083472400823035
Tyler Durden,Tyler Durden/Fight Club,Adventurer-Demon-Heroes,-0.33381837004888576,-0.19481211018895975,-0.030781164546968706,-0.8298619993254118,-0.5159323423896244,0.8224230184400191,-0.18046382800997188
The Narrator,The Narrator/Fight Club,Geek-Outcast-Traditionalists,-0.15416812317393078,-0.12079553523987197,-0.074074528222973,0.204809415097054,-0.13158818933943003,-0.22774954569966868,-0.08392775109647009
Marla Singer,Marla Singer/Fight Club,Outcast-Adventurer-Demons,-0.3122550676715305,-0.2473337011979156,-0.16371695520674404,-0.8404024381864856,-0.5083226774765377,0.5981119167994536,-0.24565315382329334
Count Olaf,Count Olaf/A Series of Unfortunate Events,Demons,-0.7375855850284496,-0.6746816713918481,-0.3957040971610839,-0.7392640921566173,-0.8275163605946649,0.519472953562496,-0.475879808795028
Klaus Baudelaire,Klaus Baudelaire/A Series of Unfortunate Events,Geek-Angel-Heroes,0.6126846152043727,0.7063505668164493,0.6745856558783412,0.4811876976771147,0.5932465216317737,0.022159066369928475,0.5150356872629968
Violet Baudelaire,Violet Baudelaire/A Series of Unfortunate Events,Angel-Heroes,0.6218024155817354,0.7451412129720975,0.7109899370436557,0.2533462403272249,0.556852138706105,0.28834501325991096,0.5294128263151215
Dominic Toretto,Dominic Toretto/Fast & Furious,Lone Wolf-Heroes,0.21771200029421503,0.40317448635088093,0.5743824801049082,-0.27847536691626446,0.034251134388325735,0.6234418608160975,0.2624144325063605
Brian O'Conner,Brian O'Conner/Fast & Furious,Adventurer-Angel-Heroes,0.6540693636313119,0.7379098577468386,0.773399717230412,0.02252790411513237,0.49819816097212694,0.37793226988181144,0.5106728789296056
Letty Ortiz,Letty Ortiz/Fast & Furious,Lone Wolf-Demon-Heroes,0.05624570967817834,0.26495434642757165,0.4297398956910028,-0.4499728124164227,-0.14509515876819956,0.7576313569197,0.15225055625530506
Mia Toretto,Mia Toretto/Fast & Furious,Angel-Heroes,0.8377878828398956,0.8395672378381199,0.7746949692246148,0.3974589283097585,0.7518825996963973,0.020878457189943835,0.6037116791831215
Han Lue,Han Lue/Fast & Furious,Adventurer-Angel-Heroes,0.679231117190974,0.7359005234830779,0.6146766132332296,0.015277983379266212,0.5480180512129297,0.2511534931756299,0.4740429636125179
Gisele Yashar,Gisele Yashar/Fast & Furious,Heroes,0.36324707389593613,0.515368996352152,0.5506209512785781,-0.16800360863006003,0.19964583905917,0.6170060346202795,0.34631421442934257
Forrest Gump,Forrest Gump/Forrest Gump,Angels,0.8115904154013623,0.8040957728825484,0.6976092829840924,0.4180691837758812,0.8386863832566215,-0.24172179002280014,0.5547215413796177
Jenny Curran,Jenny Curran/Forrest Gump,Adventurers,-0.03174021495706397,-0.08191464825120802,-0.11183407200648582,-0.6488286046248528,-0.2202020497466177,0.4016716438712528,-0.11547465761916258
Dan Taylor,Dan Taylor/Forrest Gump,Outcast-Lone Wolf-Demons,-0.26137677904781936,-0.13583429909829323,0.09548456834028209,-0.6521058285795969,-0.4590572199792709,0.6590807684603606,-0.12563479831738963
Tony Johnson,Tony Johnson/After Life,Outcast-Lone Wolf-Demons,-0.15974193459544475,-0.04093710439105767,0.1039919808656723,-0.4023171773056519,-0.2994629568390501,0.46182727707686605,-0.05610665253144436
Matt Braden,Matt Braden/After Life,Outcast-Traditionalist-Angels,0.4441262647118086,0.366343539425211,0.3678764875492338,0.780874153362638,0.5072541473416184,-0.5718022090215595,0.3157787305614917
Lenny,Lenny/After Life,Outcast-Angel-Fools,0.30312230368532744,0.1834663232939365,0.06147312435063186,0.3056921586502144,0.3409892263068659,-0.5627082713362868,0.10533914415844825
Kath,Kath/After Life,Outcast-Diva-Adventurers,0.12376410076089339,0.039879155777885214,0.25356093070061436,-0.08140659108723297,0.021051223140817556,-0.0490701923680956,0.051296437820813647
Lisa Johnson,Lisa Johnson/After Life,Adventurer-Angel-Heroes,0.741867356223274,0.7142580350945638,0.6145691331806685,0.07040024477992543,0.6560734126228243,0.10010625560467794,0.4828790729176557
Emma,Emma/After Life,Angel-Heroes,0.811621790725405,0.8345251880587629,0.7632713521989011,0.5505899995874347,0.752053922589978,-0.0809722309156645,0.6051816703741362
Jess Day,Jess Day/New Girl,Diva-Adventurer-Angels,0.6821740130727608,0.6047559603927933,0.5805221288042479,0.13466890706778267,0.6413618278701324,-0.09640778120031526,0.42451250933456697
Nick Miller,Nick Miller/New Girl,Outcast-Adventurer-Fools,-0.004664620823224489,-0.042994056736336404,-0.008756947367592813,-0.41317577825713153,-0.1240289080172074,0.13346347687192117,-0.07669280572159524
Schmidt,Schmidt/New Girl,Diva-Heroes,0.007922621281795723,-0.003939807795745833,0.29432637155725805,-0.0981168985611469,-0.09091868438355562,0.1814025116919441,0.04844601896509159
Cece Parekh,Cece Parekh/New Girl,Sophisticate-Adventurer-Heroes,0.31294043121972615,0.35065472721849933,0.4182239749602857,-0.27485194095551224,0.11704346257488156,0.5226355507377873,0.241107700959278
Winston Bishop,Winston Bishop/New Girl,Diva-Adventurer-Angels,0.6678582569730098,0.5772284138906826,0.5341658402915482,0.09047708361083007,0.6021834706188377,-0.14904593320859785,0.38714452202938504
Barry Allen,Barry Allen/The Flash,Adventurer-Angel-Heroes,0.7603453170954239,0.7711613122104136,0.7468293810430466,0.164771153565577,0.6777124755585767,0.09374995018090665,0.5357615982756574
Iris West,Iris West/The Flash,Diva-Angel-Heroes,0.6086330694938207,0.6149227124536543,0.6991703085709204,0.2138286875540647,0.4892059337668311,0.20286013073170475,0.471436807095166
Caitlin Snow,Caitlin Snow/The Flash,Angel-Heroes,0.5648592029699376,0.6580262060120216,0.6621785471394768,0.4353768148363612,0.5200001127714311,0.0716854761848106,0.48535439331900654
Cisco Ramon,Cisco Ramon/The Flash,Adventurer-Angel-Heroes,0.6773835581038438,0.6937340639550018,0.6196679116693218,0.02539757222943978,0.5813411801820599,0.09583685924351419,0.4488935242305303
Dr. Harry Wells,Dr. Harry Wells/The Flash,Geek-Demon-Heroes,-0.32210531797481046,-0.11738184202709165,0.1008207691715388,-0.2901772176022311,-0.413276651238732,0.6431345561086956,-0.06649761726043846
Joe West,Joe West/The Flash,Brute-Angel-Heroes,0.6539410133563363,0.7309470845713448,0.8069428355258662,0.48767758509963516,0.5710603098674925,0.055346745058371734,0.5509859289131743
Nancy Thompson,Nancy Thompson/A Nightmare on Elm Street,Outcast-Angel-Heroes,0.6176642754796223,0.6548870018072523,0.7176676142253445,0.14671786788803767,0.5116638762997122,0.20810856777670078,0.47611820057944504
Donald Thompson,Donald Thompson/A Nightmare on Elm Street,Brute-Traditionalist-Heroes,-0.1501222557525189,-0.097954587468122,0.23027016547301818,0.27715171823670387,-0.1842355685356672,-0.0021197382638828517,0.012164955614921848
Freddy Krueger,Freddy Krueger/A Nightmare on Elm Street,Demons,-0.5791249625644821,-0.4358728518289268,-0.19349837591231622,-0.7967453072177637,-0.7054648597775856,0.6872255081752117,-0.33724680818764385
Glen Lantz,Glen Lantz/A Nightmare on Elm Street,Brute-Adventurers,0.3118113319435427,0.22967731983275208,0.1553386427182819,-0.22698898187598257,0.16361288533106838,0.08433293411682995,0.11963068867774873
Marge Thompson,Marge Thompson/A Nightmare on Elm Street,Diva-Traditionalist-Heroes,-0.21598902678890147,-0.2321796607806602,0.03625019377547963,0.26892972563049106,-0.23616007055933522,-0.050644564776700866,-0.07163223391660452
Nemo,Nemo/Finding Nemo,Adventurers,0.3810931816524506,0.34705976852535325,0.3508714604064754,-0.37477206281302006,0.29013303543641245,0.25292325910264357,0.20788477371838587
Marlin,Marlin/Finding Nemo,Outcast-Traditionalist-Heroes,0.28224178317413956,0.3007281752256284,0.4893414857546337,0.5137223106881096,0.27377218577041035,-0.18139398282726063,0.27973532629761017
Dory,Dory/Finding Nemo,Adventurer-Angels,0.5201776955145331,0.421229245655516,0.3165951695385013,-0.14261940540473422,0.4716783414531991,-0.10066001529760538,0.24773350524323498
Jimmy McGill,Jimmy McGill/Better Call Saul,Adventurer-Demons,-0.05111179048871509,-0.03717714797410151,0.09539108606332018,-0.7192966526337552,-0.26842589159730423,0.6178219108301488,-0.06046641430006785
Mike Ehrmantraut,Mike Ehrmantraut/Better Call Saul,Lone Wolf-Traditionalist-Heroes,0.12432839153828805,0.34645888076412884,0.45549869166158763,0.10340812914860813,0.052079285696420466,0.3947398287434919,0.2460855345920875
Kim Wexler,Kim Wexler/Better Call Saul,Heroes,0.4840398832871509,0.6192725028154139,0.6971720799610631,0.24850993637772734,0.3720069525153979,0.319943641224211,0.4568241660301607
Howard Hamlin,Howard Hamlin/Better Call Saul,Diva-Traditionalist-Heroes,-0.15819281053411144,-0.13265463937185779,0.14971231197144932,0.2465147804001322,-0.17893425142656397,0.07605394093374171,0.0004165553287983394
Nacho Varga,Nacho Varga/Better Call Saul,Lone Wolf-Demon-Heroes,-0.12615823557824454,0.07045830982916235,0.25037906047991243,-0.3776439120185934,-0.3118847374253373,0.6427352577556192,0.024647623840419797
Chuck McGill,Chuck McGill/Better Call Saul,Traditionalist-Demon-Heroes,-0.4217551608517426,-0.3232117402797106,-0.009142487616788524,0.0660631543714313,-0.41268910396275005,0.16112376416869678,-0.1566019290284773
Ted Mosby,Ted Mosby/How I Met Your Mother,Outcast-Diva-Angels,0.326447810315551,0.20067956418648525,0.3221051864759982,0.3271226014104656,0.30621108649764645,-0.37752499976190745,0.1841735415207065
Marshall Eriksen,Marshall Eriksen/How I Met Your Mother,Adventurer-Angels,0.7838473682221805,0.6622802492844807,0.6075323614977244,0.4143769880580292,0.7654958285829371,-0.39565382747640854,0.4729798280281572
Robin Scherbatsky,Robin Scherbatsky/How I Met Your Mother,Demon-Heroes,-0.020797837583427035,0.15066407315298858,0.35164763947363364,-0.37778330970822793,-0.21089630370459864,0.7617698930991854,0.10910069245492567
Barney Stinson,Barney Stinson/How I Met Your Mother,Diva-Adventurer-Demons,-0.3090810025539778,-0.2624620355568576,-0.02818851026277442,-0.6623828341444484,-0.47353854173503807,0.616601061624994,-0.18650864377135037
Lily Aldrin,Lily Aldrin/How I Met Your Mother,Diva-Adventurer-Heroes,0.4783774493390064,0.41734532204251085,0.48670828890525286,-0.2095141211961782,0.328770729846533,0.22213548638009784,0.28730385921953716
Charlie Kelly,Charlie Kelly/It's Always Sunny in Philadelphia,Outcast-Adventurer-Fools,-0.0016617964701529007,-0.041327658182426834,0.006829016533482467,-0.5024565691532296,-0.0891340611265031,0.08979650415215137,-0.08965909404111311
Dennis Reynolds,Dennis Reynolds/It's Always Sunny in Philadelphia,Diva-Demons,-0.6628342386934886,-0.596008409271851,-0.2640550029135399,-0.6161777790127756,-0.7788073376531128,0.5469431266852659,-0.395156606809917
Mac,Mac/It's Always Sunny in Philadelphia,Outcast-Adventurer-Demons,-0.2954046543522475,-0.36148989478170435,-0.09457370886499696,-0.5361740080840806,-0.41052441730336625,0.14244806267001403,-0.2592864367860636
Dee Reynolds,Dee Reynolds/It's Always Sunny in Philadelphia,Outcast-Adventurer-Demons,-0.5627652729136275,-0.5948576926364871,-0.3646159565685331,-0.6885236142947275,-0.6878020428928625,0.29022042366478573,-0.43472402594024206
Frank Reynolds,Frank Reynolds/It's Always Sunny in Philadelphia,Adventurer-Demons,-0.5349526764295284,-0.4877833764374422,-0.26372449482751203,-0.8047145863460754,-0.6774733594284862,0.5492079103120168,-0.36990676385950455
Fern,Fern/Nomadland,Outcast-Lone Wolf-Heroes,0.4701497049039341,0.6097873907741544,0.5143529350876136,-0.04291302925055847,0.35876405209214823,0.3645782591038599,0.37911988545185865
Jesse,Jesse/Before Sunrise,Adventurers,0.551739787693776,0.5214498785530735,0.4763813592665546,-0.2643546848277207,0.3730176071598894,0.3239415730715869,0.3303625868195266
Céline,Céline/Before Sunrise,Adventurer-Angel-Heroes,0.6693457169161041,0.7072506405607092,0.619827056567915,0.022166841677216956,0.5523279717501195,0.32966297081611246,0.4834301997146962
Benjamin Button,Benjamin Button/The Curious Case of Benjamin Button,Adventurer-Angel-Heroes,0.7860406782371212,0.8230824075757995,0.7080555492742637,0.11771036165217608,0.6833462221015003,0.177052411366528,0.5492146050345648
Daisy Fuller,Daisy Fuller/The Curious Case of Benjamin Button,Angel-Heroes,0.6531961403872919,0.6805224455081766,0.6782417432344476,0.21510730038555928,0.5489549790179072,0.24132617955358604,0.5028914646811615
Archie 'Snake' Simpson,Archie 'Snake' Simpson/Degrassi: The Next Generation,Traditionalist-Angel-Heroes,0.5103794227396565,0.5281974448303887,0.6299578481521948,0.6185993572141754,0.4895393094536483,-0.207049842526557,0.42827058997725104
Clare Edwards,Clare Edwards/Degrassi: The Next Generation,Outcast-Traditionalist-Heroes,0.30451126201165646,0.3283244037701444,0.4245953509466295,0.47893881088198126,0.33236066824646826,-0.1355651499799469,0.2888608909794888
Alli Bhandari,Alli Bhandari/Degrassi: The Next Generation,Diva-Adventurer-Heroes,0.07957008082415455,0.0422012590485571,0.18689079632536446,-0.35000255092476057,-0.07145704103718363,0.3402140766248921,0.03790277014350401
Connor Deslauriers,Connor Deslauriers/Degrassi: The Next Generation,Outcast-Traditionalist-Angels,0.4983251061494755,0.5378908427704636,0.485798052516219,0.6072309990021736,0.5649657834065502,-0.29884449479354236,0.39922771484188996
Gavin 'Spinner' Mason,Gavin 'Spinner' Mason/Degrassi: The Next Generation,Adventurer-Demons,-0.06544672667633379,-0.07445893061401261,-0.005521660932449743,-0.6596350186269574,-0.24033892600173468,0.37083474283867174,-0.1124277533354694
Emma Nelson,Emma Nelson/Degrassi: The Next Generation,Diva-Heroes,0.3116311606840282,0.26525797065139867,0.44171070306386395,0.03236197626675745,0.21133628504172636,0.17536358216219114,0.2396102796449943
Manny Santos,Manny Santos/Degrassi: The Next Generation,Adventurers,0.12959313648668544,0.1079270449906235,0.1776277125721411,-0.5472942319110901,-0.06064336390882477,0.44767283708654565,0.042480522552680144
Drew Torres,Drew Torres/Degrassi: The Next Generation,Brute-Adventurer-Demons,-0.13894287839308334,-0.21624520061383803,-0.027488356199486825,-0.44441902200301964,-0.30087687625135895,0.24490156504091556,-0.14717846140331187
Jenna Middleton,Jenna Middleton/Degrassi: The Next Generation,Brute-Diva-Adventurers,-0.06860814198336986,-0.21588410536874075,-0.019234016286017248,-0.28656686609882126,-0.18908902995389323,0.04249457782229617,-0.12281459697809104
Liberty Van Zandt,Liberty Van Zandt/Degrassi: The Next Generation,Traditionalist-Heroes,0.33899586689819344,0.4431822220565345,0.5817551409692029,0.39466846851518905,0.3267280828931391,0.13043348556300874,0.369293877815878
Hawkeye Pierce,Hawkeye Pierce/M*A*S*H,Adventurer-Heroes,0.24834547743090168,0.3037084241683582,0.3563806628153119,-0.5660958085884473,0.01265437172330807,0.6478242722824964,0.16713623330532146
Margaret Houlihan,Margaret Houlihan/M*A*S*H,Diva-Heroes,0.06761680227944845,0.16101133347284316,0.492513877216806,0.0093849292738474,-0.06955223974052839,0.40767124445203146,0.17810765782574134
Maxwell Klinger,Maxwell Klinger/M*A*S*H,Adventurers,0.32100559540581136,0.2667780181247781,0.2703691521670118,-0.48942118991963,0.14432870078839788,0.3215597641931829,0.13910334012659198
Francis Mulcahy,Francis Mulcahy/M*A*S*H,Angel-Heroes,0.8374909546235941,0.8143893078976397,0.7121955833911564,0.6803072970003542,0.8714004131788002,-0.3151845108468445,0.6000998408741167
Frank Burns,Frank Burns/M*A*S*H,Diva-Traditionalist-Demons,-0.49697388016212996,-0.5123735638258803,-0.14281223396938855,0.08389082342067215,-0.4743356842344683,-0.12653158075633408,-0.2781893532545882
Radar O'Reilly,Radar O'Reilly/M*A*S*H,Outcast-Angels,0.7836852352407238,0.719985439560707,0.6122342417898394,0.6540816266391546,0.8479854258506921,-0.5177988793133824,0.516695514961289
Jack Maine,Jack Maine/A Star Is Born,Outcast-Adventurer-Demons,-0.14601689391088507,-0.09483411194183383,0.012002416617590593,-0.6172558991590871,-0.340743757767581,0.5207599570595476,-0.1110147148503748
Ally Maine,Ally Maine/A Star Is Born,Adventurer-Angel-Heroes,0.6931655524733511,0.7397060755948862,0.661521127124905,-0.08115494163331548,0.5373959653894794,0.36672349029071877,0.48622621154000417
Shawn Spencer,Shawn Spencer/Psych,Adventurers,0.051697109810187034,0.034701676360008316,0.10425987689257345,-0.6824294296443649,-0.1216628575989068,0.5065452689828692,-0.01781472586627229
Burton Guster,Burton Guster/Psych,Diva-Angel-Heroes,0.6327430533757662,0.6260804677397555,0.6447726772842778,0.5838161986350384,0.6152381259936016,-0.23184667308533222,0.47846730832385115
Carlton Lassiter,Carlton Lassiter/Psych,Traditionalist-Demon-Heroes,-0.16355221833140426,-0.01323151778059969,0.3266521951965046,0.19126457623418208,-0.1847407187377019,0.2140963034845267,0.061748103344251265
Juliet O'Hara,Juliet O'Hara/Psych,Angel-Heroes,0.746307475855446,0.7652762263786116,0.7732182560115326,0.45164412543899957,0.6957095177651931,0.025611881938029022,0.5762945805646353
Henry Spencer,Henry Spencer/Psych,Brute-Traditionalist-Heroes,0.061581092427376805,0.21788204877320705,0.46948569426251924,0.17094196582473048,-0.014903296295648127,0.33052019617335254,0.20591795019425632
Karen Vick,Karen Vick/Psych,Traditionalist-Heroes,0.34460064480136754,0.469580438122749,0.6108459445554705,0.3983886990101251,0.2988810296346215,0.1945644171633918,0.3861435288812876
Miguel,Miguel/Coco,Adventurer-Angels,0.683009155908829,0.6573476110315755,0.5928498124568743,-0.11022770565559954,0.5925700479209974,0.18835804745890736,0.43398449485359736
Héctor,Héctor/Coco,Outcast-Adventurer-Angels,0.5567228751322288,0.4979841133878224,0.4280919258057331,-0.20692865714530137,0.4330828841480877,0.10246177345100317,0.3019024857965957
Ernesto de la Cruz,Ernesto de la Cruz/Coco,Demons,-0.7405134323840584,-0.7266942415337005,-0.40494481861711074,-0.5824409602444525,-0.8268730487012411,0.4281151578731796,-0.47555855726789736
Mamá Imelda,Mamá Imelda/Coco,Heroes,0.22775279406464052,0.3357463038492245,0.5798924971557656,0.20024051695673087,0.1359867403341447,0.32419412386622026,0.3006354960377878
Mamá Coco,Mamá Coco/Coco,Angels,0.7803710133468986,0.7400449185247834,0.561876854325135,0.5223327566768726,0.8023987329280882,-0.26309637320333973,0.5239879837664063
Bob Parr,Bob Parr/The Incredibles,Brute-Adventurer-Heroes,0.2995147572543112,0.30888075046471025,0.5562374016288377,-0.04056122447819214,0.15095487909757171,0.21361665457473025,0.2481072030903282
Helen Parr,Helen Parr/The Incredibles,Heroes,0.5658012224219664,0.649153136001707,0.729952741561323,0.19973108295773342,0.4422925142560879,0.3246581231610049,0.4852648033933038
Violet Parr,Violet Parr/The Incredibles,Geek-Outcast-Heroes,0.4469724577252935,0.5183527215085877,0.43241386160569506,0.2388997453426487,0.4165226799623956,0.06748195630623595,0.35344057040847604
Dashiell Parr,Dashiell Parr/The Incredibles,Adventurer-Demons,-0.07050369049405927,-0.0783469433520603,0.08649106741977722,-0.6418941821389734,-0.2028267577251572,0.4071530650068318,-0.0833212402139402
Buddy Pine,Buddy Pine/The Incredibles,Demons,-0.6666006145307491,-0.5924356657678002,-0.31315172517535433,-0.6781340945596662,-0.7472421532414247,0.4760019452246124,-0.4202603846750637
William Adama,William Adama/Battlestar Galactica,Heroes,0.3490608645642397,0.5201333027183235,0.6672254923367267,0.27872594522407773,0.2815451405822652,0.3010076130315377,0.3996163930761951
Laura Roslin,Laura Roslin/Battlestar Galactica,Heroes,0.47926523210900307,0.5925526126201588,0.6959930731874031,0.2696061320081516,0.39576020721153715,0.27903208283843206,0.45203488999578106
Kara 'Starbuck' Thrace,Kara 'Starbuck' Thrace/Battlestar Galactica,Adventurer-Demon-Heroes,-0.10821226758300354,0.042942716771963096,0.23334375423024967,-0.7398134555932037,-0.3142532597266651,0.7981363302550002,-0.014642696940943223
Lee 'Apollo' Adama,Lee 'Apollo' Adama/Battlestar Galactica,Brute-Heroes,0.40558848857595575,0.4877370233245182,0.6994234996631326,0.2550712537171875,0.3172293201813297,0.18871851755425245,0.39229468383606275
Gaius Baltar,Gaius Baltar/Battlestar Galactica,Geek-Diva-Demons,-0.506882927981221,-0.49522743213578846,-0.3148567204662827,-0.6174575406136208,-0.6278524208282886,0.43048097048341105,-0.35529934525696505
Number Six,Number Six/Battlestar Galactica,Sophisticate-Demon-Heroes,-0.19353220874860394,-0.07196632421332687,0.10485909528719929,-0.48140483147035235,-0.32781420888129703,0.6640465582142022,-0.050968653302029765
Sharon 'Boomer' Valerii,Sharon 'Boomer' Valerii/Battlestar Galactica,Heroes,0.14966806486653778,0.3262124175890245,0.4575366319343365,-0.21688160960682065,-0.002985710102789422,0.5269433983746616,0.20674886550915839
Saul Tigh,Saul Tigh/Battlestar Galactica,Outcast-Demon-Heroes,-0.3897293248364513,-0.2548668625544707,0.12350615264195582,-0.1319523518000063,-0.4827378139911501,0.29926481719973697,-0.13941923055673097
Galen Tyrol,Galen Tyrol/Battlestar Galactica,Brute-Outcast-Heroes,0.4587145400592872,0.5360115304621436,0.6311304670834411,0.3172427771818378,0.3761983007470657,-0.04606290886936407,0.37887245111073514
Karl 'Helo' Agathon,Karl 'Helo' Agathon/Battlestar Galactica,Brute-Outcast-Heroes,0.5396880750903195,0.6476762690567262,0.7715642353606652,0.2718394119612554,0.43772782621415807,0.13573331652666323,0.46737152236829793
Felix Gaeta,Felix Gaeta/Battlestar Galactica,Outcast-Traditionalist-Heroes,0.2558464485626115,0.33222615380124004,0.4284252330869194,0.4729380328973266,0.2521653324087956,-0.11916668116079374,0.2704057532660166
Anastasia Dualla,Anastasia Dualla/Battlestar Galactica,Angel-Heroes,0.5530287832209818,0.6510132864090984,0.7188617474111177,0.4651696837513773,0.4907039234161471,0.034508461594376864,0.48554764763384983
Billy Keikeya,Billy Keikeya/Battlestar Galactica,Diva-Angels,0.645474183434358,0.5702960687698662,0.5099685489171991,0.7675825658032682,0.7078979884800988,-0.557267598491685,0.44065862615218415
Cally Henderson,Cally Henderson/Battlestar Galactica,Outcast-Angels,0.5557196217030154,0.48143640122097653,0.4740727167110001,0.3564741484809204,0.5453069400204473,-0.38327098427035966,0.33828980731100006
Samuel 'Longshot' Anders,Samuel 'Longshot' Anders/Battlestar Galactica,Brute-Adventurer-Heroes,0.2931616036724905,0.3681631267660455,0.5471640732111293,-0.27282892250184226,0.09413670159805479,0.4406077309246433,0.24506738561175348
Viola,Viola/Twelfth Night,Adventurer-Angel-Heroes,0.6084725091573542,0.6667378080193732,0.6302785842071761,-0.1783371086496161,0.46663998422856706,0.46720327426824876,0.44349917520518384
Sebastian,Sebastian/Twelfth Night,Adventurer-Angels,0.5539047204940233,0.46099683883037323,0.4354021996438005,-0.05265316434283125,0.433989651726295,0.014711501233341794,0.30772529126416714
Olivia,Olivia/Twelfth Night,Diva-Adventurer-Heroes,0.3396544167110703,0.29942902044087366,0.4730807963113657,-0.029515917833780093,0.22326196366057308,0.2252247608520343,0.2551891733570228
Duke Orsino,Duke Orsino/Twelfth Night,Brute-Diva-Adventurers,-0.04517104648350723,-0.10860021268702957,0.17959237465210867,-0.1285435417330637,-0.15263212583248723,0.0785803243924241,-0.029462371281925828
Malvolio,Malvolio/Twelfth Night,Outcast-Diva-Demons,-0.5276987528266188,-0.5010058868312901,-0.11037963754943081,-0.09960799329778043,-0.5476386551616383,0.04275245829248822,-0.29059641122904506
Edward Elric,Edward Elric/Fullmetal Alchemist: Brotherhood,Outcast-Adventurer-Heroes,0.14211384214513165,0.27877027422088424,0.46818882172465515,-0.5624679111870665,-0.03802150799400625,0.6836234364916277,0.162034492566871
Alphonse Elric,Alphonse Elric/Fullmetal Alchemist: Brotherhood,Angel-Heroes,0.8870934439847865,0.881964814916144,0.7154914799705068,0.5304408010209296,0.9040008544761697,-0.266789302206016,0.6087003486937534
Roy Mustang,Roy Mustang/Fullmetal Alchemist: Brotherhood,Heroes,0.08872468107119434,0.28196017696295095,0.5250020090753162,-0.18699305683411996,-0.07657771773448019,0.6491162874938006,0.21353873000577703
Riza Hawkeye,Riza Hawkeye/Fullmetal Alchemist: Brotherhood,Heroes,0.4829315654717859,0.6519474250280176,0.7061809295951653,0.3416467131281265,0.41616517088665445,0.23770878597160405,0.47276343168022567
Scar,Scar/Fullmetal Alchemist: Brotherhood,Lone Wolf-Demon-Heroes,-0.17440824983605377,0.0558530096789275,0.2626043023125052,-0.2648507828911077,-0.2699704152818234,0.5716507416854746,0.030146434277987067
Denny Brosh,Denny Brosh/Fullmetal Alchemist: Brotherhood,Brute-Outcast-Angels,0.6476143723071746,0.4935887442249985,0.4262052457735331,0.6294946389815285,0.6789338988057498,-0.6587469786932949,0.3695149868999483
Baby,Baby/Baby Driver,Geek-Outcast-Heroes,0.4703741351957507,0.6354446311748697,0.5649075015625598,-0.02634124720572183,0.37458924353564554,0.35902319848706554,0.39633291045836155
Doc,Doc/Baby Driver,Traditionalist-Demon-Heroes,-0.39724662287670454,-0.22588879001594478,0.05611744851652966,-0.09679758049392996,-0.46079022614601967,0.47290642979676123,-0.10861655686988468
Debora,Debora/Baby Driver,Adventurer-Angels,0.8287045580181793,0.7656294201074513,0.6153787301615026,0.2407899953880679,0.7675633995119897,-0.0490391440173067,0.5281711598616473
Regina Mills,Regina Mills/Once Upon a Time,Demon-Heroes,-0.1987539071637208,-0.023846216328440473,0.24654304574291547,-0.40380096730530457,-0.3613011030831831,0.7394119642432596,-0.0002911973157456356
Mr. Gold,Mr. Gold/Once Upon a Time,Demon-Heroes,-0.5564723612098098,-0.4028556717632729,-0.10707178941185015,-0.554180239868821,-0.6771821737523204,0.6786814826110678,-0.26984679223250113
Henry Mills,Henry Mills/Once Upon a Time,Adventurer-Angel-Heroes,0.7357395903508769,0.7546959964396603,0.7596204447438536,0.13849139394100643,0.6437700154263534,0.1411962882271317,0.5289189548548138
Emma Swan,Emma Swan/Once Upon a Time,Heroes,0.34766026328393623,0.5061656969373823,0.6183450655816265,-0.30435362427041446,0.1364791082182794,0.6923210627077357,0.33276959540975765
Mary Margaret Blanchard,Mary Margaret Blanchard/Once Upon a Time,Angel-Heroes,0.8094330491147538,0.7480426220817998,0.6955821557233162,0.5250327773414878,0.8045983803923745,-0.19416987323897592,0.5647531852357927
David Nolan,David Nolan/Once Upon a Time,Brute-Angel-Heroes,0.7686649691696686,0.719878378236228,0.7643448290028191,0.4690281715374658,0.7178993986282738,-0.11354601094375309,0.5543782892717837
Captain Killian 'Hook' Jones,Captain Killian 'Hook' Jones/Once Upon a Time,Adventurer-Demon-Heroes,-0.037267066840992645,0.06936720461430075,0.21557043792805453,-0.7003475316934535,-0.26584518943089086,0.7926692678579966,0.012357853739169145
Belle French,Belle French/Once Upon a Time,Angel-Heroes,0.8369597952067145,0.7963101096366807,0.7056736198692455,0.49871524981174764,0.8235324865468622,-0.14648775152576174,0.5857839182575815
Zelena,Zelena/Once Upon a Time,Demons,-0.5153528333912859,-0.3955642430229726,-0.12290039330758912,-0.7246049625638529,-0.6606059369143742,0.7380378379173819,-0.28016508854711547
Granny Lucas,Granny Lucas/Once Upon a Time,Brute-Angel-Heroes,0.5505030466137532,0.6009628481373951,0.7030588281876327,0.3817981084539139,0.4796211490462865,0.11818650532864006,0.47235508096127016
Amanda LaRusso,Amanda LaRusso/Cobra Kai,Diva-Angel-Heroes,0.5915372479835928,0.5853245996263234,0.6352557511241798,0.3823191628539683,0.514821350682784,0.07205568031060415,0.4635522987635754
Samantha LaRusso,Samantha LaRusso/Cobra Kai,Diva-Heroes,0.32685318109784306,0.26621712949113585,0.42915012891798215,0.19330981696616967,0.2531759730366834,0.008160656153353294,0.2461444809438613
Robby Keene,Robby Keene/Cobra Kai,Outcast-Adventurer-Demons,-0.14346961663704413,-0.030646897656361385,0.10262557666183932,-0.5959868578538775,-0.33038300028615886,0.6189013767035453,-0.06315990317800955
Daniel LaRusso,Daniel LaRusso/Cobra Kai,Diva-Angel-Heroes,0.5724610366316963,0.5755076881785617,0.7187899518657445,0.42681017770273233,0.5198735461578136,0.0071120295451041066,0.47009240501360877
Miguel Diaz,Miguel Diaz/Cobra Kai,Adventurer-Angel-Heroes,0.7535035225811403,0.7762637499223554,0.7481060919650802,0.16213231651993426,0.6542698230979441,0.08580340868133535,0.530013152127965
Johnny Lawrence,Johnny Lawrence/Cobra Kai,Brute-Outcast-Demons,-0.3131240635168167,-0.20807800339872506,0.05815101203556144,-0.6543498614065936,-0.49150535772459125,0.6278982535458121,-0.16350133674422548
Annalise Keating,Annalise Keating/How To Get Away With Murder,Demon-Heroes,-0.1398030892887646,0.07078267807445472,0.2830145235012725,-0.3552368866153846,-0.3104589010440136,0.7365201196229737,0.047469740708423025
Nate Lahey,Nate Lahey/How To Get Away With Murder,Heroes,0.24487349440303813,0.3738934924461205,0.5211982703425898,0.2019246682472956,0.0929835913185963,0.26427812821346014,0.2831919408285168
Connor Walsh,Connor Walsh/How To Get Away With Murder,Adventurer-Demon-Heroes,-0.19011396438836287,-0.11163468066603464,0.058065925782735374,-0.624006543049298,-0.4314513952294536,0.6508103576619705,-0.10805504998140723
Michaela Pratt,Michaela Pratt/How To Get Away With Murder,Diva-Demon-Heroes,-0.0833581219787052,0.011095581023749614,0.2859912789529843,0.007015908233140914,-0.17738129518340212,0.36231448464783267,0.06761297261593337
Asher Millstone,Asher Millstone/How To Get Away With Murder,Diva-Adventurer-Fools,-0.13913622784083293,-0.30032657635539783,-0.09097042151400242,-0.26865334240761596,-0.22868529799129836,-0.0982148246941238,-0.1876644484672119
Frank Delfino,Frank Delfino/How To Get Away With Murder,Demon-Heroes,-0.4040844670043944,-0.23099486476318243,0.04368228521284685,-0.5367146970213635,-0.5902026141248191,0.6288446614924385,-0.18157828270141238
Bonnie Winterbottom,Bonnie Winterbottom/How To Get Away With Murder,Outcast-Traditionalist-Heroes,-0.21338355522327587,-0.11933996863161761,0.07928585966276464,0.09393171379070354,-0.2678745575005546,0.07955272775652823,-0.057971296690908614
Oliver Hampton,Oliver Hampton/How To Get Away With Murder,Diva-Angel-Heroes,0.7158401382224521,0.6908919211593961,0.5753069584834171,0.5789562691336134,0.7121182724711137,-0.31937488470983544,0.49228977912669286
Laurel Castillo,Laurel Castillo/How To Get Away With Murder,Diva-Demon-Heroes,0.03340148044323974,0.13535823891395538,0.3395635877522609,-0.23980829116358252,-0.16332604402629283,0.5395889918658439,0.10746299396423743
Wes Gibbins,Wes Gibbins/How To Get Away With Murder,Outcast-Angel-Heroes,0.6233359942520338,0.6795527741379501,0.6595606353187853,0.2106544424936228,0.5233253356438996,0.1107577642964029,0.4678644910237824
Temperance Brennan,Temperance Brennan/Bones,Heroes,0.14164210232121255,0.3538920395362183,0.49616294259044075,0.06739869017346836,0.09460668899149619,0.43989118791140835,0.26559894192070743
Seeley Booth,Seeley Booth/Bones,Brute-Adventurer-Heroes,0.4939763571130957,0.5346235587256205,0.7469051570905324,0.09682703892632002,0.3426260658390671,0.27502776142667096,0.4149976565202178
Angela Montenegro,Angela Montenegro/Bones,Adventurer-Angel-Heroes,0.6639414936307169,0.6434559140214767,0.5446145373712512,-0.11571385781490066,0.5228075876971251,0.2528469453206006,0.41865877003771174
Jack Hodgins,Jack Hodgins/Bones,Geek-Adventurer-Heroes,0.3517901265033119,0.4396762277237552,0.5002549649844107,-0.3264628333237003,0.19318207829584488,0.4588167118059862,0.2695428793316014
Camille Saroyan,Camille Saroyan/Bones,Heroes,0.42298166546181515,0.554822155642997,0.6282401024945238,0.3247295982425442,0.3499965992060791,0.2655314493893638,0.42438359507288714
Kathryn Janeway,Kathryn Janeway/Star Trek: Voyager,Heroes,0.4390447101546778,0.590657350297719,0.6869231261954137,0.14785736737956,0.3390364109624662,0.4044115522447404,0.4346550862057628
Chakotay,Chakotay/Star Trek: Voyager,Heroes,0.5777929076656623,0.7095802203992778,0.7297589818206722,0.19631865061091097,0.45708368884903255,0.3239968150659018,0.4990885440685762
B'Elanna Torres,B'Elanna Torres/Star Trek: Voyager,Demon-Heroes,0.03378704345472916,0.24764913848187797,0.4688021435932667,-0.2925817585721442,-0.11312308277807023,0.6523317590419402,0.16614420720359993
Tom Paris,Tom Paris/Star Trek: Voyager,Adventurers,0.14222675797254244,0.10500242555757931,0.2493102642061017,-0.5242876809963097,-0.06910027333704889,0.49994533205327696,0.0671828042426903
Neelix,Neelix/Star Trek: Voyager,Adventurer-Angels,0.4983081854892501,0.36970720337915947,0.34967920324380264,-0.07138881721202482,0.3994070964461365,-0.1280952532569434,0.23626960301489675
The Doctor,The Doctor/Star Trek: Voyager,Heroes,0.3138709300724483,0.4345781304845365,0.5723310946050927,0.2871021718333586,0.2651972998459209,0.14788880579055452,0.33682807210531857
Tuvok,Tuvok/Star Trek: Voyager,Traditionalist-Heroes,0.24283092444425466,0.4152435298508295,0.4591091253298475,0.4731968900894721,0.27782655228849895,0.06902467006992273,0.3228719486788042
Harry Kim,Harry Kim/Star Trek: Voyager,Angel-Heroes,0.8051709405977922,0.7705747207450835,0.6933324407362881,0.6119694898145244,0.8143074398196032,-0.3375672380020939,0.5596312989518663
Seven of Nine,Seven of Nine/Star Trek: Voyager,Traditionalist-Heroes,0.0485779703371005,0.2846487199994325,0.3977269145978149,0.07177586371036505,0.01781472891295045,0.39653968877061657,0.20284731438804668
Kes,Kes/Star Trek: Voyager,Adventurer-Angel-Heroes,0.771051181975319,0.7452693794490068,0.5648528348078086,0.2626871521709769,0.7554096691397685,-0.0976617805487899,0.5002680728323482
Sutter Keely,Sutter Keely/The Spectacular Now,Adventurer-Demons,-0.19593527046703213,-0.2122685742146636,-0.08338752363285694,-0.7195764712592302,-0.3899704426908024,0.47065179895361664,-0.18841441388516142
Aimee Finecky,Aimee Finecky/The Spectacular Now,Angels,0.7949344534186394,0.7686698047895993,0.6253120540713767,0.6750093690664155,0.8311981682912909,-0.33514071417231345,0.5599971892441681
Richard Castle,Richard Castle/Castle,Adventurers,0.27769709317008945,0.24091351264339442,0.32864470502911464,-0.4307614696810306,0.10561759557184316,0.38015060502068165,0.15037700695901543
Kate Beckett,Kate Beckett/Castle,Heroes,0.3499378320358887,0.5255074134667018,0.6694538731150159,0.12602633825265938,0.23900442257802024,0.45462375491431894,0.3940922723937675
Martha Rodgers,Martha Rodgers/Castle,Sophisticate-Adventurer-Heroes,0.21698580353207778,0.2224308572747496,0.3546905178823876,-0.381369841444538,0.04767047053351044,0.5175594100838691,0.16299453631034275
Javier Esposito,Javier Esposito/Castle,Brute-Adventurer-Heroes,0.5729369112568317,0.6266728488537797,0.7322569348593475,0.042604731604710636,0.4086239713024378,0.2613079910938383,0.4407338981618243
Kevin Ryan,Kevin Ryan/Castle,Diva-Angel-Heroes,0.7702857424717818,0.7323362507353252,0.7723209200939095,0.6844648933501948,0.7489800000522269,-0.32883452991308026,0.5632588794650597
Alexis Castle,Alexis Castle/Castle,Adventurer-Angel-Heroes,0.7425648788076548,0.7726147457589102,0.723437658945771,0.27522540690271424,0.6778621423569773,0.16784061237163314,0.5599242408572767
Rachel Green,Rachel Green/Friends,Diva-Adventurers,0.1584042595945608,0.052463197589879225,0.18114326313665488,-0.2403992938490169,0.029898325649509862,0.15464697153909682,0.05602612061011412
Monica Geller,Monica Geller/Friends,Diva-Heroes,0.28974450916438504,0.3590259600199476,0.6055095923110085,0.2701605861249586,0.2324337456449584,0.16361777861446264,0.3200820286466201
Phoebe Buffay,Phoebe Buffay/Friends,Adventurers,0.4025154615572263,0.37229835149680235,0.29539813154628974,-0.4109674617173538,0.28095061201695676,0.28551831826977325,0.20428556886161578
Joey Tribbiani,Joey Tribbiani/Friends,Brute-Adventurers,0.2419740591984384,0.1408437418646335,0.13271781457018683,-0.31938832003549883,0.12261802455864564,0.041299365489127327,0.06001078094092213
Chandler Bing,Chandler Bing/Friends,Outcast-Diva-Adventurers,0.3269094294085968,0.26723897398634366,0.3379413236520857,-0.030403974194249343,0.2135689851925835,-0.054091970901654164,0.17686046119061768
Ross Geller,Ross Geller/Friends,Outcast-Diva-Traditionalists,-0.011686990253319809,-0.0299202551490504,0.1971527938699906,0.36891299954211104,0.00454381143934769,-0.24376852031068955,0.047538973189731604
James Gordon,James Gordon/Gotham,Heroes,0.3180857040915504,0.4609094926259158,0.6683333560593212,0.11962165346151539,0.18147477900936587,0.3969200996118209,0.35755751414324827
Harvey Bullock,Harvey Bullock/Gotham,Brute-Outcast-Demons,-0.2476858882328644,-0.1851873120551143,0.10305687191453193,-0.44446884416693105,-0.45008488002237595,0.44438680272691894,-0.1299972083059725
Bruce Wayne,Bruce Wayne/Gotham,Heroes,0.27540567305780267,0.4309892643331666,0.6000233948075754,0.025826369997197746,0.16460124437858337,0.4273578642230802,0.320700635132901
Oswald Cobblepot,Oswald Cobblepot/Gotham,Geek-Outcast-Demons,-0.5446155082853836,-0.45589200647866984,-0.21674428646118374,-0.610322486407279,-0.6317174160244176,0.46219871899028087,-0.3328488307777755
Selina Kyle,Selina Kyle/Gotham,Adventurer-Demon-Heroes,-0.1660047558043652,0.016822068975323665,0.10474908835757402,-0.7483425102908128,-0.3673771857832283,0.8753479209057708,-0.04746756227328963
Edward Nygma,Edward Nygma/Gotham,Geek-Demon-Heroes,-0.3230950226419825,-0.17295630551705712,0.005431797846878804,-0.3542540301772555,-0.3803824566527899,0.4638363765352505,-0.12690327343449262
Alfred Pennyworth,Alfred Pennyworth/Gotham,Heroes,0.5515034755467357,0.6913135426804493,0.757340409399621,0.4073183903572372,0.4738879927156311,0.17581787656947034,0.5095302812115241
Barbara Kean,Barbara Kean/Gotham,Demon-Heroes,-0.4547788715406319,-0.3166672280534407,-0.05669193277674244,-0.7317203369150587,-0.6322100411997725,0.7848487248629034,-0.23453661427045716
Leslie Thompkins,Leslie Thompkins/Gotham,Heroes,0.5517637793396871,0.6324619666111628,0.6686447697250063,0.2876706936425188,0.43805413355708267,0.2293726902974853,0.46799467219549057
Lucius Fox,Lucius Fox/Gotham,Angel-Heroes,0.6283449643954786,0.7292779267050645,0.6775718397279142,0.4951019901432642,0.5926475506235045,0.03613183802479558,0.5265126849366702
Rick Blaine,Rick Blaine/Casablanca,Heroes,0.11981611501852145,0.3085504023891453,0.41446099283582033,-0.2177615743969157,-0.06392696115606455,0.6702064761739968,0.2052242418107506
Ilsa Lund,Ilsa Lund/Casablanca,Diva-Angel-Heroes,0.6153476417819057,0.6084162894923582,0.5924392730660332,0.230358557172133,0.5222677790868493,0.11607902699131559,0.4474847612650991
Victor Laszlo,Victor Laszlo/Casablanca,Heroes,0.47851574245627226,0.5731620772411087,0.6645073766295725,0.1617439607397777,0.36943727989479247,0.33574622447915947,0.4305187769067805
Geralt of Rivia,Geralt of Rivia/The Witcher,Lone Wolf-Heroes,0.06837283627784506,0.3173813389258447,0.4098424472602037,-0.19225963533417081,-0.06471931381438274,0.617343938920134,0.19266026870591232
Ciri,Ciri/The Witcher,Adventurer-Heroes,0.313025213057202,0.43757189536669683,0.5601159530071038,-0.3659077812279328,0.16801187247221008,0.6073908456855931,0.28670133306014556
Yennefer,Yennefer/The Witcher,Adventurer-Demon-Heroes,-0.20232355347498523,-0.024135186666859595,0.151804714339442,-0.6512757659054512,-0.38913118845852784,0.8568518375752252,-0.04303485709852609
Fringilla,Fringilla/The Witcher,Traditionalist-Demon-Heroes,-0.2966296375522278,-0.1489686739177343,0.15496216359624126,-0.0589072340092248,-0.3573187942770196,0.36008027261996073,-0.05779698392333409
Cahir,Cahir/The Witcher,Traditionalist-Demon-Heroes,-0.5987691420110538,-0.4350175859881715,-0.08464227769155477,-0.25605588291606474,-0.6421320387806295,0.40760557058236035,-0.268168559467519
Tissaia,Tissaia/The Witcher,Traditionalist-Heroes,-0.04512929203967483,0.11298360634144082,0.35077166606764454,0.123356424144674,-0.10598288376131784,0.38455067825316663,0.1367583665009889
Dara,Dara/The Witcher,Outcast-Lone Wolf-Angels,0.5803028129729236,0.6148412048436187,0.47030173167865436,0.3240948233389602,0.5696084876403279,-0.09466210755441157,0.41074782548667893
Triss,Triss/The Witcher,Angel-Heroes,0.7745768240338163,0.7759082394397671,0.7002145673837977,0.3922120123773235,0.696184734180565,-0.0036112212453686832,0.5559141926949834
Jaskier,Jaskier/The Witcher,Adventurers,0.3495273715800099,0.23977376549673954,0.2179636927287571,-0.3582208648753738,0.2084920026767504,0.11207746507534333,0.12826890544703773
Istredd,Istredd/The Witcher,Diva-Angel-Heroes,0.4387016532857297,0.4503218149444148,0.4657214367631435,0.3192628960989201,0.38057290882075523,0.03293779494501506,0.34791975080966314
Lorelai Gilmore,Lorelai Gilmore/Gilmore Girls,Adventurers,0.34950755883703366,0.333743161367895,0.3852005738308358,-0.49844012540711885,0.1553675965561282,0.4870162700137999,0.2020658391997623
Rory Gilmore,Rory Gilmore/Gilmore Girls,Diva-Angel-Heroes,0.5481281485003374,0.5512698746421875,0.596315350714353,0.4891170960287024,0.5415038100311731,-0.0656924839533406,0.44344029932723544
Lane Kim,Lane Kim/Gilmore Girls,Adventurer-Angel-Heroes,0.6657148830395083,0.7295215243127574,0.6581377375641839,0.0038256112641174866,0.5435241825834418,0.26161967322788776,0.4770572686653161
Luke Danes,Luke Danes/Gilmore Girls,Outcast-Lone Wolf-Heroes,0.22068745923558145,0.3560593035802123,0.4636790260571098,0.14752159791874508,0.14375855237826082,0.24528030324801398,0.26283104040298727
Michel Gerard,Michel Gerard/Gilmore Girls,Diva-Demon-Heroes,-0.28087084053969036,-0.16320046348066422,0.10126547418282793,-0.10408880556804395,-0.3375004077120363,0.3722911648673041,-0.06868397970838379
Emily Gilmore,Emily Gilmore/Gilmore Girls,Diva-Demon-Heroes,-0.1880233298203358,-0.10562005906190612,0.2556027832371649,0.08114252421113573,-0.23072175228130962,0.27968407530048534,0.015344040264205744
Richard Gilmore,Richard Gilmore/Gilmore Girls,Traditionalist-Heroes,0.25815731322461555,0.3306122909953143,0.5159386774891489,0.49016455247651447,0.2430135329763329,0.057908987179944436,0.31596589239031175
Sookie St. James,Sookie St. James/Gilmore Girls,Adventurer-Angels,0.6764484458331748,0.6134390788924985,0.5794879740153124,0.023326962655010063,0.6038516382431965,-0.008049873856874586,0.4147507042970529
Kirk Gleason,Kirk Gleason/Gilmore Girls,Outcast-Divas,0.009680728775068467,-0.005000773012120099,0.1806393631849516,-0.10460493216593383,0.020301697947717776,-0.11664952781326603,-0.0026055738472636875
Paris Geller,Paris Geller/Gilmore Girls,Traditionalist-Demon-Heroes,-0.23534977761807244,-0.06494259824357149,0.2521165276250771,-0.0814088540556449,-0.2925178702290232,0.45007695968414635,0.004662397860485233
Miss Patty,Miss Patty/Gilmore Girls,Adventurers,0.21376834170739611,0.19490016453263345,0.29574384895716926,-0.43869006638189234,0.04271797140542093,0.4180892689749019,0.12108825486593822
Dean Forester,Dean Forester/Gilmore Girls,Brute-Outcasts,0.11748939386772266,0.03396055764611733,0.20075073254119388,0.2727313112310215,0.0906197642434851,-0.27133024718058846,0.07403691872482535
Logan Huntzberger,Logan Huntzberger/Gilmore Girls,Adventurer-Demon-Heroes,-0.12476694474588934,-0.10935013131292703,0.09127019684107349,-0.5326512348300124,-0.30644385829154885,0.5782939745919078,-0.06727466629123273
Jackson Belleville,Jackson Belleville/Gilmore Girls,Outcast-Adventurer-Angels,0.6866001850263145,0.5906823614256409,0.52319230543097,0.3163666697536276,0.6717214177323696,-0.3089204062503015,0.4132737555197701
Taylor Doose,Taylor Doose/Gilmore Girls,Diva-Demons,-0.35114444981755083,-0.35573287409486676,0.06602118462807108,-0.12149235980244591,-0.3646807606884026,0.12585153366242535,-0.16686295435212828
Fox Mulder,Fox Mulder/The X-Files,Geek-Adventurer-Heroes,0.3103801961064946,0.4286503942548536,0.505341729618551,-0.5086066084293709,0.11807398282300169,0.6674299869520571,0.2535449468875978
Dana Scully,Dana Scully/The X-Files,Heroes,0.43083600917000625,0.5790568653763775,0.6456426972798485,0.36898809827578716,0.3839275162179271,0.21886785302377587,0.43788650655728706
Walter Skinner,Walter Skinner/The X-Files,Traditionalist-Heroes,0.007860088217793788,0.14834834747757988,0.362204997226956,0.3439394012367247,-0.018350394534102848,0.15870908422621685,0.16711858730852805
Tony Soprano,Tony Soprano/The Sopranos,Demon-Heroes,-0.37602550850362343,-0.24372589389238888,0.0988042960586713,-0.48075464773226706,-0.5468210301115983,0.6248941556440359,-0.15393810475619507
Dr. Jennifer Melfi,Dr. Jennifer Melfi/The Sopranos,Angel-Heroes,0.5496549193266794,0.6315696675942113,0.6423042143513503,0.4710016043071827,0.4918691836034696,0.0781878498170822,0.4774312398333293
Carmela Soprano,Carmela Soprano/The Sopranos,Brute-Diva-Heroes,0.22569934535212646,0.2105896787384893,0.4957499345803546,0.27376678984297714,0.11753798086999472,0.04763278941238086,0.22849608646605388
Christopher Moltisanti,Christopher Moltisanti/The Sopranos,Outcast-Adventurer-Demons,-0.4539630501028767,-0.442426782517293,-0.16649003794129547,-0.6682093172028898,-0.6218813251106731,0.39425463059479143,-0.3264526470467061
Junior Soprano,Junior Soprano/The Sopranos,Demon-Heroes,-0.5499370093535668,-0.4663988508124393,-0.06482527170145508,-0.2679994474829917,-0.6417448250320844,0.39428845663799217,-0.26610282462409085
Silvio Dante,Silvio Dante/The Sopranos,Brute-Demon-Heroes,-0.0794864686496549,0.018785149120976084,0.3588545374311535,0.11945592882458769,-0.1959771482958417,0.1579239943290065,0.06325933212670454
Paulie 'Walnuts' Gualtieri,Paulie 'Walnuts' Gualtieri/The Sopranos,Brute-Adventurer-Demons,-0.37186094457763785,-0.3504088023226173,0.025885231173520363,-0.4663009156830274,-0.5210281682198089,0.3221435017329183,-0.22692834964944208
A.J. Soprano,A.J. Soprano/The Sopranos,Outcast-Demon-Fools,-0.311638127660565,-0.4066139371739952,-0.37681395473400714,-0.36335775380389657,-0.3682033262530132,-0.10362501062393677,-0.32170868504156896
Meadow Soprano,Meadow Soprano/The Sopranos,Diva-Adventurer-Heroes,0.4185697517957122,0.3922687057647939,0.4591322675501622,0.00362954070250716,0.29612394435457573,0.2663712255874285,0.3060159059591966
Janice Soprano,Janice Soprano/The Sopranos,Adventurer-Demon-Fools,-0.5491259630767524,-0.5927461130945036,-0.385208412563566,-0.7420716242268955,-0.6828362837790637,0.34497062116025795,-0.43450296259675397
Paul Atreides,Paul Atreides/Dune,Heroes,0.36376765548899326,0.5418230327850002,0.6268847899689768,-0.06391205347716788,0.27611131685081247,0.514080643570173,0.3764592308644647
Lady Jessica,Lady Jessica/Dune,Heroes,0.28266747233996387,0.41219063709799814,0.5515275324802492,0.15769167608627066,0.2003656061221054,0.36166818438360987,0.32768518475169955
Duke Leto Atreides,Duke Leto Atreides/Dune,Heroes,0.4860956106503095,0.6109043149265172,0.7194063814629813,0.3322193513009822,0.4080502209494639,0.23599729853822404,0.4654455296380797
Baron Harkonnen,Baron Harkonnen/Dune,Demons,-0.7481463633901041,-0.6869261431641718,-0.36155182217642845,-0.6291310807056142,-0.8473863795085573,0.47753838765750456,-0.4659339002145619
Thufir Hawat,Thufir Hawat/Dune,Traditionalist-Heroes,-0.059526283740324884,0.08106715709274945,0.27684777291549734,0.3554993243041249,-0.05230330222238374,0.03225202365816845,0.10563944866797192
Chani,Chani/Dune,Lone Wolf-Heroes,0.42444118915822815,0.6054485290544943,0.6708279722598478,0.056612908988884526,0.3340925851515965,0.4119149712884663,0.4172230259835863
Wolverine,Wolverine/X-Men,Lone Wolf-Demon-Heroes,-0.16442542628945114,0.030045794337376166,0.2365752340197616,-0.5186524361379659,-0.3382869410283713,0.7050122333874643,-0.008288590285197702
Professor X,Professor X/X-Men,Heroes,0.47450121995731126,0.5912937460307044,0.6179980794472558,0.3326843202984603,0.42581348227900323,0.18067875282855478,0.437161600140215
Magneto,Magneto/X-Men,Demon-Heroes,-0.29887633099338246,-0.08652939530961025,0.17077851739545785,-0.407648044402149,-0.41822781610086246,0.7351872755056379,-0.05088596565081808
Mystique,Mystique/X-Men,Adventurer-Demon-Heroes,-0.21270985233779874,-0.02974308516018256,0.10092367386563937,-0.6775920812514812,-0.4044446029878172,0.8381562960102092,-0.06423494197690517
Jean Grey,Jean Grey/X-Men,Heroes,0.1754868407906083,0.3269234827587574,0.45916795491813983,-0.08695077088432597,0.039063541876132736,0.4995557878231491,0.2355411395470769
Cyclops,Cyclops/X-Men,Brute-Outcast-Heroes,0.3510644069108466,0.4066572207161086,0.6388730749530127,0.21198865296872843,0.2281488419678877,0.07597322926623437,0.3187842377971364
Storm,Storm/X-Men,Heroes,0.5056274300249307,0.6642821564658385,0.6872871356072027,0.01587891405110983,0.37566748524250215,0.4597052422347964,0.4514080606043967
Rogue,Rogue/X-Men,Geek-Outcast-Heroes,0.26850751651785154,0.352721129893432,0.3387805330919955,-0.19687583748586884,0.1453192334717695,0.3174472044312831,0.2043166299867438
Iceman,Iceman/X-Men,Outcast-Diva-Angels,0.578676111166245,0.5292133364334779,0.5770776261729434,0.3852745113162278,0.5224703170042007,-0.24695498719046172,0.39095948581710555
Colossus,Colossus/X-Men,Traditionalist-Angel-Heroes,0.4801050595356486,0.5909743707349856,0.6636420706860707,0.5808670631295249,0.4930466123800605,-0.13037823248849464,0.4463761573296326
Marianne Sheridan,Marianne Sheridan/Normal People,Geek-Heroes,0.32908889891909077,0.447164996759206,0.43833852502783244,-0.05495406838724938,0.19230572665536716,0.4214712591960583,0.29556922302838423
Connell Waldron,Connell Waldron/Normal People,Outcast-Angel-Heroes,0.5912999607123575,0.6059551935212566,0.4683648001571914,0.5146315686768336,0.5679768889844816,-0.22440622762103357,0.4206370307385145
John McClane,John McClane/Die Hard,Lone Wolf-Demon-Heroes,0.0563623942944432,0.21881945643679884,0.45001486449603034,-0.44151119027726304,-0.13738196320106616,0.6947178440087307,0.14017023429294564
Hans Gruber,Hans Gruber/Die Hard,Demon-Heroes,-0.45136714223064556,-0.25983472236852523,-0.011381918334029042,-0.35994713950768836,-0.5384801495044105,0.6539713627440054,-0.1611732848668822
Holly Gennero-McClane,Holly Gennero-McClane/Die Hard,Diva-Angel-Heroes,0.6691072693077277,0.6505763731984004,0.6972918024070872,0.42661053397777005,0.5836930699036164,0.03773429646284877,0.5108355575429085
Johnny,Johnny/The Room,Outcast-Adventurer-Demons,-0.1427705219055849,-0.13886766945468018,0.06290806727159663,-0.523273854304205,-0.2537420460827335,0.2542932585975441,-0.12357546097967713
Lisa,Lisa/The Room,Diva-Adventurer-Demons,-0.6278122905259307,-0.6840322987925854,-0.46084708973259714,-0.6906538183136184,-0.7423588263707045,0.33755222238032034,-0.47802535022585263
Mark,Mark/The Room,Brute-Adventurer-Demons,-0.1434558963139205,-0.23492517495920986,-0.14493611576050094,-0.3088202069464715,-0.29162189425298546,0.11080215992851844,-0.16882618805076163
Denny,Denny/The Room,Outcast-Adventurer-Fools,0.12781254454952312,-0.034881564020931816,-0.018404907442390622,-0.14592630030988804,0.10629911158309858,-0.32034888488218954,-0.04757500008712972
Peter,Peter/The Room,Diva-Traditionalists,-0.04434584793975878,-0.06177200492835955,0.035161309309340597,0.5552602955968603,0.041592746566683186,-0.4035487734513997,0.020391287525561002
Michelle,Michelle/The Room,Brute-Diva-Demons,-0.25807085766461746,-0.352668014729926,-0.14144271652067475,-0.07119618528751098,-0.3422032649973019,-0.0029530076846397226,-0.1947556744807785
Marcus Miles,Marcus Miles/Bad Boys,Brute-Outcast-Heroes,0.5128316929584196,0.46593039444132434,0.6626166611976104,0.22645961308068766,0.3968448655163415,-0.09482439195144585,0.36164313920715624
Mike Lowrey,Mike Lowrey/Bad Boys,Sophisticate-Adventurer-Heroes,0.1440708810845952,0.2675983815367032,0.4180829856067206,-0.4662834506002013,-0.04734005061647024,0.7048544923665473,0.1701638732296491
Selina Meyer,Selina Meyer/Veep,Diva-Demons,-0.5505988161573452,-0.4869078547386563,-0.14475991329762755,-0.5589138360716609,-0.688567284568281,0.5497449925606058,-0.31333378537882756
Amy Brookheimer,Amy Brookheimer/Veep,Traditionalist-Demon-Heroes,-0.20945069220733625,-0.06296220471047857,0.23841684391064094,-0.04142446037312009,-0.2912603973887413,0.36227400099284424,-0.0007344849626985117
Gary Walsh,Gary Walsh/Veep,Outcast-Diva-Angels,0.43008133105353374,0.3311075058181781,0.3401677294337619,0.5989650337592205,0.5058312250090726,-0.6642422445583942,0.25698509675256215
Dan Egan,Dan Egan/Veep,Diva-Demon-Heroes,-0.6006760622852106,-0.516382166998897,-0.1929975403268959,-0.4635204664522195,-0.7210298879570997,0.5185967736591602,-0.3293348917268604
Jonah Ryan,Jonah Ryan/Veep,Outcast-Demon-Fools,-0.6391242473174309,-0.6788763381280158,-0.39200138864461237,-0.4919525733795362,-0.6833547631299942,0.09915637563546188,-0.4643588224940212
Mike McLintock,Mike McLintock/Veep,Outcast-Fools,0.008943586659268244,-0.13864720036492903,-0.11082788547494582,0.2497172144020469,0.03123724487244075,-0.580875681986089,-0.09007545364870133
Betty Elms,Betty Elms/Mulholland Drive,Outcast-Diva-Adventurers,0.2357146066415646,0.1604056058744685,0.24211917116405446,-0.0293397702945614,0.16741019672888255,-0.06530296878547394,0.11850114022148915
Rita,Rita/Mulholland Drive,Geek-Adventurer-Heroes,0.08121367660321892,0.13624479627405622,0.12958351201598417,-0.3330807710527322,-0.07456677450295537,0.4444457072214086,0.06397335775983005
Leonard Hofstadter,Leonard Hofstadter/The Big Bang Theory,Outcast-Diva-Angels,0.5461381047740933,0.5040469610337752,0.454028339222933,0.5297006698621236,0.557552679342538,-0.3779372937276962,0.3689215767512945
Sheldon Cooper,Sheldon Cooper/The Big Bang Theory,Diva-Traditionalist-Heroes,-0.16060756553359704,-0.00569416679937046,0.23491698378872414,0.04152693168901324,-0.12359832230090463,0.23953215897675972,0.03767933663677083
Penny Hofstadter,Penny Hofstadter/The Big Bang Theory,Brute-Adventurers,0.17234920423094355,0.08132820754906846,0.1281312551656409,-0.4732790414712072,-0.010857463949766617,0.2915668931316109,0.031539842442714995
Howard Wolowitz,Howard Wolowitz/The Big Bang Theory,Outcast-Diva-Adventurers,-0.07241837275039857,-0.1526260200932411,0.01774720750424805,-0.2344836555379465,-0.14486224926203436,-0.051117971054144985,-0.10629351019891958
Raj Koothrappali,Raj Koothrappali/The Big Bang Theory,Outcast-Diva-Angels,0.4718166070956825,0.36149484359435324,0.2912253001171066,0.353486134715064,0.48936571453942734,-0.45465384631689915,0.2521224589574558
Leslie Winkle,Leslie Winkle/The Big Bang Theory,Demon-Heroes,-0.3531006015583336,-0.16643851044412053,-0.028536084143864816,-0.43838015854587903,-0.4591340526516766,0.6344397727250523,-0.13519160576980374
Bernadette Rostenkowski,Bernadette Rostenkowski/The Big Bang Theory,Diva-Heroes,0.2986385685241231,0.37095824354784585,0.559725018403848,0.04371130930232945,0.2123457763627202,0.3551864084741551,0.30676088743583696
Amy Farrah Fowler,Amy Farrah Fowler/The Big Bang Theory,Geek-Angel-Heroes,0.46690148443937995,0.587602801322576,0.637562752199872,0.35784149142161187,0.45159954017674975,0.07697404724127109,0.4297470194669102
Stuart Bloom,Stuart Bloom/The Big Bang Theory,Outcast-Traditionalist-Fools,-0.03690847147569733,-0.11000251735133687,-0.14725330810034154,0.22687453065257748,0.016592025682615953,-0.4816621232886871,-0.0887266439801449
Mary Cooper,Mary Cooper/The Big Bang Theory,Brute-Diva-Heroes,0.24851323086803367,0.2208421071856447,0.5374065209679562,0.35914485930850654,0.22692769863030404,-0.09963765512799756,0.24886612697207458
Joel Barish,Joel Barish/Eternal Sunshine of the Spotless Mind,Outcast-Traditionalist-Angels,0.3512103569523104,0.31939741759336754,0.25199273349209295,0.42951329721477444,0.3663149905099635,-0.38380243622859234,0.2224377265889861
Clementine Kruczynski,Clementine Kruczynski/Eternal Sunshine of the Spotless Mind,Adventurers,0.005965051429411334,0.04837573086922792,0.06290502925281875,-0.758577668995424,-0.17719414568946887,0.6087725333214379,-0.034958911635332844
Mary Svevo,Mary Svevo/Eternal Sunshine of the Spotless Mind,Outcast-Diva-Angels,0.334129616472003,0.24773570714478382,0.30593444472542486,0.20654847285438865,0.23429093614331079,-0.15695100067168327,0.19528136277803798
Li Mu Bai,"Li Mu Bai/Crouching Tiger, Hidden Dragon",Angel-Heroes,0.526672812565187,0.6704143115099567,0.6679774701356205,0.4232413537772216,0.5119931335083784,0.1484957507207226,0.49146580536951445
Yu Shu Lien,"Yu Shu Lien/Crouching Tiger, Hidden Dragon",Heroes,0.49650470286212445,0.6515781580766625,0.6990952458457397,0.31321337159927903,0.4432646314983772,0.28006871286595536,0.48062080379135635
Jen Yu,"Jen Yu/Crouching Tiger, Hidden Dragon",Adventurer-Demon-Heroes,-0.22541869626802688,-0.07472382667175007,0.12745764219788103,-0.7082299288510953,-0.38587000635249086,0.803627593209356,-0.07719287045602101
Princess Ariel,Princess Ariel/The Little Mermaid,Adventurer-Angels,0.5231716221171431,0.42609998499244406,0.3717782784456185,-0.14634667020172798,0.46140259098802283,0.08119796000630748,0.28621729439130134
Ursula,Ursula/The Little Mermaid,Demons,-0.6272041328493784,-0.49026473408828936,-0.23863657693040796,-0.7067911250669947,-0.7594297917201248,0.7273098765582336,-0.3491694140161603
Flounder,Flounder/The Little Mermaid,Adventurer-Angels,0.7148067572301017,0.5637646552464589,0.42511869481735143,0.4308494483997936,0.7605209198706607,-0.5424948838473994,0.39209426528616115
Miriam Maisel,Miriam Maisel/The Marvelous Mrs. Maisel,Adventurer-Heroes,0.30651980124834016,0.3490705989706526,0.4286946648995633,-0.4613807607427932,0.1258760715623065,0.5861100186658009,0.22248173243397837
Susie Myerson,Susie Myerson/The Marvelous Mrs. Maisel,Lone Wolf-Demon-Heroes,-0.1038079579559287,0.0672407979876145,0.2101227279712766,-0.5975399906685238,-0.2911225295634807,0.6807817331190035,-0.005720869851673101
Joel Maisel,Joel Maisel/The Marvelous Mrs. Maisel,Brute-Outcast-Divas,-0.2435534965587444,-0.3769130528551293,-0.13074531598467404,-0.05481390288259246,-0.33205052457711165,-0.14852386673573176,-0.21443335993233062
Rose Weissman,Rose Weissman/The Marvelous Mrs. Maisel,Diva-Traditionalist-Heroes,-0.006304855408113089,0.0007618072221295159,0.28940872558648767,0.24379935109349657,-0.02967202685554378,0.055519727764448856,0.09225212156715096
Abe Weissman,Abe Weissman/The Marvelous Mrs. Maisel,Diva-Traditionalist-Heroes,0.017594324278198424,0.13265501654151418,0.39997316354210904,0.28974314714969895,0.009767321219197968,0.11807286021479789,0.16130097215758607
Villanelle,Villanelle/Killing Eve,Adventurer-Demon-Heroes,-0.3080722653445976,-0.15848745863749839,0.0021410440663452105,-0.7865394946936178,-0.47389749840283557,0.8070136642461031,-0.15297366812768348
Eve Polastri,Eve Polastri/Killing Eve,Outcast-Adventurer-Heroes,0.16498995643877462,0.3195419288777045,0.4413147320788685,-0.4025972201324378,-0.04162012802485428,0.636688096397012,0.18638622760584458
Carolyn Martens,Carolyn Martens/Killing Eve,Traditionalist-Demon-Heroes,-0.2281725414218701,-0.030791215383630225,0.1882900426781896,-0.08848675903957004,-0.31128015603660814,0.5515918729409864,0.013525207289582925
Konstantin,Konstantin/Killing Eve,Traditionalist-Demon-Heroes,-0.35312089194028806,-0.1891624778539801,0.05467007718531152,-0.296470601257595,-0.4839027829315797,0.5847166174278039,-0.11387834322838791
Niko Polastri,Niko Polastri/Killing Eve,Outcast-Traditionalist-Angels,0.25943358121552634,0.17169819766243744,0.19317214750656123,0.6242619650242187,0.3050661667105132,-0.5503142743694757,0.1672196306249636
Kenny Stowton,Kenny Stowton/Killing Eve,Outcast-Angel-Heroes,0.7592839868748008,0.7571174942357982,0.6096724114084072,0.5649463220727513,0.7667347998427768,-0.29730586952299487,0.5267415241519232
Lord Business,Lord Business/The Lego Movie,Demons,-0.6641258842915103,-0.5644560603746659,-0.1769217744846928,-0.3492996818002924,-0.7285373027794748,0.4104851899566226,-0.3454759189623356
Vitruvius,Vitruvius/The Lego Movie,Geek-Adventurer-Heroes,0.4212479923657687,0.4831999100134746,0.49004697002438147,-0.06013209641151418,0.3504652147813243,0.29960746455489096,0.330739242554721
Emmet Brickowski,Emmet Brickowski/The Lego Movie,Adventurer-Angels,0.7282983510547394,0.5972592318150958,0.5005968742959863,0.4494634781997316,0.7701403668575333,-0.4952835420994269,0.4250791266872766
Wyldstyle,Wyldstyle/The Lego Movie,Lone Wolf-Demon-Heroes,0.015734572046520418,0.229993354242857,0.32439016501532153,-0.5635916340525134,-0.1709107544544506,0.8565580726362158,0.11536229590565844
Batman,Batman/The Lego Movie,Demon-Heroes,-0.41346125133384337,-0.22026689239403313,0.07853935367698991,-0.5277754530359143,-0.5603525692931108,0.721244855441206,-0.1536786594897843
Jonah Simms,Jonah Simms/Superstore,Diva-Angel-Heroes,0.658572525830182,0.5634171364382854,0.5679608613631905,0.301220113155754,0.5843777897742707,-0.14081495043320313,0.4224555793547466
Dina Fox,Dina Fox/Superstore,Demon-Heroes,-0.24142216717933548,-0.04526252654905851,0.2942337965580808,-0.19838395753852575,-0.33468341336533275,0.5058873240049291,-0.0032718240115404327
Garrett McNeill,Garrett McNeill/Superstore,Heroes,-0.07423131794123036,0.010724526543881558,0.009386771423090584,-0.46918320140745073,-0.24742610181072372,0.5066817293176631,-0.044007932312461584
Mateo Liwanag,Mateo Liwanag/Superstore,Diva-Adventurer-Demons,-0.10106608770974813,-0.10336830554867915,0.09703692569653558,-0.321940962736481,-0.2140761636564315,0.32032133981797317,-0.05384887568947183
Glenn Sturgis,Glenn Sturgis/Superstore,Outcast-Diva-Angels,0.505046499105132,0.32388108331073107,0.354949700612749,0.5229515079037986,0.5853013829949327,-0.6484778189812913,0.2739420591576753
Amy Sosa,Amy Sosa/Superstore,Heroes,0.45228145233406203,0.5280827241795433,0.6729605874130533,0.28326907935002216,0.3484699289795157,0.22740029479994162,0.418744011176023
Andy Dufresne,Andy Dufresne/The Shawshank Redemption,Angel-Heroes,0.5889328270116868,0.7281728466504099,0.6661237838089773,0.2331742595651695,0.5250073958487224,0.30362592795864535,0.5075061734739351
Ellis Boyd 'Red' Redding,Ellis Boyd 'Red' Redding/The Shawshank Redemption,Lone Wolf-Angel-Heroes,0.6499430927712023,0.7616805449505155,0.685042172887682,0.29432019301995954,0.5449390031498551,0.2040350231751382,0.5233266716590588
Samuel Norton,Samuel Norton/The Shawshank Redemption,Diva-Traditionalist-Demons,-0.6709860883915765,-0.610724443603275,-0.2366750922088994,-0.09926702461310062,-0.6797119606906091,0.18218989596600368,-0.3525291189235762
Heywood,Heywood/The Shawshank Redemption,Brute-Outcast-Demons,-0.09238393469794608,-0.13314851108237125,0.06298166558373197,-0.2550256495593505,-0.22001076515325188,0.021439857388100298,-0.10269122292018124
Byron Hadley,Byron Hadley/The Shawshank Redemption,Brute-Traditionalist-Demons,-0.6248150800483442,-0.5606543014338671,-0.15916012476274602,-0.18447287079605335,-0.6662811234665936,0.17600898526085143,-0.3365624192077921
Brooks Hatlen,Brooks Hatlen/The Shawshank Redemption,Outcast-Traditionalist-Angels,0.6143477652586179,0.6022206979845495,0.5104519207924936,0.6594199789885778,0.6372075866233123,-0.4245035946523874,0.4331907258325273
Stan Marsh,Stan Marsh/South Park,Outcast-Angel-Heroes,0.5446634411520238,0.5752782234818167,0.6116934302106357,0.38159404863876334,0.45527702248453256,-0.043963583761301585,0.4207570970344117
Kyle Broflovski,Kyle Broflovski/South Park,Outcast-Angel-Heroes,0.5491950729004408,0.5966645711174027,0.6858349501082858,0.4336458384465326,0.4888305276616945,-0.016282492374293394,0.4563147446433438
Eric Cartman,Eric Cartman/South Park,Demons,-0.6772263892164946,-0.66053751149614,-0.38797383893586107,-0.7687721013007284,-0.7650939149748207,0.454554435639571,-0.46750822004741227
Kenny McCormick,Kenny McCormick/South Park,Outcast-Lone Wolf-Adventurers,0.2640111493388594,0.31937098897065347,0.183170544083401,-0.22432525079139137,0.171726988308123,0.10876954941860381,0.13712066155470823
Butters,Butters/South Park,Outcast-Angel-Fools,0.5804323215118711,0.43094772403719783,0.2993670712695679,0.4755865793287955,0.6600055834079588,-0.6470440148515268,0.29988254411731075
Luke Skywalker,Luke Skywalker/Star Wars: A New Hope,Adventurer-Angel-Heroes,0.7247827125001456,0.7182396979398303,0.7283489491290202,0.06498317831455373,0.6519150059038542,0.09824808013062351,0.4977529373196712
Princess Leia,Princess Leia/Star Wars: A New Hope,Heroes,0.4824530032078242,0.5943384240354042,0.6949410809587301,-0.014371871012212956,0.34851033226809935,0.4996987142152588,0.4342616139455173
Han Solo,Han Solo/Star Wars: A New Hope,Adventurer-Demons,-0.10398544028230106,-0.03988325068976411,0.09599579351453971,-0.7584888829243913,-0.32441834131722147,0.7351154069041543,-0.06594411913249731
Darth Vader,Darth Vader/Star Wars: A New Hope,Demon-Heroes,-0.5158508491526816,-0.31112407825507415,0.008079466669082658,-0.37265418785122684,-0.5935501229739647,0.5699786752893548,-0.2025201827124183
Obi-Wan Kenobi,Obi-Wan Kenobi/Star Wars: A New Hope,Angel-Heroes,0.616410048410575,0.7236665025314633,0.6912036810932514,0.38017765264360504,0.5693021922884858,0.15149335148446116,0.5220422380753068
C-3PO,C-3PO/Star Wars: A New Hope,Diva-Traditionalist-Angels,0.3720684642914967,0.3701328072038481,0.4227988268926089,0.6442148862333531,0.44367342803561705,-0.43120789981985147,0.3036134188061787
Richard Hendricks,Richard Hendricks/Silicon Valley,Geek-Outcast-Divas,0.09601362291233013,0.15241004558138183,0.2090049366345439,0.11207896509454293,0.12246121604242109,-0.03951275116275767,0.10874267251707703
Erlich Bachman,Erlich Bachman/Silicon Valley,Adventurer-Demon-Fools,-0.4847268382898396,-0.5096888506603935,-0.3378600389598746,-0.8011858513412671,-0.6176071871436889,0.4310575436940225,-0.3866685371168403
Nelson Bighetti,Nelson Bighetti/Silicon Valley,Angel-Fools,0.30615091375259273,0.16357170048608502,-0.05099607092106788,0.21761333800058727,0.3720508353952544,-0.5380673511922952,0.0783872275868594
Bertram Gilfoyle,Bertram Gilfoyle/Silicon Valley,Lone Wolf-Demon-Heroes,-0.38640918801309976,-0.15246229117931007,-0.030881199003539635,-0.5030132606072214,-0.48438031111126617,0.6831740253386798,-0.14566203742929285
Dinesh Chugtai,Dinesh Chugtai/Silicon Valley,Outcast-Divas,-0.10200706832657154,-0.13192003627890322,0.033196705398454804,0.0030891354090215595,-0.1369651133046515,-0.12343473965499603,-0.07634018612627431
Peter Gregory,Peter Gregory/Silicon Valley,Geek-Traditionalist-Heroes,-0.05475313136685685,0.10839685706586082,0.19742214854885168,-0.005415916943786272,-0.023389648196185893,0.31725554916039167,0.0899193097113792
Monica Hall,Monica Hall/Silicon Valley,Heroes,0.41300645693874766,0.5051037524242494,0.6010354005396062,0.23437396177106254,0.3114273496451604,0.2926833064190366,0.3929383712896439
Jared Dunn,Jared Dunn/Silicon Valley,Traditionalist-Angel-Heroes,0.5732394018430054,0.5926829166819998,0.5490675401202931,0.694821050842021,0.635056883569045,-0.43271724554923585,0.43535842458452145
Gavin Belson,Gavin Belson/Silicon Valley,Diva-Demons,-0.6482065341005406,-0.576731493184449,-0.2203856537649925,-0.5256540701574997,-0.7268659587733897,0.5057737182862048,-0.36534499861577774
Jian-Yang,Jian-Yang/Silicon Valley,Demons,-0.6549932079707574,-0.5307994865142532,-0.3888003807145858,-0.7377240315646544,-0.7455808281514416,0.6024305808704782,-0.4092445590075357
Sam Winchester,Sam Winchester/Supernatural,Outcast-Angel-Heroes,0.6830687222746905,0.7574872937011077,0.7713407993494044,0.39904025808841276,0.5979413728294272,0.04225317825466687,0.5418552707496181
Dean Winchester,Dean Winchester/Supernatural,Adventurer-Demon-Heroes,-0.02236439559006754,0.09136056799161754,0.32415530257738445,-0.6026778944350095,-0.26506901349420514,0.7015813650796431,0.037830988688227145
Castiel,Castiel/Supernatural,Outcast-Angel-Heroes,0.6442112513569073,0.7304089281859756,0.7159911012331007,0.4709019582021255,0.6353941370106547,-0.07750337067522818,0.519900667552256
Aang,Aang/Avatar: The Last Airbender,Adventurer-Angels,0.7574741314113707,0.6939977540130339,0.5703674818574864,0.09491233607621777,0.7270844830759233,-0.05777246941487743,0.4643439528365258
Zuko,Zuko/Avatar: The Last Airbender,Outcast-Demon-Heroes,0.02092640067275677,0.2085373419207927,0.4052501727682927,-0.24741231238064626,-0.1092722417625618,0.5556702234471095,0.13894993077762394
Katara,Katara/Avatar: The Last Airbender,Angel-Heroes,0.7684475969473863,0.7945224176449212,0.7927022382308379,0.3827834170411389,0.7105916722687893,0.07645317051138405,0.5875834187740762
Toph Beifong,Toph Beifong/Avatar: The Last Airbender,Lone Wolf-Demon-Heroes,-0.02584254432966754,0.1854713472512582,0.3024231503612006,-0.5525679009576338,-0.16979645836134738,0.7653961739059402,0.08418062797829172
Sokka,Sokka/Avatar: The Last Airbender,Adventurers,0.3526076640112756,0.3248706216642968,0.4403673035548486,-0.3716107451441562,0.1893972423720529,0.2816971333907335,0.20288820330817517
Azula,Azula/Avatar: The Last Airbender,Demon-Heroes,-0.5156307772029849,-0.33243048004289083,0.010298434770553122,-0.4772026782034356,-0.612377466103236,0.665093055273922,-0.21037498525134535
Iroh,Iroh/Avatar: The Last Airbender,Adventurer-Angel-Heroes,0.7471816810229824,0.7548009385121862,0.6076192491873684,0.23904515006425478,0.6835863386980254,0.0724169333679346,0.5174417151421253
Firelord Ozai,Firelord Ozai/Avatar: The Last Airbender,Traditionalist-Demon-Heroes,-0.6184994399676156,-0.4740595804916994,-0.09123857151679894,-0.3007781374517865,-0.6725663291694591,0.4792031417876378,-0.2796564861349536
Ty Lee,Ty Lee/Avatar: The Last Airbender,Adventurer-Angels,0.5111103065540044,0.4386184251848206,0.3554399634963383,-0.1353576870998831,0.43391562437799,0.053798617155120305,0.27625420827806507
Hakoda,Hakoda/Avatar: The Last Airbender,Lone Wolf-Angel-Heroes,0.7455874396342197,0.8093839964682213,0.7338095680104112,0.4103125341530068,0.6837587636692566,0.05880548005850562,0.5736096303322703
Shrek,Shrek/Shrek,Outcast-Lone Wolf-Demons,-0.08269220936596738,0.034110303779913385,0.16385852751668545,-0.3926294332260931,-0.20931906160982416,0.4697115893401011,-0.002826713927530783
Donkey,Donkey/Shrek,Adventurers,0.3940124563485616,0.2986769622982983,0.28350987278720957,-0.2999107088925902,0.28817912393494644,0.01302501831712192,0.16291545413225794
Princess Fiona,Princess Fiona/Shrek,Adventurer-Heroes,0.5556166300666565,0.6363617661285941,0.7128597390693356,-0.10287518234247586,0.39756867867390483,0.5276189621899596,0.4545250989643292
Marianne,Marianne/Portrait of a Lady on Fire,Geek-Angel-Heroes,0.5782103068007813,0.7015493905681989,0.6187273213482579,0.08162784064074248,0.4555785629897551,0.36898063137845744,0.4674456756210323
Heloise,Heloise/Portrait of a Lady on Fire,Geek-Adventurer-Heroes,0.34555705775693685,0.4417354815199117,0.4530616726667567,-0.29395505964665164,0.17934355377653352,0.5735425211652805,0.2832142045397946
Blondie,"Blondie/The Good, the Bad, and the Ugly",Lone Wolf-Heroes,0.15790556414986218,0.36395031178064374,0.42860884338646804,-0.11136110574409812,0.060410185372516745,0.6239513713710447,0.2539108617194062
Angel Eyes,"Angel Eyes/The Good, the Bad, and the Ugly",Demon-Heroes,-0.5363629073226944,-0.3443453196789253,-0.06356586269338842,-0.42982420618060424,-0.642705695459738,0.6852650460994278,-0.22192315753932046
Tuco,"Tuco/The Good, the Bad, and the Ugly",Outcast-Adventurer-Demons,-0.48278261375755205,-0.5080882354753506,-0.332941721080666,-0.6760566544307248,-0.6038507521295405,0.32002471568413243,-0.3806158768649502
Donna Sheridan,Donna Sheridan/Mamma Mia!,Adventurer-Heroes,0.5050963142297542,0.543991916647981,0.5541404489266262,-0.31352723673106525,0.313676802377726,0.5288685892844512,0.3553744724559122
Sophie Sheridan,Sophie Sheridan/Mamma Mia!,Adventurer-Angel-Heroes,0.7355305694040308,0.6671061485065558,0.6008380580770548,0.078711556443375,0.661896795487067,0.08572317617975499,0.4716343840163064
Tanya Chesham-Leigh,Tanya Chesham-Leigh/Mamma Mia!,Sophisticate-Adventurer-Heroes,0.019107197379664573,0.07217553495567915,0.2150221376494455,-0.5295033005135319,-0.16575787533138991,0.6392976976151665,0.041723565292505656
Rosie Mulligan,Rosie Mulligan/Mamma Mia!,Adventurers,0.40272173445129467,0.38451935857972064,0.39369900243158534,-0.4147768486000397,0.23133300793502468,0.3043209580042595,0.21696953546697417
Sam Carmichael,Sam Carmichael/Mamma Mia!,Heroes,0.4556435796636945,0.4861791889401382,0.6097535765707331,0.2247522422741817,0.3143215755658076,0.2697436795775903,0.3933989737653576
Harry Bright,Harry Bright/Mamma Mia!,Diva-Angel-Heroes,0.603307898462392,0.5742837659331342,0.5596627044276088,0.6329473085247961,0.6014290718623586,-0.2743187838943862,0.4495519942193173
Bill Anderson,Bill Anderson/Mamma Mia!,Adventurer-Angels,0.5287347009665491,0.47399497817348957,0.37419626850935284,-0.19848930278432164,0.420280950621941,0.14945371309698907,0.291361884764
Sky Ramand,Sky Ramand/Mamma Mia!,Brute-Adventurer-Angels,0.5248930721301543,0.4580238660130596,0.4642034311972889,-0.0662327225781649,0.3773715904819924,0.13528572752669885,0.31559082746183814
Pepper,Pepper/Mamma Mia!,Adventurers,0.16603515620611933,0.11541218073174545,0.0989131368760596,-0.47483746890705014,0.02442349673550101,0.21702595331334204,0.02449540915928621
Ali,Ali/Mamma Mia!,Adventurer-Angels,0.6165345188704129,0.4936865847311077,0.4283917426283828,0.09486647223164768,0.5473335640948002,-0.10632697837918298,0.3457476506961947
General Mark R. Naird,General Mark R. Naird/Space Force,Brute-Outcast-Divas,0.33132740943455147,0.3115042918679384,0.6397221630171772,0.04650392296905298,0.22967933013607703,0.06912369357331319,0.2713101351663517
Dr. Adrian Mallory,Dr. Adrian Mallory/Space Force,Heroes,0.24110204286358886,0.41011811815988747,0.5031994160514978,0.16393113710376672,0.18899901753372667,0.33649771959990504,0.3073079085520621
F. Tony Scarapiducci,F. Tony Scarapiducci/Space Force,Diva-Adventurer-Demons,-0.20681659102323843,-0.2975956344575647,-0.16815214574266127,-0.5995822523927344,-0.33092526068224215,0.22914284347625985,-0.22898817347036352
Erin Naird,Erin Naird/Space Force,Outcast-Adventurer-Demons,-0.07311264069185892,-0.03228476313928814,-0.03447392975254951,-0.6743813726880725,-0.25255944781536876,0.5440057585853296,-0.08713439925030136
Captain Angela Ali,Captain Angela Ali/Space Force,Heroes,0.517384033925107,0.6809713224345427,0.7534129175818758,0.24304679407006272,0.4389831155206326,0.2974682072295668,0.4885443984602979
Dr. Chan Kaifang,Dr. Chan Kaifang/Space Force,Geek-Angel-Heroes,0.5264391685186641,0.6089864437979408,0.551468592203695,0.41911710312105904,0.5278797336552951,-0.05793996374690461,0.4293251795916249
Sailor Moon,Sailor Moon/Sailor Moon,Diva-Adventurer-Angels,0.5400919304962221,0.4209613347827686,0.4026356968508349,-0.10962930111422182,0.4671569823439647,-0.02161317355746564,0.28326724496701716
Tuxedo Mask,Tuxedo Mask/Sailor Moon,Heroes,0.3176780458802713,0.42010451768455603,0.5320808479363904,0.08334946263161705,0.19379621093558175,0.4067732935928223,0.32563039644353986
Sailor Mercury,Sailor Mercury/Sailor Moon,Angel-Heroes,0.7088696834757967,0.781144572231443,0.6719415273844187,0.5998700495290205,0.7330888322586843,-0.10947959589059085,0.5642391781647954
Sailor Mars,Sailor Mars/Sailor Moon,Heroes,0.37444779207432344,0.531425283281761,0.6631969382622926,-0.0630995402711038,0.24182606646749807,0.5641995431535886,0.38533268049472663
Sailor Jupiter,Sailor Jupiter/Sailor Moon,Adventurer-Angel-Heroes,0.6726649454491864,0.7515263819606628,0.7769491887814203,0.026336356852839398,0.5541186038893099,0.3228651163523745,0.5174100988809656
Sailor Venus,Sailor Venus/Sailor Moon,Adventurer-Angel-Heroes,0.680152142423565,0.6471186292639352,0.6274355882586156,0.12300683748616846,0.5996590518360924,0.1356283256232281,0.4688334291486007
Sherlock Holmes,Sherlock Holmes/Sherlock,Geek-Demon-Heroes,-0.2600852389900559,-0.04240555705394432,0.14582176617517423,-0.5407628574211931,-0.37288425343462706,0.7657897914038742,-0.05075439155346201
Dr. John Watson,Dr. John Watson/Sherlock,Outcast-Angel-Heroes,0.7256566504865812,0.7600887820171215,0.7884038353159537,0.6075789903836245,0.6705104296985304,-0.1938676796411706,0.5597285013767735
D.I. Greg Lestrade,D.I. Greg Lestrade/Sherlock,Brute-Traditionalist-Heroes,0.47015557686936804,0.4721724964628655,0.5944976746052072,0.6435380982617135,0.4288630125398186,-0.2893026843131836,0.38665402907096486
Mrs. Hudson,Mrs. Hudson/Sherlock,Adventurer-Angel-Heroes,0.7279418306043236,0.7012410816754794,0.7374552682595232,0.3021816894492778,0.616575909078646,0.010317117552765202,0.5159521494366691
Mycroft Holmes,Mycroft Holmes/Sherlock,Traditionalist-Demon-Heroes,-0.29483828096456266,-0.14114510001097166,0.12625922382672605,0.037277728781685386,-0.31496433226844367,0.35315770811070496,-0.03904217542081026
Molly Hooper,Molly Hooper/Sherlock,Outcast-Angel-Heroes,0.7028023987292995,0.6651073493309672,0.5797792894145627,0.6228862970816267,0.7160013690638677,-0.41972059888991614,0.4778093507884013
Carrie Bradshaw,Carrie Bradshaw/Sex and the City,Diva-Adventurers,0.1998432383917604,0.14665661637330712,0.23260859575438883,-0.40940206281897124,0.02858223394340972,0.3664629824137909,0.09412526734294763
Charlotte York,Charlotte York/Sex and the City,Diva-Angel-Heroes,0.5284624787099753,0.44517839993860264,0.5504373531212368,0.6846085763610633,0.5801502793310239,-0.3996477133766586,0.3981982290142072
Miranda Hobbes,Miranda Hobbes/Sex and the City,Traditionalist-Heroes,0.1261910257546509,0.2853544118153498,0.4741400740602408,0.17272258416921718,0.050567074744541814,0.347299222941618,0.2427123989142698
Samantha Jones,Samantha Jones/Sex and the City,Adventurer-Demon-Heroes,-0.0773293805362716,0.013770073541759811,0.1352282275627752,-0.638521814910057,-0.27345965497703717,0.7212220137123962,-0.01984842260107243
Mr. Big,Mr. Big/Sex and the City,Traditionalist-Demon-Heroes,-0.31269841359181966,-0.2145592144762396,0.02407210208815323,-0.0983746085370105,-0.4125252257324489,0.4418958282889123,-0.09536492199340885
Steve Brady,Steve Brady/Sex and the City,Outcast-Angels,0.6572568458798363,0.535059440677582,0.3755101471248592,0.4549535129459545,0.6578884408027296,-0.529626192668951,0.35850703246033516
Seth,Seth/Superbad,Outcast-Adventurer-Demons,-0.3556614375604209,-0.3961820461918934,-0.1997989350614297,-0.691633015770916,-0.4858470337109448,0.2962563659718279,-0.30547768372062944
Evan,Evan/Superbad,Outcast-Traditionalist-Angels,0.5444260495573937,0.49782818551777647,0.3846279012599923,0.6518435744362495,0.6069995166422023,-0.46886946052977735,0.3694759611473062
Fogell (McLovin),Fogell (McLovin)/Superbad,Outcast-Diva-Adventurers,0.2764991030001461,0.21009423684746972,0.21865751512116774,-0.2200346946508048,0.21978597735867095,-0.03363961816835956,0.11189375325138166
Jules,Jules/Superbad,Adventurer-Angel-Heroes,0.6976133839432981,0.6785513258075013,0.5769273694948888,0.11718587427993801,0.5793118697356824,0.1896026287530305,0.47319874200238976
Becca,Becca/Superbad,Diva-Angels,0.6305398771522356,0.4808680782400079,0.4158773591661318,0.4261873675965549,0.5946336684491648,-0.32976384543285425,0.3697237508618734
Officer Slater,Officer Slater/Superbad,Adventurer-Fools,-0.06387933125092507,-0.1385550281274682,-0.034291128552817775,-0.5239923056773118,-0.19478054150524393,0.12587999948706108,-0.13826972260445095
Jackson 'Jax' Teller,Jackson 'Jax' Teller/Sons of Anarchy,Lone Wolf-Adventurer-Heroes,0.18665997347065652,0.34048357290818404,0.5023720116646636,-0.43218773356410045,-0.033090542957979724,0.7222343225902053,0.2144119340186049
Gemma Teller Morrow,Gemma Teller Morrow/Sons of Anarchy,Demon-Heroes,-0.39310627394014114,-0.2698596643656722,0.06861447286442572,-0.590428878244942,-0.5907974422626373,0.7027207010556417,-0.17880951414888754
Robert 'Bobby Elvis' Munson,Robert 'Bobby Elvis' Munson/Sons of Anarchy,Outcast-Lone Wolf-Heroes,0.39809685840635883,0.4553039171469527,0.4883178113268446,0.11940632833085026,0.2608134445075812,0.060103652516310634,0.2970070020391497
Alexander 'Tig' Trager,Alexander 'Tig' Trager/Sons of Anarchy,Outcast-Adventurer-Demons,-0.32031899157389004,-0.25738352773874223,-0.012590899683013046,-0.7049306326189584,-0.5267451728783523,0.4709774120101549,-0.2251653020804669
Filip 'Chibs' Telford,Filip 'Chibs' Telford/Sons of Anarchy,Lone Wolf-Heroes,0.38260728321871496,0.5468635458772698,0.6640480093277386,0.015282056059180567,0.21004730151089562,0.38323239824473293,0.36701343237308875
Spencer Hastings,Spencer Hastings/Pretty Little Liars,Heroes,0.0379968538199074,0.19564256044463768,0.43228865691355184,0.04906641262204273,-0.06187860038297312,0.4472766365697174,0.18339875333114733
Hanna Marin,Hanna Marin/Pretty Little Liars,Diva-Adventurers,0.11082564527252446,0.06582014476174777,0.18581335046607303,-0.5012150605986324,-0.08242614423527135,0.3726989183926676,0.025252809009851513
Aria Montgomery,Aria Montgomery/Pretty Little Liars,Outcast-Diva-Adventurers,0.1908979390880788,0.13746362640096121,0.25122805631836254,-0.343750362909108,0.0024438811388720542,0.31454389606172617,0.09213783934981547
Emily Fields,Emily Fields/Pretty Little Liars,Angel-Heroes,0.7727201248737939,0.775280779647547,0.6729655328881893,0.3350006959807336,0.6794683157330744,-0.021465104489835858,0.5356617241055837
Alison DiLaurentis,Alison DiLaurentis/Pretty Little Liars,Adventurer-Demon-Heroes,-0.49158723586959807,-0.41125461381677453,-0.16175187698445329,-0.7317227655552432,-0.6449241713229497,0.7208966396793113,-0.2867240039782846
Ezra Fitz,Ezra Fitz/Pretty Little Liars,Diva-Demon-Heroes,-0.19791713568444025,-0.1632558283023898,0.0667334711892898,-0.14931416024257615,-0.33589026184713333,0.31212180892093777,-0.07792035099438534
Ashley Marin,Ashley Marin/Pretty Little Liars,Diva-Demon-Heroes,-0.23119342609429366,-0.18564877871475824,0.09629545130738928,-0.21351218364025606,-0.4024560731675003,0.4368190151695013,-0.08328266585665295
Mona Vanderwaal,Mona Vanderwaal/Pretty Little Liars,Diva-Demon-Heroes,-0.49798224164607685,-0.3699768068584018,-0.10340511727869184,-0.555317052402898,-0.6051673451203078,0.6218069375139988,-0.25167360429872954
Caleb Rivers,Caleb Rivers/Pretty Little Liars,Lone Wolf-Adventurer-Heroes,0.27355830889096727,0.3945447255228316,0.32768793680016045,-0.41555520575004984,0.0745280874306716,0.5753114664301029,0.20501255322078063
Toby Cavanaugh,Toby Cavanaugh/Pretty Little Liars,Outcast-Lone Wolf-Heroes,0.29251432861891224,0.4148246460468826,0.44835577926636944,0.16718322478133163,0.2064865070775033,0.1525470216010747,0.28031858456534564
Jack Traven,Jack Traven/Speed,Heroes,0.4824139837268354,0.638237859500496,0.7340482076433303,0.014471150576707049,0.34965129383623206,0.4585630722430996,0.4462309279211168
Howard Payne,Howard Payne/Speed,Demon-Heroes,-0.6048122005259854,-0.4435214534554558,-0.13444703160693144,-0.5335826130907814,-0.7030633945323734,0.6217703661671525,-0.2996093878407292
Annie Porter,Annie Porter/Speed,Adventurer-Angel-Heroes,0.8197870926215742,0.790731213239951,0.7566596091798092,0.11393997798356932,0.6879299474631941,0.11643846087442392,0.547581050227087
Jerry Seinfeld,Jerry Seinfeld/Seinfeld,Diva-Adventurer-Heroes,0.011676227553250823,0.02194017176491492,0.22466051127750455,-0.1820525023604952,-0.10864034394997783,0.34418067342945047,0.05196078961910796
George Costanza,George Costanza/Seinfeld,Outcast-Demon-Fools,-0.4866569535717657,-0.5450429667851379,-0.31464893899326724,-0.28155933287653034,-0.532007635379226,-0.038638622949985185,-0.36642574175931864
Elaine Benes,Elaine Benes/Seinfeld,Diva-Adventurer-Demons,-0.0218148534570853,0.005348087170713959,0.22611171630681415,-0.5291863923988679,-0.22220789413355874,0.545949419676424,0.0007000138607400156
Cosmo Kramer,Cosmo Kramer/Seinfeld,Adventurers,-0.0483636172166283,-0.05172484416967158,0.02878345198574858,-0.6999535623089326,-0.19617750454072733,0.4282881349950912,-0.08985799020918667
Morty Seinfeld,Morty Seinfeld/Seinfeld,Brute-Outcast-Traditionalists,-0.15351125264564802,-0.1850661718208017,0.12997916932040152,0.24228869897973068,-0.15150730737539223,-0.18235669558397163,-0.0500289265209469
Helen Seinfeld,Helen Seinfeld/Seinfeld,Brute-Diva-Traditionalists,0.17816319145233636,0.14191169917377178,0.421258816501638,0.46452280015080893,0.17408478623415977,-0.19158558133136397,0.19805928536355843
Otis Milburn,Otis Milburn/Sex Education,Geek-Outcast-Angels,0.5278930938664709,0.48430696871398227,0.4372483491600864,0.427458667584156,0.5101306637214923,-0.24941503609652102,0.3562704511582779
Jean Milburn,Jean Milburn/Sex Education,Adventurer-Heroes,0.4807015863505457,0.5595333877693147,0.564903650940614,-0.13413942074226143,0.2958773875403163,0.5046039336751478,0.3785800875889462
Maeve Wiley,Maeve Wiley/Sex Education,Geek-Lone Wolf-Heroes,0.09990811436656258,0.2804189008069195,0.3081023055476499,-0.523034258412564,-0.11542338042450008,0.8186634534915059,0.14477252256259565
Eric Effiong,Eric Effiong/Sex Education,Adventurers,0.4486338311956916,0.4172085434026578,0.3934582447720744,-0.32872889075171335,0.2929612632765391,0.32061552482767847,0.257358086120488
Adam Groff,Adam Groff/Sex Education,Outcast-Lone Wolf-Fools,-0.12470522145864277,-0.0965227449301775,-0.07160751212700935,-0.262939209585262,-0.18553844433420708,0.06657758746072884,-0.11245592416242832
Jackson Marchetti,Jackson Marchetti/Sex Education,Diva-Angel-Heroes,0.6435197109817389,0.6333939536862829,0.6735945343151293,0.30031815740749973,0.535999447732379,0.06250264345326034,0.47488807459604837
Aimee Gibbs,Aimee Gibbs/Sex Education,Adventurer-Angels,0.6986217790523229,0.579122686340063,0.4839066650657255,0.06500227472092203,0.6255424528619951,-0.13448771714417823,0.38628469014947503
Michael Groff,Michael Groff/Sex Education,Outcast-Traditionalist-Demons,-0.4842878938141866,-0.43964502352850754,-0.1708806417366805,0.17278427673762048,-0.43439643654769644,-0.09399408457973861,-0.24173663391153155
Lily Iglehart,Lily Iglehart/Sex Education,Geek-Outcast-Adventurers,0.2737286331241151,0.29842507287697695,0.2079751123012791,-0.411393685781981,0.17932732712417088,0.2806772077130197,0.1381232778929301
Ola Nyman,Ola Nyman/Sex Education,Adventurer-Angel-Heroes,0.5355012840294446,0.5980115661775478,0.5113439680677848,-0.22362670047278704,0.37425551115043854,0.45340227700809904,0.3748146509934213
Shaun,Shaun/Shaun of the Dead,Outcasts,0.32900502569348344,0.2846104837619308,0.31543033642546503,0.05033225851423761,0.23534668725826413,-0.15481228677707007,0.17665208414605182
Ed,Ed/Shaun of the Dead,Outcast-Adventurer-Fools,-0.028179401933326742,-0.09726463409906178,-0.07364793370382719,-0.45180425885886843,-0.13069003091240824,0.03657619384895122,-0.12416834427642354
Liz,Liz/Shaun of the Dead,Heroes,0.42162517665833066,0.46150509841618886,0.5618390239469481,0.31688619883002,0.32515541448462365,0.13678996468132826,0.37063347950290665
Light Yagami,Light Yagami/Death Note,Geek-Demon-Heroes,-0.40435948066162825,-0.20663992591213573,0.04904997064553836,-0.34952570680086187,-0.47566705245574176,0.6434517595023286,-0.12394840594708345
Touta Matsuda,Touta Matsuda/Death Note,Outcast-Angels,0.6808483849128503,0.5460498301014336,0.4192286787241748,0.6226346903654033,0.732792628519583,-0.6468807991115646,0.3924455689186468
Shuichi Aizawa,Shuichi Aizawa/Death Note,Outcast-Traditionalist-Angels,0.5872725655980399,0.5064101706578437,0.5143837399977902,0.7327853431239963,0.5958320022582028,-0.5038466888286627,0.4054728554678684
Ryuk,Ryuk/Death Note,Lone Wolf-Adventurer-Demons,-0.3803220106678017,-0.24766883894589656,-0.14800288204797696,-0.7639107654738094,-0.5055711305014211,0.6508365780238663,-0.23243984160217324
Soichiro Yagami,Soichiro Yagami/Death Note,Brute-Traditionalist-Heroes,0.224391989880073,0.3441804606506575,0.5405158849470573,0.4428932481206904,0.17612165126041157,0.065125172381718,0.2988714012067679
Hideki Ide,Hideki Ide/Death Note,Outcast-Traditionalist-Demons,-0.4537683138204015,-0.35880593343507927,-0.11452262555459755,0.058833839503169096,-0.45202159246499424,0.05022658379880308,-0.21167634032885005
L,L/Death Note,Geek-Heroes,-0.024605670543108873,0.19391789017741648,0.23589609818276605,-0.23220912884483064,-0.07482810757452824,0.5346380275949126,0.10546818483210457
Misa Amane,Misa Amane/Death Note,Diva-Adventurers,0.03167722649002604,-0.026260435860079426,0.08979535010595481,-0.4570626819327899,-0.09052752855726023,0.1772377442512309,-0.045856720917152975
Kanzo Mogi,Kanzo Mogi/Death Note,Brute-Angels,0.6746199051169626,0.6214536413881594,0.6098580433110947,0.7197934969018941,0.6936745900021156,-0.4709145669707805,0.4747475182915743
Watari,Watari/Death Note,Traditionalist-Angel-Heroes,0.5322802028000455,0.5999925632163606,0.5691931949155893,0.6604627963916448,0.5419218577495417,-0.13923385941563282,0.4607694592762582
Shauna,Shauna/Yellowjackets,Outcast-Demon-Heroes,-0.08533772259212932,0.008806987838876922,0.0793106542762002,-0.17284045135381262,-0.21588497069583285,0.2863463196172112,-0.01659986381824775
Taissa,Taissa/Yellowjackets,Demon-Heroes,-0.05781473619682161,0.15311799325485834,0.3594695153266499,-0.2277601026364939,-0.20809181188498768,0.6394080810630182,0.1097214898210372
Jackie,Jackie/Yellowjackets,Brute-Divas,-0.05536770345326201,-0.13255289532547318,0.11397828685452414,-0.0817707045975343,-0.127123264793441,0.11701355757811965,-0.027637120622844447
Natalie,Natalie/Yellowjackets,Lone Wolf-Adventurer-Demons,-0.05034010341019639,0.11336030519943396,0.1525403297577348,-0.6890069390328892,-0.2681685165630089,0.7505001882454566,0.001480877366088466
Misty,Misty/Yellowjackets,Geek-Outcast-Demons,-0.32766700574991114,-0.22364658059721249,0.0010087222578088577,-0.47655546099167884,-0.4060257085365263,0.39926120640135626,-0.17227080453602725
Ben Scott,Ben Scott/Yellowjackets,Traditionalist-Angel-Heroes,0.5535757005591326,0.5582726774670075,0.4997046494174403,0.5930095254121815,0.5114085642988483,-0.26776522275382886,0.4080343157334636
Bruce Wayne,Bruce Wayne/The Dark Knight,Demon-Heroes,-0.004477293409743088,0.19167977124192587,0.41310512158986834,-0.2541899707224509,-0.15017651607988208,0.6556677592217576,0.1419348119735793
Alfred Pennyworth,Alfred Pennyworth/The Dark Knight,Angel-Heroes,0.673389112959715,0.7525939915980042,0.7500313789052908,0.5723539474499767,0.6385521751712356,-0.026520262040583224,0.5600667240072733
The Joker,The Joker/The Dark Knight,Geek-Adventurer-Demons,-0.4087633283587356,-0.2575743152466284,-0.11520444125231223,-0.8505425852354243,-0.5552513500077982,0.7760392186638483,-0.23521613357284177
James Gordon,James Gordon/The Dark Knight,Angel-Heroes,0.6355869768708379,0.7337354023406074,0.8075237279044146,0.48038800197048287,0.5595948721780596,0.05143988747177086,0.5447114781226956
Harvey Dent,Harvey Dent/The Dark Knight,Diva-Demon-Heroes,-0.17554057402894052,-0.047443691186048714,0.2959000364600388,-0.2423959230612318,-0.3153021940237157,0.5039871240569658,0.003200796369511316
Rachel Dawes,Rachel Dawes/The Dark Knight,Angel-Heroes,0.5286929622230157,0.5856156561416868,0.6873802890304835,0.3995389669079284,0.4536711500140791,0.10925391366273958,0.4606921563299889
Lucius Fox,Lucius Fox/The Dark Knight,Angel-Heroes,0.5857853139152044,0.7160171692340618,0.68843157251689,0.32162239779790547,0.521793285189375,0.21799090877833815,0.5086067745719625
Anthony Garcia,Anthony Garcia/The Dark Knight,Diva-Traditionalist-Heroes,-0.1729399397974371,-0.1275344289432284,0.1632464090662766,0.2737429279250554,-0.22150780856054816,0.04688863232236562,-0.006350701331252669
Lau,Lau/The Dark Knight,Diva-Traditionalist-Demons,-0.44129167972899036,-0.37201963157395174,-0.15045871498643024,-0.002430724168761592,-0.4575987076534339,0.19035717068614066,-0.20557371457090454
Sal Maroni,Sal Maroni/The Dark Knight,Demons,-0.6837487366264482,-0.6516842247159462,-0.3048286693645171,-0.5101337953201619,-0.8068997695552055,0.4762377192998694,-0.4135095793804016
Susan Mayer,Susan Mayer/Desperate Housewives,Outcast-Diva-Adventurers,0.3230698274790118,0.1476041930503442,0.20266824249602938,-0.07746512975142143,0.24131831495286588,-0.2067364602249557,0.10507649800031234
Lynette Scavo,Lynette Scavo/Desperate Housewives,Heroes,0.2098974232928918,0.34606101390546695,0.5919214000272617,-0.12887307717507204,0.032685152159660176,0.5236544965393277,0.2625577347915894
Bree Van de Kamp,Bree Van de Kamp/Desperate Housewives,Diva-Traditionalist-Heroes,-0.057635396242627764,0.045659518872564316,0.3563395318207511,0.1777558767232455,-0.09403599339482668,0.27048200830062463,0.11642759101328852
Gabrielle Solis,Gabrielle Solis/Desperate Housewives,Diva-Adventurer-Demons,-0.22026371779291584,-0.2013741310390634,0.028588625957334246,-0.5926452601891282,-0.39138543972361517,0.5898816162890579,-0.13119971774972175
Edie Britt,Edie Britt/Desperate Housewives,Adventurer-Demons,-0.453505170136247,-0.3911098541404449,-0.1550273599706504,-0.7748881885742258,-0.6307687187431503,0.7051590297161697,-0.28335671030809145
Carlos Solis,Carlos Solis/Desperate Housewives,Brute-Demon-Heroes,-0.2950353342681716,-0.22198250590712143,0.1311253954616026,-0.183965309558305,-0.43502404051015603,0.43101999017873693,-0.09564363410056907
Julie Mayer,Julie Mayer/Desperate Housewives,Diva-Angel-Heroes,0.7209536171852723,0.6300948706415265,0.5401505999434721,0.6375610571091379,0.7324610463637451,-0.35848173079134,0.4837899100753023
Mary Alice Young,Mary Alice Young/Desperate Housewives,Diva-Traditionalist-Heroes,0.23608291444471377,0.27769431325586197,0.4045433893957432,0.31249222170239277,0.18820444787716756,0.08040646030277863,0.24990395782977629
Mike Delfino,Mike Delfino/Desperate Housewives,Brute-Lone Wolf-Heroes,0.4927625868838472,0.5835541938891862,0.6033917574868983,0.1909893491188819,0.3756526920911578,0.22597298251388648,0.4120539269973096
Tom Scavo,Tom Scavo/Desperate Housewives,Brute-Outcast-Angels,0.3641968875734884,0.15634902703466022,0.1884671447068385,0.32927214647737496,0.3381231264524807,-0.5128112757386495,0.1439328427510322
Raymond 'Red' Reddington,Raymond 'Red' Reddington/The Blacklist,Demon-Heroes,-0.1315323891117619,0.04635412655869996,0.239837562364369,-0.437206588054371,-0.2897053950364356,0.783482046140343,0.03520489381014056
Elizabeth Keen,Elizabeth Keen/The Blacklist,Heroes,0.20891808290791852,0.3611300527321779,0.5684268321306117,-0.1690289080533171,0.036290810811512655,0.5883519408470066,0.2656814685626517
Donald Ressler,Donald Ressler/The Blacklist,Brute-Traditionalist-Heroes,0.12949412589360712,0.23641187412720774,0.5081624583083585,0.35931371077463786,0.07192376552926229,0.08076242449942937,0.2310113931887505
Harold Cooper,Harold Cooper/The Blacklist,Traditionalist-Heroes,0.48496152777182794,0.5801775030555677,0.6814681151273699,0.5378023516388503,0.43835127912300936,0.04286730655748067,0.4609380138790176
Dembe Zuma,Dembe Zuma/The Blacklist,Lone Wolf-Angel-Heroes,0.5473286987443212,0.7153211103962852,0.6939736785020094,0.3115897790356212,0.47643799359338673,0.20314516443449812,0.491299404117687
Aram Mojtabai,Aram Mojtabai/The Blacklist,Angel-Heroes,0.7376530296947416,0.7385271855187652,0.6332218046865254,0.5885430030769926,0.7550705611040117,-0.32485075664713153,0.5213608045723174
Sabrina Spellman,Sabrina Spellman/Chilling Adventures of Sabrina,Adventurer-Heroes,0.24132337778489213,0.32550290861442427,0.4531782876330199,-0.4886981030595328,0.052858517345402554,0.6663361361157213,0.20841685407232124
Harvey Kinkle,Harvey Kinkle/Chilling Adventures of Sabrina,Brute-Outcast-Angels,0.6551928217041232,0.5693548441882521,0.5498625784905363,0.5117089821525673,0.6374020039185411,-0.40297338426819873,0.4200913076976369
Hilda Spellman,Hilda Spellman/Chilling Adventures of Sabrina,Adventurer-Angels,0.8095198172983681,0.7018893460062037,0.5585048131342084,0.34437666653585336,0.7904220398359495,-0.30781731506097304,0.482815894624935
Ambrose Spellman,Ambrose Spellman/Chilling Adventures of Sabrina,Geek-Adventurer-Heroes,0.48335271643990835,0.5615197275004027,0.5193678159325835,-0.20292465689372916,0.29105557164040646,0.4492131936669262,0.350264061381083
Mary Wardwell,Mary Wardwell/Chilling Adventures of Sabrina,Demon-Heroes,-0.4768912263688777,-0.30718278047003067,-0.019439111670176847,-0.4909676739018483,-0.6152279391289333,0.689121254300412,-0.2034312462065758
Rosalind Walker,Rosalind Walker/Chilling Adventures of Sabrina,Angel-Heroes,0.8366100890615054,0.8299750754046957,0.7268051090819503,0.3896189561517181,0.7785627212904622,-0.02997114426534095,0.5886001344541651
Prudence Night,Prudence Night/Chilling Adventures of Sabrina,Demon-Heroes,-0.26150150885071866,-0.07759620083786195,0.1675883459801001,-0.5068406080233819,-0.42843768465227244,0.7773395058877905,-0.05490802508272404
Agatha,Agatha/Chilling Adventures of Sabrina,Outcast-Diva-Demons,-0.565292140243907,-0.5435214100979442,-0.3105564447138643,-0.24107109441773172,-0.6003622307104343,0.05223616514330801,-0.36809452584009555
Faustus Blackwood,Faustus Blackwood/Chilling Adventures of Sabrina,Demons,-0.7090685237997205,-0.6190711975450243,-0.2341141389868791,-0.32966880460936066,-0.7580870716339494,0.35861615309881034,-0.3818989305793539
Zelda Spellman,Zelda Spellman/Chilling Adventures of Sabrina,Demon-Heroes,-0.18327661057797565,-0.00911094737809025,0.2885888912705288,-0.10559889753173503,-0.29526214212277996,0.5436958156218078,0.03983935154695928
Frances 'Baby' Houseman,Frances 'Baby' Houseman/Dirty Dancing,Diva-Adventurer-Angels,0.7653484635522407,0.6905857777290523,0.6507429245843928,0.2710221133812058,0.7158219110753884,-0.06265013916158914,0.5051451751934485
Johnny Castle,Johnny Castle/Dirty Dancing,Lone Wolf-Adventurer-Heroes,0.20640704833731308,0.3434650068685754,0.4524540418726958,-0.4116427212187501,-0.019111130268486157,0.7145375940284567,0.21435163993663411
Kimmy Schmidt,Kimmy Schmidt/Unbreakable Kimmy Schmidt,Adventurer-Angels,0.6343365626955834,0.5725636419132368,0.5247397290693265,-0.008474198978483847,0.5960639246222,-0.04065168162870563,0.3797629962821929
Titus Andromedon,Titus Andromedon/Unbreakable Kimmy Schmidt,Adventurers,-0.019120502154072207,-0.03205840798744464,0.053938345019575215,-0.6453625555256003,-0.1770095323512578,0.4861888463713313,-0.0555706344379114
Lillian Kaushtupper,Lillian Kaushtupper/Unbreakable Kimmy Schmidt,Lone Wolf-Adventurer-Demons,-0.15194383107949672,-0.08021982114931199,0.05515003080770637,-0.7798331580092382,-0.35227530823068504,0.662047961484581,-0.10784568769607411
Jacqueline White,Jacqueline White/Unbreakable Kimmy Schmidt,Diva-Adventurer-Demons,-0.34738655986776057,-0.3671975473921214,-0.056685854766286355,-0.46579822776967894,-0.48029942309971674,0.3888167409592409,-0.2214251453227205
Cyndee Pokorny,Cyndee Pokorny/Unbreakable Kimmy Schmidt,Outcast-Diva-Fools,0.0488015812482418,-0.10224795311756231,0.06843536057969615,0.277114107413803,0.1289590749445701,-0.5588589009840721,-0.022966121652553895
Robert Crawley,Robert Crawley/Downton Abbey,Brute-Traditionalist-Heroes,0.310773565695537,0.33852695549195017,0.5479996169729446,0.5296026549111851,0.29652151019652323,-0.04596519001525195,0.3295765188754813
Lady Sybil Crawley,Lady Sybil Crawley/Downton Abbey,Adventurer-Angel-Heroes,0.6359366238499138,0.6733756735261613,0.5901455792720008,-0.20368703305767663,0.4958846112781036,0.4201013254411948,0.4352927967182829
Lady Edith Crawley,Lady Edith Crawley/Downton Abbey,Outcast-Diva-Heroes,0.28759617858899583,0.26681453422611057,0.37112641525516143,0.11632239463676078,0.21611639174203662,0.044704763632085864,0.2171134463468585
Charlie Carson,Charlie Carson/Downton Abbey,Traditionalist-Angel-Heroes,0.36234923128638574,0.46209177488144637,0.6201767391833461,0.5931451249444004,0.37086367674106924,-0.04394606070046635,0.3941134143893636
John Bates,John Bates/Downton Abbey,Angel-Heroes,0.5604776719409885,0.6892136252848556,0.7209737224248033,0.4440775660167876,0.4928328629989378,0.10097221996913218,0.5014246114392509
Lady Mary Crawley,Lady Mary Crawley/Downton Abbey,Demon-Heroes,-0.12674720820524937,0.008156872442937531,0.27944003972427456,-0.23274298266687177,-0.2618757603255879,0.6176808001887623,0.04731862685971089
Sarah O'Brien,Sarah O'Brien/Downton Abbey,Outcast-Traditionalist-Demons,-0.6282315980974288,-0.5246568892583685,-0.21770854895014738,-0.2860533265524019,-0.6748649328583113,0.33716420959250554,-0.3323918476873587
Anna Bates,Anna Bates/Downton Abbey,Angel-Heroes,0.8509103509882087,0.862315826200145,0.7604225929890194,0.5815321827754957,0.8298212032853547,-0.15095860231373573,0.622340592320748
Elsie Carson,Elsie Carson/Downton Abbey,Angel-Heroes,0.663230330955147,0.7261382314907874,0.7472795942749981,0.5963588096589049,0.6455464306961544,-0.058059708995653145,0.5534156146800564
William Mason,William Mason/Downton Abbey,Outcast-Angels,0.7066432466203586,0.6004396177919402,0.5028376185376857,0.7171745149072025,0.775348593101055,-0.6351177614408815,0.4445543049195601
Thomas Barrow,Thomas Barrow/Downton Abbey,Demons,-0.5824890540015624,-0.47203789762619197,-0.22767672606508113,-0.6353512637010017,-0.7224120722519232,0.6306354605515441,-0.3348885921823694
Cora Crawley,Cora Crawley/Downton Abbey,Diva-Angel-Heroes,0.67381999669094,0.6411720104557516,0.6404270251277712,0.41507560695954543,0.6170570456808046,-0.023050506380257817,0.49408352975575914
Daisy Mason,Daisy Mason/Downton Abbey,Outcast-Adventurer-Angels,0.5829870988918652,0.4909951675105517,0.4830092986349175,0.1291716062343002,0.5451006152217095,-0.18479686342251245,0.3410778205118053
Beryl Patmore,Beryl Patmore/Downton Abbey,Brute-Angel-Heroes,0.49768103537505126,0.5298675867124135,0.6996704433274792,0.3347981037401001,0.4353032633538856,-0.009721713470587113,0.41459978650639046
Violet Crawley,Violet Crawley/Downton Abbey,Heroes,-0.0515011879024242,0.06494136083350646,0.3835478492545782,-0.02652349703642055,-0.13069596898621558,0.45092291539313945,0.11511524525936062
Kat Stratford,Kat Stratford/10 Things I Hate About You,Demon-Heroes,-0.0093725799746767,0.21529456419788803,0.3264569362837777,-0.4334155536591538,-0.16184598002569545,0.8145704436138202,0.12528130507266003
Patrick Verona,Patrick Verona/10 Things I Hate About You,Lone Wolf-Adventurer-Demons,0.01842383204277559,0.1567271241715815,0.1869628302752806,-0.7047827485544258,-0.19936282711260186,0.8152992285072866,0.04554457322164943
Cameron James,Cameron James/10 Things I Hate About You,Outcast-Angels,0.7976652930170075,0.7015659947262212,0.5939259219386668,0.48801921118983543,0.801867355529722,-0.3652463142402216,0.5029662436935386
Bianca Stratford,Bianca Stratford/10 Things I Hate About You,Brute-Diva-Adventurers,0.26793537659857325,0.10031538805945057,0.17547794700472172,0.17053042283961187,0.25916607337565145,-0.22113521972323993,0.12538166469246148
Walter Stratford,Walter Stratford/10 Things I Hate About You,Outcast-Diva-Traditionalists,-0.13366741542004612,-0.10742114037969873,0.24042513591265435,0.33297611808288036,-0.11941589086074401,-0.10035079585073507,0.01875766858071846
Joey Donner,Joey Donner/10 Things I Hate About You,Brute-Diva-Demons,-0.6656292106715921,-0.7264685928393185,-0.43249261513228426,-0.4386774720146701,-0.7222238156945432,0.1491139770184762,-0.47272962155565534
Maria,Maria/West Side Story,Diva-Adventurer-Angels,0.6990568494337999,0.6172417737722135,0.5444293446443464,0.1542387652761859,0.6540119198299976,-0.04438407223188395,0.43743243012077654
Tony,Tony/West Side Story,Adventurer-Angel-Heroes,0.5920150007404379,0.5455953748042103,0.5585151481004939,-0.04673063997614468,0.46103786613962494,0.1332305469111471,0.3739438827866283
Riff,Riff/West Side Story,Brute-Adventurer-Demons,-0.2754904253426484,-0.26665746751828306,-0.002007377317656997,-0.6544952074792855,-0.4547068108613781,0.44826030702763997,-0.20084949691526868
Anita,Anita/West Side Story,Adventurer-Heroes,0.28029500542840635,0.35082757927024877,0.5225430702351428,-0.24141630524014948,0.08104652979749412,0.5529067292823621,0.25770043479558413
Lieutenant Schrank,Lieutenant Schrank/West Side Story,Brute-Traditionalist-Demons,-0.4276211139024175,-0.3525785797751546,0.0022373321446845862,0.0972408195820483,-0.4485871920962443,0.09799815143317447,-0.17188509710231817
Calvin,Calvin/Calvin and Hobbes,Adventurer-Demons,-0.14294711369233565,-0.09751136704152544,0.041255505620798716,-0.7830276526296865,-0.28232153100583895,0.6138202368317227,-0.10845532031947754
Hobbes,Hobbes/Calvin and Hobbes,Adventurers,0.4765279644476565,0.47008246564636896,0.39535951125068436,-0.2832250674829557,0.3593047827792759,0.28421941515230786,0.28371151196555633
Calvin's dad,Calvin's dad/Calvin and Hobbes,Traditionalist-Angel-Heroes,0.3734087753035847,0.4114428829388366,0.5046685001927282,0.689824443227473,0.4060163517096477,-0.27972760445441885,0.3509388914863086
Calvin's mom,Calvin's mom/Calvin and Hobbes,Traditionalist-Angel-Heroes,0.4601006091424718,0.5263062510671145,0.6020752573332553,0.5105202666595184,0.4157068772133995,0.003023459456299852,0.4196221201453432
Susie Derkins,Susie Derkins/Calvin and Hobbes,Diva-Heroes,0.29150258607325147,0.3401227258548112,0.5328959651825561,0.37294991298610053,0.2800920517514428,0.06789491577879007,0.31424302627115863
Atticus Finch,Atticus Finch/To Kill a Mockingbird,Angel-Heroes,0.6203458695137009,0.7343609852722577,0.7262258968007927,0.40701872935012323,0.5638691107160576,0.18469972126857767,0.5394200521535849
Fry,Fry/Futurama,Outcast-Adventurer-Fools,0.19007416697566779,0.05473339021708047,0.06439059553310969,-0.2702095787864375,0.10945653272240233,-0.14936495351119156,-0.00015330780822812862
Leela,Leela/Futurama,Heroes,0.2783969351859829,0.460811472970907,0.5889109121922423,-0.1539815730014077,0.11633815459557428,0.5942868952737712,0.3141271328695117
Bender,Bender/Futurama,Adventurer-Demons,-0.5270177256277233,-0.4766924690514093,-0.30069440325355873,-0.8738426282568132,-0.6785899214621324,0.5843766958134898,-0.37874340863969125
Prof. Farnsworth,Prof. Farnsworth/Futurama,Geek-Demon-Heroes,-0.2821532521265129,-0.18032456389800441,-0.0019187452826145402,-0.48636220408852093,-0.3595653020614086,0.49721551739313136,-0.13551809167732165
Amy Wong,Amy Wong/Futurama,Diva-Adventurers,0.24641504915339058,0.13851776528490506,0.1598749138500345,-0.2868135811792745,0.13605387487700982,0.07033450338008132,0.07739708756102447
Hermes Conrad,Hermes Conrad/Futurama,Traditionalist-Angel-Heroes,0.3639112088663725,0.4108242021930113,0.4231854962484273,0.564952031979049,0.3604623985492192,-0.16824929097347474,0.3258476744771007
Dr. Zoidberg,Dr. Zoidberg/Futurama,Outcast-Adventurer-Fools,-0.046096738207533454,-0.11001342943538167,-0.05952029719697457,-0.2806127508464564,-0.08163257723079365,-0.12894712935476174,-0.11780382037865024
Zapp Brannigan,Zapp Brannigan/Futurama,Diva-Adventurer-Demons,-0.541943355759699,-0.6268651758493693,-0.37388483837362435,-0.5507446544910507,-0.6184643986486789,0.1883658898359044,-0.4205894222144197
Kif Kroker,Kif Kroker/Futurama,Geek-Outcast-Angels,0.46115189220393904,0.3960992687818863,0.27892285735204214,0.6061736896195583,0.5304645016760302,-0.5906158766829063,0.28036605549175825
Mom,Mom/Futurama,Demon-Heroes,-0.6134248209354294,-0.48735265592850274,-0.1373715517819658,-0.518336275790147,-0.7182281876895089,0.6173514003290768,-0.30956034863274623
Dolores Abernathy,Dolores Abernathy/Westworld,Heroes,0.14073933880995176,0.3122680875372891,0.443996369059062,-0.3126924350853998,0.026971103671330068,0.6596247958988073,0.21181787664850674
Maeve Millay,Maeve Millay/Westworld,Adventurer-Heroes,0.12899086987675917,0.2971663157554609,0.43641576752705263,-0.4286096603513083,-0.07407684698739211,0.7724322389935577,0.188719780802355
Bernard Lowe,Bernard Lowe/Westworld,Traditionalist-Angel-Heroes,0.41731571673820167,0.5315786034650679,0.5031518232875245,0.4662663280551896,0.42157221362358455,-0.07170434967369378,0.37803005591597905
Teddy Flood,Teddy Flood/Westworld,Brute-Outcast-Angels,0.6643350591380357,0.5967398961483162,0.623520687392925,0.617387661808739,0.6790697324659564,-0.4604120933769052,0.4534401572628446
Ashley Stubbs,Ashley Stubbs/Westworld,Brute-Traditionalist-Heroes,0.14101607494428106,0.26647343539659996,0.46843787313919366,0.3363592200298893,0.09929102176806368,0.0657642619503059,0.22955698120472223
Lee Sizemore,Lee Sizemore/Westworld,Diva-Demons,-0.36593776908296854,-0.44242335719493575,-0.22052617277555556,-0.3765918808604442,-0.46673511913904453,0.13168818645650027,-0.2900876854327414
Elsie Hughes,Elsie Hughes/Westworld,Outcast-Heroes,0.44502810125005937,0.579904646810594,0.6261532826930674,0.2310267540644969,0.3730160631615554,0.18239732057695496,0.40625436142612137
Man in Black,Man in Black/Westworld,Demon-Heroes,-0.5469959543176615,-0.3509914985216191,-0.053327509838857194,-0.5261048954843542,-0.6634955044881656,0.7110722911343127,-0.23830717858605746
Robert Ford,Robert Ford/Westworld,Geek-Demon-Heroes,-0.17790246519309422,0.0061391033275982575,0.1873643920565648,-0.29338084418744637,-0.2614039040588363,0.6322826669206176,0.015516491477567304
Theresa Cullen,Theresa Cullen/Westworld,Traditionalist-Demon-Heroes,-0.23366577928281504,-0.08874870403735685,0.17924956233254122,0.04933738228838577,-0.29691381644995907,0.3615310580572164,-0.0048683828486645875
Charlotte Hale,Charlotte Hale/Westworld,Demon-Heroes,-0.33893176657958507,-0.1662703395027898,0.08147088867704833,-0.38994879475029137,-0.4721122477911601,0.694280518221905,-0.09858529028747882
Akecheta,Akecheta/Westworld,Lone Wolf-Heroes,0.3093260960822068,0.48416186842755377,0.5712520192106118,-0.06435282010141803,0.20729809115037157,0.455100689141514,0.3271309906518067
Clementine Pennyfeather,Clementine Pennyfeather/Westworld,Heroes,0.22046407773013646,0.18422324440505133,0.11380421889441411,-0.014969345135291192,0.13770246805231967,-0.13086170778551132,0.08506049269351983
Logan Delos,Logan Delos/Westworld,Adventurer-Demons,-0.6067340710160026,-0.6253423577457742,-0.38089287560184193,-0.6869679211786293,-0.7482240954264328,0.4051789664699241,-0.4404970590831261
Felix Lutz,Felix Lutz/Westworld,Outcast-Angels,0.4866211074755224,0.44063493190663994,0.309377243516842,0.4986348264770007,0.4984533602823399,-0.47024819079300845,0.2939122131442227
Don Quijote,Don Quijote/Don Quixote,Adventurers,0.05838911594399537,0.09022925145777819,0.2926102895969077,-0.4765971187423047,-0.047366223460939584,0.4149126770329806,0.055362998638069615
Sancho Panza,Sancho Panza/Don Quixote,Brute-Outcast-Angels,0.5396957703370605,0.43407532017531,0.37485011002889596,0.5694964008423979,0.541686592918293,-0.5494466556672536,0.318392923105784
Tris Prior,Tris Prior/Divergent,Outcast-Adventurer-Heroes,0.3222220768679142,0.4855561069080607,0.5596573724380302,-0.3881056171731996,0.13676379661717247,0.6825112928298196,0.29976750474796626
Tobias 'Four' Eaton,Tobias 'Four' Eaton/Divergent,Lone Wolf-Heroes,0.1473924579256502,0.37744242053284893,0.514408554930016,-0.16863776661373595,-0.011808800505224953,0.6491099211345653,0.2513177979006866
Caleb Prior,Caleb Prior/Divergent,Diva-Traditionalists,-0.09646915624477823,-0.10561932593801289,0.018953551890313416,0.5112207537694539,-0.015022368231176243,-0.33471030819614794,-0.003607808825058012
Max Rockatansky,Max Rockatansky/Mad Max: Fury Road,Lone Wolf-Demon-Heroes,-0.008151849667297845,0.21651007367213856,0.3103681464315923,-0.3552082743733936,-0.14774564250988656,0.6381298186142474,0.10898371202790004
Imperator Furiosa,Imperator Furiosa/Mad Max: Fury Road,Lone Wolf-Heroes,0.11735973004235224,0.34820661051580415,0.4534754545056577,-0.2927778386739666,-0.02460318793087951,0.6746566932413175,0.21271957695004762
Nux,Nux/Mad Max: Fury Road,Outcast-Adventurers,0.06966226747298776,0.05352157590155251,0.16748593913181894,-0.26467502526093106,0.00818534164014437,-0.05462701205902249,-0.0034078188622416613
Sterling Archer,Sterling Archer/Archer,Adventurer-Demons,-0.4299035315796263,-0.3860438869648938,-0.14926886491254898,-0.7859075760268667,-0.5964505719389769,0.6327179224906715,-0.2858094181553736
Malory Archer,Malory Archer/Archer,Demon-Heroes,-0.5568506379202106,-0.4347343505586595,-0.09223165559584195,-0.4411424836790975,-0.6755487675440882,0.623721152657298,-0.2627977904401
Cyril Figgis,Cyril Figgis/Archer,Outcast-Diva-Traditionalists,0.060416721442935827,-0.010037612159598565,0.06412629598284557,0.5636055840878743,0.11668325166022471,-0.5274574925107286,0.04455612475059221
Cheryl Tunt,Cheryl Tunt/Archer,Adventurer-Demon-Fools,-0.40360585740819427,-0.46035774197890716,-0.30500671213362596,-0.7021121620857305,-0.517065590323884,0.27817477578652683,-0.3516622146906358
Pamela Poovey,Pamela Poovey/Archer,Adventurer-Demons,-0.14307088353099143,-0.12831878556903417,-0.01886421887762188,-0.7094283020060727,-0.3204027255683969,0.42074201032860137,-0.1498904842039193
Lana Kane,Lana Kane/Archer,Heroes,0.11380169410109826,0.28774740392219755,0.4818856471371886,-0.19114328486955023,-0.057745611323083805,0.6437839285129114,0.2130549629134603
Tom Hansen,Tom Hansen/(500) Days of Summer,Outcast-Diva-Angels,0.25203135095077733,0.17339281676502927,0.24502263145458827,0.3462276512217721,0.2584772712283992,-0.3960546852881822,0.146516172722064
Summer Finn,Summer Finn/(500) Days of Summer,Adventurer-Heroes,0.2921464283857885,0.33450829457629105,0.26836751001790976,-0.4051687188485367,0.13658155386978388,0.6045092105366888,0.20515737975632087
Alexander Hamilton,Alexander Hamilton/Hamilton,Adventurer-Demon-Heroes,-0.10602015134419267,-0.007340793120519595,0.2228520223486677,-0.5552882026800325,-0.28255890465298455,0.6656534005403826,-0.01045043815144651
Eliza Hamilton,Eliza Hamilton/Hamilton,Angel-Heroes,0.8454016436408075,0.80506619229409,0.7031200038234406,0.6031115053811058,0.8422325753117162,-0.24476598098399932,0.5923609899111936
Aaron Burr,Aaron Burr/Hamilton,Diva-Traditionalist-Heroes,-0.11157520776736317,-0.02909130172114517,0.18323857989093,0.27714592246531533,-0.1550500559241127,0.09926764395273574,0.04398926348272667
Angelica Schuyler,Angelica Schuyler/Hamilton,Heroes,0.4343817280142135,0.552903605374944,0.6361352594986152,-0.03531332592526948,0.2773066068896718,0.5241357587332323,0.3982582720975678
George Washington,George Washington/Hamilton,Heroes,0.4806784346684158,0.600943646353019,0.6995007029353267,0.3555360678990137,0.4155714828133383,0.22213681491826065,0.46239452493122907
King George III,King George III/Hamilton,Diva-Demons,-0.5906813505451737,-0.5864669632251821,-0.20913557803815666,-0.4149706752767219,-0.6382372709048233,0.2950106561651236,-0.3574135303041557
Winston Smith,Winston Smith/Nineteen Eighty-Four,Geek-Outcast-Traditionalists,0.05229204294622718,0.1293507295973123,0.1353566218355008,0.0026957318162939164,-0.01943699171568389,0.11286005702230935,0.06885303191699327
O'Brien,O'Brien/Nineteen Eighty-Four,Traditionalist-Demon-Heroes,-0.41955841922475234,-0.26366149563068647,0.05919649791875546,0.016092860508046748,-0.4415575601470635,0.3088428891466121,-0.1234408712381813
Julia,Julia/Nineteen Eighty-Four,Adventurers,0.10768484833627337,0.14257347883058974,0.18093187961640847,-0.6594327394173032,-0.13118954089365065,0.6114665692764005,0.042005749291453044
Mulan,Mulan/Mulan,Adventurer-Heroes,0.5813328761116727,0.71956593028197,0.7015004153843917,-0.1264754164113414,0.45287677384670333,0.536319481496621,0.47752001011833617
Mushu,Mushu/Mulan,Adventurers,0.10982335990018373,0.0740972336255102,0.2051993645234808,-0.5729054062452044,-0.05789638166465661,0.36153134369714546,0.01997491897274321
Li Shang,Li Shang/Mulan,Heroes,0.36087880846298337,0.5004209811431464,0.6691493325723266,0.27060835925846827,0.2893904224236948,0.29750425432601807,0.3979920263644396
Yao,Yao/Mulan,Brute-Outcast-Demons,-0.3193661676453409,-0.2917774597612666,-0.0008630527627886807,-0.48925451128434105,-0.46378013803949364,0.2827039386876544,-0.2137228984675961
Chien-Po,Chien-Po/Mulan,Angels,0.7879437935835046,0.6761428722521328,0.4358242270008516,0.5564090809909961,0.8413193420731389,-0.5135573341606725,0.46401366362332525
Ling,Ling/Mulan,Outcast-Adventurer-Fools,0.19463979450846478,0.0132609728547824,0.048094026779637346,-0.15357144109135235,0.1305755042987738,-0.2584006242881629,-0.004233627822976159
Clarissa Dalloway,Clarissa Dalloway/Mrs Dalloway,Diva-Angel-Heroes,0.45941118638567685,0.4562260912289695,0.5127048384001069,0.34828959183120994,0.39778597642369967,-0.009548040426519674,0.36081160730719053
Alicia Florrick,Alicia Florrick/The Good Wife,Heroes,0.3598583521581717,0.491236065873618,0.6088270917735424,0.1543380680846293,0.2406542759390299,0.4079197752618927,0.37713893818181404
Cary Agos,Cary Agos/The Good Wife,Diva-Heroes,0.1030194021137776,0.17489305782188752,0.37588594901350564,-0.10124376765915721,-0.0494942372732611,0.4549186955380665,0.1596631832591365
Diane Lockhart,Diane Lockhart/The Good Wife,Heroes,0.15888928420037024,0.3118980848482133,0.47889874944195115,-0.009196939780839844,0.038645221568344025,0.5413035266395856,0.25340632115293743
Kalinda Sharma,Kalinda Sharma/The Good Wife,Demon-Heroes,-0.04042032841882347,0.1948763128591836,0.28495630191960414,-0.44834095582301564,-0.21575655953355347,0.8150485366700523,0.09839388461224124
Will Gardner,Will Gardner/The Good Wife,Heroes,0.03196127475613337,0.17228444265682272,0.41997448123883263,-0.09755026565405717,-0.12918293284621746,0.5555707937348804,0.1588429656477324
Grace Florrick,Grace Florrick/The Good Wife,Diva-Angel-Heroes,0.5614768821116669,0.4914093278184681,0.5376221573515068,0.3809847805422365,0.5366176194647838,-0.15256590700497474,0.39259081004728125
Piper Chapman,Piper Chapman/Orange is the New Black,Diva-Demons,-0.18122729893309963,-0.22446863833859743,0.023955365624966505,-0.2233898942475256,-0.3047372580274768,0.20821798091939547,-0.11694162383372292
Alex Vause,Alex Vause/Orange is the New Black,Demon-Heroes,-0.19010414941569406,0.009366398503796811,0.11448119782281321,-0.5702378452317786,-0.4092890115017567,0.8469109439425881,-0.033145410980005195
Sam Healy,Sam Healy/Orange is the New Black,Outcast-Traditionalist-Demons,-0.41038641706801726,-0.4756890021234694,-0.25843514931167183,0.18253702235253458,-0.3741554409755741,-0.31915667214607535,-0.27588094321204554
Red Reznikov,Red Reznikov/Orange is the New Black,Demon-Heroes,-0.005968292256501709,0.18029898682033046,0.4535651006167434,-0.18488518290002745,-0.15240177298983842,0.6148969555139447,0.15091763246744183
Crazy Eyes,Crazy Eyes/Orange is the New Black,Outcast-Adventurers,0.20920185762625096,0.20798010726334915,0.2484216803160585,-0.3581078454410138,0.12987576215238278,0.09627229839002918,0.08894064338450947
Taystee Jefferson,Taystee Jefferson/Orange is the New Black,Adventurer-Heroes,0.5367473227533305,0.6312649615383973,0.6716440274357787,-0.1670622998218874,0.34766820824625877,0.48470407375818597,0.41749438231834396
Nicky Nichols,Nicky Nichols/Orange is the New Black,Lone Wolf-Adventurer-Demons,0.023867181060480944,0.12402044781789802,0.18062975508059864,-0.712858232717265,-0.22679779044896076,0.6695648794284079,0.00973770670352662
Pennsatucky Doggett,Pennsatucky Doggett/Orange is the New Black,Outcast-Adventurer-Demons,-0.4099046301007824,-0.4041093369442248,-0.13772681158218128,-0.6147265386907537,-0.5081520320925733,0.30141501779742497,-0.2955340552688484
Lorna Morello,Lorna Morello/Orange is the New Black,Outcast-Diva-Adventurers,0.17161946004707113,0.041019746456893845,0.15259875502877734,-0.24449972388742888,0.08006814287975292,-0.05664711058711574,0.02402654498965844
Flaca Gonzales,Flaca Gonzales/Orange is the New Black,Adventurer-Demons,-0.06949479717411693,-0.06788209209556213,0.05610983345306263,-0.6894078272042711,-0.27239043147523195,0.4954103024940083,-0.0912758353336852
Cedric Daniels,Cedric Daniels/The Wire,Traditionalist-Heroes,0.23638573301234814,0.41925878325658783,0.5353278651305301,0.3095352970931706,0.19282050399945533,0.27736035475554255,0.3284480895412724
Jimmy McNulty,Jimmy McNulty/The Wire,Outcast-Adventurer-Demons,-0.2126618796677601,-0.11894624888247968,0.09420106752279878,-0.7677168911111344,-0.4356646772701461,0.713383332270873,-0.12123421618964138
Kima Greggs,Kima Greggs/The Wire,Heroes,0.3054622818567422,0.5181095972448777,0.6098293968038401,-0.06589177526434531,0.1514904487506864,0.5517971125945045,0.3451328436643843
Lester Freamon,Lester Freamon/The Wire,Angel-Heroes,0.5566440463312533,0.6885415904865968,0.6462851133589758,0.26019554213110124,0.484608845184506,0.2863958317907739,0.48711182821386784
Bunk Moreland,Bunk Moreland/The Wire,Brute-Heroes,0.3379376292739485,0.41302495654075766,0.5229619192948725,-0.005102645190107972,0.140985053219027,0.32254422137528677,0.2887251890856308
Herc Hauk,Herc Hauk/The Wire,Brute-Outcast-Demons,-0.34041641136051176,-0.37585107988652244,-0.11512554318122614,-0.42242783214957247,-0.44675445529924795,0.132100253275284,-0.2614125114336328
Ellis Carver,Ellis Carver/The Wire,Brute-Adventurer-Heroes,0.39548485287902607,0.3948061814851303,0.5844580954356723,-0.024695940788654704,0.21332041177859876,0.1933590017742849,0.29278876709400964
Bubbles Cousins,Bubbles Cousins/The Wire,Outcast-Adventurer-Angels,0.5142866376859265,0.4849457930751682,0.3582380625760664,-0.1753515719670795,0.3718521587761354,0.044734470155830756,0.2664509250503413
William Rawls,William Rawls/The Wire,Brute-Traditionalist-Demons,-0.5818901781331601,-0.4891286882019594,-0.11577312906214421,-0.17243997584079718,-0.6514811717647734,0.32603907476307525,-0.2807790113732932
Roland Pryzbylewski,Roland Pryzbylewski/The Wire,Outcast-Angels,0.5328541075891478,0.47850874029675083,0.4169430249345073,0.5001822063919864,0.577578771949923,-0.46275543542230013,0.34055190262333584
Rhonda Pearlman,Rhonda Pearlman/The Wire,Heroes,0.285834945662267,0.3787323589834078,0.5729375650820377,0.14558890044724643,0.1469976684069684,0.3508224293375983,0.3134856446532543
Omar Little,Omar Little/The Wire,Lone Wolf-Adventurer-Heroes,0.1159320661188062,0.3315790053892962,0.4095864061885442,-0.4532205989109439,-0.0594800293814326,0.7743136694263577,0.18645175313843798
Ervin Burrell,Ervin Burrell/The Wire,Brute-Traditionalist-Demons,-0.3775577640429845,-0.3341893424384961,0.021753266948580912,0.15648215855587871,-0.41505390036786377,0.07502807523591878,-0.14558958435149433
Bodie Broadus,Bodie Broadus/The Wire,Brute-Adventurer-Demons,-0.06849883509523057,0.04353413022581195,0.24267821093763192,-0.4575243317876985,-0.26592686207106714,0.5002045658397091,-0.0009221869918072204
Stringer Bell,Stringer Bell/The Wire,Heroes,-0.10842752842779332,0.09181912939768834,0.2415109743245814,-0.11609410241516076,-0.1973588940290543,0.5747367364839252,0.08103105255569777
Tommy Carcetti,Tommy Carcetti/The Wire,Diva-Demon-Heroes,-0.37830361190069783,-0.3233820632257149,-0.032994428591786,-0.4022473937354197,-0.51122444657673,0.5335730527227504,-0.18576314855126638
Avon Barksdale,Avon Barksdale/The Wire,Demon-Heroes,-0.29459003605094647,-0.09733132652565377,0.1731238261102266,-0.48344220042133423,-0.4540991218551243,0.7347754748378128,-0.07026056398416991
Chris Partlow,Chris Partlow/The Wire,Lone Wolf-Demon-Heroes,-0.193135977786532,0.053374806891414064,0.17688683504986222,-0.13345936849988374,-0.2675145963450042,0.3888927870369513,0.004174081057801278
Norman Wilson,Norman Wilson/The Wire,Heroes,0.3590217677078893,0.49772555006548014,0.5778954587844127,0.3032498379794607,0.27502971176180063,0.2577258537186643,0.37844136333628464
Michael Lee,Michael Lee/The Wire,Lone Wolf-Heroes,0.2658136721148649,0.45379143009422124,0.5133592467536893,-0.14977143726175562,0.11263847760253795,0.511330561999704,0.284526991883877
Maurice Levy,Maurice Levy/The Wire,Diva-Traditionalist-Demons,-0.5306717431553231,-0.46835687953775107,-0.21225764973162606,-0.1585948435334953,-0.596674603276513,0.2768541644070117,-0.2816169258046161
Beadie Russell,Beadie Russell/The Wire,Angel-Heroes,0.8432247101509927,0.8500982574956472,0.7759739434932744,0.5821484825643496,0.8185980622278902,-0.21312576133298747,0.6094862824331945
Cutty Wise,Cutty Wise/The Wire,Lone Wolf-Angel-Heroes,0.6015527123528236,0.7192767080335911,0.720940450058786,0.26769666961190114,0.49782945057173955,0.1790173878454988,0.49771889641239
D'Angelo Barksdale,D'Angelo Barksdale/The Wire,Outcast-Angel-Heroes,0.5435963090681377,0.5376352997840285,0.470514495215166,0.16826548644465614,0.41525719616285744,-0.04400799608463539,0.34854346509836837
Clay Davis,Clay Davis/The Wire,Diva-Demons,-0.5084476662538874,-0.5301109517540943,-0.2369166590362515,-0.5288270398538213,-0.6525904388953497,0.4166104418198601,-0.340047052328924
Clarence Royce,Clarence Royce/The Wire,Diva-Demons,-0.5722474042887666,-0.5761226096109295,-0.228593359596682,-0.23567404254435187,-0.6674743070563399,0.27918317619913624,-0.3334880911496556
Spiros Vondopoulos,Spiros Vondopoulos/The Wire,Traditionalist-Demon-Heroes,-0.378006897134185,-0.17887872828228557,0.05559576510441331,-0.20451845516107983,-0.46228170006474545,0.5298843303179768,-0.1063676142033176
Frank Sobotka,Frank Sobotka/The Wire,Brute-Outcast-Demons,-0.14935877127150224,-0.0731293583482772,0.21368454621070315,-0.07212503091096494,-0.2631273409635721,0.1905452592905099,-0.025585115998850574
Ziggy Sobotka,Ziggy Sobotka/The Wire,Adventurer-Demon-Fools,-0.4556307528740877,-0.520860603714363,-0.38633536378915745,-0.6628243745277056,-0.5386720939064715,0.1553951144067524,-0.4014880124008388
Nick Sobotka,Nick Sobotka/The Wire,Brute-Outcast-Demons,-0.24142227003020322,-0.23156799258029356,0.029001323505160697,-0.32946966219014656,-0.3863044331811362,0.19769413817065473,-0.16034481605099404
Jack Dawson,Jack Dawson/Titanic,Adventurers,0.5820771313384331,0.596009947666449,0.5196206772082964,-0.2727774405866337,0.42389922630619553,0.37315563002666086,0.37033086199323356
Rose DeWitt Bukater,Rose DeWitt Bukater/Titanic,Diva-Adventurer-Heroes,0.5193316690272674,0.5324427558891571,0.5710865697277425,-0.055981932097409856,0.3701195264830472,0.3650893357489744,0.38368132079646317
Cal Hockley,Cal Hockley/Titanic,Diva-Traditionalist-Demons,-0.7235153557772465,-0.6958934086564058,-0.321347641384519,-0.2188876206365516,-0.7537563111400672,0.1988799706246608,-0.4190867278283548
Jean Valjean,Jean Valjean/Les Misérables,Heroes,0.5732204550456644,0.6954859631450293,0.7208526588985673,0.08023176263108486,0.43337646222415616,0.38032596493076704,0.4805822111458782
Javert,Javert/Les Misérables,Traditionalist-Demon-Heroes,-0.3830129365336153,-0.25023369513198074,0.1356315071156872,0.08729151284092786,-0.39815072681336205,0.184437452358563,-0.10400614769396334
Fantine,Fantine/Les Misérables,Outcast-Angel-Heroes,0.5770033456604576,0.6165020624823362,0.5365451443135036,0.1819442957144588,0.48851437528542563,0.03445945377130774,0.40582811287124826
Cosette,Cosette/Les Misérables,Diva-Angels,0.71323428524365,0.5954836476864303,0.5065777249419989,0.45077868967063367,0.7245169531532507,-0.30973663397195106,0.44680911112066873
Marius Pontmercy,Marius Pontmercy/Les Misérables,Adventurer-Angel-Heroes,0.7123844859059665,0.6763676123102569,0.6713446174709303,0.19307262683163107,0.6278465568268243,0.0178031037481423,0.48313650051562523
Simba,Simba/The Lion King,Adventurers,0.5633056155393329,0.4998228629109888,0.5077392621851778,-0.18498360934930752,0.45449584993426195,0.17554827466272435,0.33598804264719634
Nala,Nala/The Lion King,Angel-Heroes,0.6571514130605248,0.720971104832871,0.7511141791213789,0.19294207066722613,0.5470004942316965,0.3033655737301525,0.5287574726073083
Timon,Timon/The Lion King,Adventurers,0.266828883491496,0.20774699855538456,0.2791401702107346,-0.4143219313973887,0.11184167157639664,0.2281931686845889,0.11323816018686866
Pumbaa,Pumbaa/The Lion King,Adventurer-Angels,0.5025052964613683,0.4054789119139406,0.30661946215237634,-0.10779829964409743,0.436580419197675,-0.14133274649500838,0.23367550726437578
Scar,Scar/The Lion King,Demons,-0.7191326085589029,-0.5705905628769447,-0.297915808932795,-0.5677681895293002,-0.8133053500999478,0.6275608221876516,-0.3901919496350399
Mufasa,Mufasa/The Lion King,Angel-Heroes,0.5797077935029902,0.657731550455576,0.7202259135428793,0.46603230409535473,0.5291022630288474,0.09034252248786626,0.5071903911855857
Dale Cooper,Dale Cooper/Twin Peaks,Angel-Heroes,0.6324268866983698,0.7524088197773059,0.7366989050948561,0.18619973770949905,0.5735758860730529,0.27318709211021697,0.5257495545772167
Sheriff Truman,Sheriff Truman/Twin Peaks,Brute-Angel-Heroes,0.7010221314375832,0.751092810329106,0.7637926540751648,0.5622163703566135,0.651226126920328,-0.11257504754994557,0.5527958409281417
Shelly Johnson,Shelly Johnson/Twin Peaks,Outcast-Adventurer-Angels,0.6003323571010062,0.5192531819316406,0.4521079268714543,0.09273258315901699,0.4586566627459305,-0.01433236905781619,0.35145839045853866
Bobby Briggs,Bobby Briggs/Twin Peaks,Adventurer-Demons,-0.46096455779623285,-0.4447848067936438,-0.23210331459137123,-0.790285576500932,-0.6330847448012267,0.521003082167924,-0.3400366530525804
Benjamin Horne,Benjamin Horne/Twin Peaks,Diva-Demons,-0.6720948964081072,-0.6217116966415563,-0.25864391864318026,-0.4856581227954851,-0.7771448100509897,0.4833157036809257,-0.3886562901430655
Audrey Horne,Audrey Horne/Twin Peaks,Adventurer-Demon-Heroes,-0.116544762074473,-0.03856586681399982,0.11114881932623284,-0.7056230826016696,-0.3111132767315547,0.7554423647318752,-0.050875967360598164
Norma Jennings,Norma Jennings/Twin Peaks,Angel-Heroes,0.7853914503276553,0.7684076282224013,0.6944014818046411,0.4725983683546443,0.703529385081101,-0.04980733431088805,0.5624201632465924
James Hurley,James Hurley/Twin Peaks,Outcasts,0.22510617738187766,0.17184070856214342,0.1696026240775374,0.09092796630770576,0.18432993690737912,-0.20239464302937435,0.10656879503454482
Ed Hurley,Ed Hurley/Twin Peaks,Outcast-Lone Wolf-Angels,0.46373590769622125,0.5097225917363188,0.498815496296679,0.5589359215692351,0.46065085970681474,-0.23312338213634393,0.3764562324781542
Pete Martell,Pete Martell/Twin Peaks,Brute-Outcast-Angels,0.6312589745289197,0.5494366369943839,0.48369550327550903,0.5017146819003144,0.6442986999877437,-0.4518604067932532,0.3930906816489363
Leland Palmer,Leland Palmer/Twin Peaks,Demons,-0.5924515777450413,-0.5310038033048482,-0.21779770180939062,-0.498733085887453,-0.6946562157495951,0.3602142219234806,-0.3624046937621413
Josie Packard,Josie Packard/Twin Peaks,Geek-Diva-Heroes,-0.02750465350150475,0.09950581899243231,0.16077445111826164,-0.05848441684277061,-0.12178318267321618,0.4286229059127631,0.08018848716766092
Catherine Martell,Catherine Martell/Twin Peaks,Demon-Heroes,-0.5730539463466134,-0.46586462046970106,-0.11989553146886131,-0.45258690138687396,-0.69153748833443,0.6304248952263473,-0.2787522654633554
Lucy Moran,Lucy Moran/Twin Peaks,Outcast-Adventurer-Angels,0.5704424144178434,0.42134343810769254,0.3852842887478527,0.15582509508128006,0.5608149602527371,-0.35701320424751404,0.2894494987266486
Donna Hayward,Donna Hayward/Twin Peaks,Diva-Adventurer-Heroes,0.20460965669258954,0.2464400870431423,0.41394660916946496,-0.26719133387927546,0.013689422126411185,0.4730016206911096,0.18074934364057368
Jimmy 'B-Rabbit' Smith Jr.,Jimmy 'B-Rabbit' Smith Jr./8 Mile,Lone Wolf-Adventurer-Heroes,0.0837692614298692,0.2733187963605819,0.35976066134226364,-0.5383216408812168,-0.11185766276833138,0.7521737466056881,0.13647386034814243
Noah Calhoun,Noah Calhoun/The Notebook,Outcast-Adventurer-Heroes,0.4952710284684673,0.5531111765194514,0.6044040830358769,-0.2383456256850504,0.3203414733738781,0.4508419592234272,0.3642706824893418
Allison Hamilton,Allison Hamilton/The Notebook,Diva-Adventurer-Heroes,0.5293793649646462,0.4542609164051067,0.5299187783800255,0.13666438592629318,0.44503096308906465,0.11093054155705569,0.3676974917203653
"Lon Hammond, Jr.","Lon Hammond, Jr./The Notebook",Diva-Traditionalist-Heroes,0.017571131326769227,0.024445792344329108,0.2732685987493381,0.44023647014014483,0.006699304063715225,-0.0692173083566491,0.11550066471127457
Michael Scott,Michael Scott/The Office,Diva-Adventurer-Fools,0.05896286690243449,-0.059763301532298044,0.07494514471095198,-0.4204972644890435,-0.03526565543841167,0.04304743370026746,-0.05642846269101654
Dwight Schrute,Dwight Schrute/The Office,Outcast-Demon-Heroes,-0.29968640067455926,-0.1110805749811628,0.25135372400071976,-0.193091571392552,-0.3481974839642097,0.42958446246113513,-0.0451863074251048
Jim Halpert,Jim Halpert/The Office,Adventurer-Angel-Heroes,0.6361842956146385,0.6224767956914138,0.5686898580502328,0.0430567771957519,0.5097206812393352,0.20381604862597075,0.4306574094028905
Pam Beesly,Pam Beesly/The Office,Angels,0.8558991780117461,0.7684600627034872,0.6551160882542195,0.5831193630083663,0.8546432452400089,-0.3233498332783144,0.5656480173232523
Ryan Howard,Ryan Howard/The Office,Diva-Demons,-0.6942787860711714,-0.6858323202281394,-0.47623692701798354,-0.5886734157464643,-0.7946968440566289,0.378793589547791,-0.4768207839287661
Andy Bernard,Andy Bernard/The Office,Diva-Adventurers,-0.009696704150296798,-0.1523644867771771,0.07024141630144237,-0.11376401219745631,-0.04167843444393883,-0.19123672794611704,-0.07308315820225729
Jan Levinson,Jan Levinson/The Office,Demon-Heroes,-0.5877371516226921,-0.46731567033692784,-0.12951215576971498,-0.43001855511121845,-0.7100729025237392,0.5640821189407877,-0.2934290527372508
Stanley Hudson,Stanley Hudson/The Office,Brute-Traditionalist-Heroes,-0.1390026277546081,-0.052119624045899426,0.03904134100958851,0.16725818527377875,-0.17304600246386911,0.12302728779224198,-0.005806906698127899
Kevin Malone,Kevin Malone/The Office,Outcast-Adventurer-Fools,0.174828558972356,0.03491599313387086,-0.03126035874011766,-0.011237467788937965,0.17893120579150526,-0.39144170681023766,-0.007543962573593531
Meredith Palmer,Meredith Palmer/The Office,Adventurer-Demon-Fools,-0.42665141223235575,-0.41179574330232743,-0.29994871401303497,-0.6982073174395517,-0.567005051027076,0.3286783219320269,-0.3458216526803865
Angela Martin,Angela Martin/The Office,Traditionalist-Demon-Heroes,-0.3280169763746331,-0.2361436241075835,0.07369095598063855,0.19274548524083118,-0.2997529413719986,0.11045280283436372,-0.0811707162997303
Phyllis Lapin,Phyllis Lapin/The Office,Outcast-Diva-Angels,0.5672500845632218,0.4088069428386272,0.3758850303482001,0.5806603164481611,0.5718166813067772,-0.5403442986697202,0.32734579280587783
Kelly Kapoor,Kelly Kapoor/The Office,Diva-Adventurer-Demons,-0.21431374062690556,-0.29452748584288285,-0.10888545661348269,-0.5460454160296502,-0.3362515892476186,0.22024571170959198,-0.21329632944182464
Erin Hannon,Erin Hannon/The Office,Diva-Adventurer-Angels,0.6051160470519529,0.46008118068082887,0.38650567794392965,0.2668605729498974,0.6290107478311069,-0.433494507041852,0.31901328656931055
Robert California,Robert California/The Office,Demons,-0.6709167030793975,-0.5728200074483231,-0.32203029760289004,-0.7173435663546928,-0.7956172046261948,0.6696545325020898,-0.4015122077682347
Ted Lasso,Ted Lasso/Ted Lasso,Adventurer-Angel-Heroes,0.8170615026488504,0.7791351071047347,0.7072763974674545,0.22677070578330571,0.7607682484562902,-0.03897605862252588,0.5420059838063516
Rebecca Welton,Rebecca Welton/Ted Lasso,Heroes,0.20094538843893384,0.31997293198627486,0.5076796417734617,-0.06475800876647088,0.0557336909032525,0.5389436069317279,0.25975287521119667
Leslie Higgins,Leslie Higgins/Ted Lasso,Angels,0.7659938171266024,0.6665799176368493,0.567816378318581,0.7750952808380195,0.8217594188798828,-0.6013284709091411,0.49931939031513234
Jamie Tartt,Jamie Tartt/Ted Lasso,Brute-Adventurer-Demons,-0.4220964589592448,-0.4254995102647087,-0.18544677466824594,-0.672696064999904,-0.5649328037256551,0.4466796937259711,-0.3039986531486312
Roy Kent,Roy Kent/Ted Lasso,Lone Wolf-Demon-Heroes,-0.007362212852803622,0.20524292895730825,0.4284412576688762,-0.18436171926339118,-0.14224283594676293,0.552895289160182,0.14210211795390146
Coach Beard,Coach Beard/Ted Lasso,Lone Wolf-Angel-Heroes,0.5210704359463167,0.6907241785537503,0.6184767473608721,0.012931820318695022,0.40082355168056044,0.32403596068471197,0.4280104490908178
Nathan Shelley,Nathan Shelley/Ted Lasso,Outcast-Diva-Traditionalists,-0.3367887856595443,-0.34967749878092064,-0.17267831811948559,0.09128850849919552,-0.29387508451369593,-0.20226190272051703,-0.2106655135491613
Keeley Jones,Keeley Jones/Ted Lasso,Adventurer-Heroes,0.47364297720217474,0.46842363514198265,0.47997365581401835,-0.27828638711345144,0.30265269387196003,0.37446917716408157,0.303479292013461
Dr. Sharon Fieldstone,Dr. Sharon Fieldstone/Ted Lasso,Traditionalist-Heroes,0.437888340633426,0.5993440435520304,0.5766502065725673,0.3912067672254289,0.40431654614893564,0.1961727453806603,0.4342631082521747
Sam Obisanya,Sam Obisanya/Ted Lasso,Adventurer-Angel-Heroes,0.862998180360111,0.8685980547827885,0.7207862491448518,0.3911916329852338,0.8377027974199036,-0.059055516452085566,0.6037035663734672
Mark Watney,Mark Watney/The Martian,Adventurer-Heroes,0.5370953594119744,0.6705289921852637,0.6777703927979445,-0.04538368022258637,0.4162499732808064,0.44836576422601493,0.45077113361323623
Lilo Pelekai,Lilo Pelekai/Lilo & Stitch,Adventurers,0.48479448728256735,0.48394928412774285,0.4871290610037291,-0.3674940903186986,0.36699354146682744,0.35034889222209364,0.300953529297377
Nani Pelekai,Nani Pelekai/Lilo & Stitch,Angel-Heroes,0.7587779078833052,0.8123953642920071,0.8013369438318799,0.30502695968538457,0.6430457788221225,0.15795676506162895,0.5797566199293881
Dr. Jumba Jookiba,Dr. Jumba Jookiba/Lilo & Stitch,Adventurer-Demon-Heroes,-0.19434941813591133,-0.06687995834854833,0.1031898417345659,-0.5641446540137531,-0.32660740992780024,0.5784177187001877,-0.07839564666520991
Agt. Wendell Pleakley,Agt. Wendell Pleakley/Lilo & Stitch,Outcast-Diva-Angels,0.406235549802496,0.3101947458324553,0.3298890161910833,0.18669466315437275,0.39298132289025306,-0.2816133951861708,0.2240636504474149
Cobra Bubbles,Cobra Bubbles/Lilo & Stitch,Traditionalist-Heroes,0.0739668310311749,0.2683525043717227,0.43298784918238253,0.28163652050550986,0.031043205962034106,0.2568502647002831,0.2241395292921845
Stitch,Stitch/Lilo & Stitch,Adventurers,0.1236392563492168,0.17318178673414936,0.22244269101796108,-0.6616028320639968,-0.016417320318842528,0.4904759907306327,0.055286595408186756
Dr. Shaun Murphy,Dr. Shaun Murphy/The Good Doctor,Angel-Heroes,0.43280850638750745,0.5678159479607123,0.6008252153203901,0.34816080272509203,0.45425402413692556,0.0636132060036479,0.41124628375571254
Dr. Claire Browne,Dr. Claire Browne/The Good Doctor,Adventurer-Angel-Heroes,0.7902887767227023,0.8030310647529434,0.7615348893705615,0.26827838007283417,0.6691813295098838,0.1378731749483485,0.5716979358962123
Dr. Marcus Andrews,Dr. Marcus Andrews/The Good Doctor,Traditionalist-Heroes,-0.04844310697902877,0.08351457584396006,0.32729581312229133,0.20599379778526458,-0.11144126062640268,0.2944492102070944,0.12522817155886315
Dr. Aaron Glassman,Dr. Aaron Glassman/The Good Doctor,Angel-Heroes,0.5348084110439862,0.6280943804273698,0.6886399473568591,0.45642462965383573,0.4713751067393501,0.10174728268070642,0.48018162631701783
Dr. Neil Melendez,Dr. Neil Melendez/The Good Doctor,Heroes,0.10673909902291939,0.2631740416228937,0.4771018008812814,0.07221569940872524,-0.023423931536471508,0.44872439941984044,0.22408851813653144
Dr. Audrey Lim,Dr. Audrey Lim/The Good Doctor,Heroes,0.41973809797892686,0.5833700856699209,0.6294869342090457,0.12333820945755564,0.2955601437242245,0.45040935231509693,0.41698380389246176
Stella Gibson,Stella Gibson/The Fall,Heroes,0.13217950892348446,0.32598606080938947,0.451767983196368,-0.14059287482011334,-0.015599674379430764,0.6435321412299482,0.2328788574932743
Paul Spector,Paul Spector/The Fall,Demon-Heroes,-0.4965556406861824,-0.30833405367818195,-0.0750919384832386,-0.47532301250259107,-0.6052780999149261,0.6290271416449098,-0.2219259339367017
Jim Burns,Jim Burns/The Fall,Outcast-Diva-Traditionalists,-0.14849553539058938,-0.16960569043879486,0.04552476837959305,0.38838883569291344,-0.1580166496693282,-0.28155814329291184,-0.053960402453186306
Rust Cohle,Rust Cohle/True Detective,Lone Wolf-Demon-Heroes,-0.11745438657294874,0.11752875994188905,0.23237127256722323,-0.4753147627160858,-0.2541882722087525,0.7431281923439124,0.04101180055920626
Marty Hart,Marty Hart/True Detective,Brute-Outcast-Demons,-0.24806554023499228,-0.23882447283462524,0.09209839939666312,-0.09035118957478058,-0.37289531974024476,0.15031432691123833,-0.11795396601279025
Maggie Hart,Maggie Hart/True Detective,Diva-Angel-Heroes,0.49744947840500847,0.5049031576883494,0.5913363389930587,0.36627895841878855,0.37912764641112906,0.043623635536316444,0.3971198692421085
Ethan Ryan MacManus,Ethan Ryan MacManus/Ctrl+Alt+Del,Outcast-Adventurer-Demons,-0.42064982658356026,-0.43598218866426436,-0.2524738834774118,-0.6587097940749753,-0.5191975500242912,0.3066860342944055,-0.3300545347550163
Lucas Davidowicz,Lucas Davidowicz/Ctrl+Alt+Del,Traditionalist-Angel-Heroes,0.37937151360950805,0.39853047036343053,0.40337280637789485,0.6260972525324074,0.3714786776995177,-0.2994049973231087,0.3132409538766083
Lilah MacManus,Lilah MacManus/Ctrl+Alt+Del,Angel-Heroes,0.5801030425780604,0.6088108849016567,0.6192409277121881,0.31613285681733666,0.4732495833621325,0.08084326821258439,0.44639676059732647
Billy Butcher,Billy Butcher/The Boys,Lone Wolf-Demon-Heroes,-0.3599686881015126,-0.1667621985099624,0.09414597421049639,-0.6694853133776724,-0.5395138155741274,0.7792339903615527,-0.14372500849853762
Hughie Campbell,Hughie Campbell/The Boys,Outcast-Angels,0.6820240485147603,0.6022199739971504,0.4965962494544101,0.4502470782226215,0.6691437897687696,-0.40770237160302175,0.41542146139244834
Homelander,Homelander/The Boys,Demons,-0.6928516784466401,-0.617987793620608,-0.22556746220420157,-0.5293240806011426,-0.7739952621659376,0.4504416371564913,-0.39821410664700646
Annie January,Annie January/The Boys,Angel-Heroes,0.813494584440542,0.7721213581919074,0.7403345309197438,0.4026429065636081,0.7760696508546848,-0.057910552578936535,0.5744587463985916
Queen Maeve,Queen Maeve/The Boys,Heroes,0.2378165257405911,0.3948884050390802,0.4894683321386093,0.036844518519566966,0.08371113795576973,0.422781174615443,0.2775850156681767
A-Train,A-Train/The Boys,Diva-Demon-Fools,-0.5954057162883152,-0.612920650779935,-0.37756346475091984,-0.5755807182599838,-0.6941430126807376,0.25137883692901236,-0.43403912097181324
Mother's Milk,Mother's Milk/The Boys,Angel-Heroes,0.6085556269070199,0.7335736693705209,0.7675357435644619,0.27092808849198574,0.47867517484619454,0.21994307205188776,0.5132018958720118
The Deep,The Deep/The Boys,Diva-Demon-Fools,-0.530967631687775,-0.6478485433858613,-0.49279245656674875,-0.44198855785812796,-0.5824937950586664,-0.06821669474426133,-0.4607179465502402
Frenchie,Frenchie/The Boys,Adventurer-Heroes,0.31957287494403086,0.41316390350361737,0.43138235424935745,-0.49118784512234676,0.10107902651069894,0.5345230669466484,0.2180888968386677
Kimiko Miyashiro,Kimiko Miyashiro/The Boys,Outcast-Lone Wolf-Heroes,0.018842613757508106,0.24117738075339215,0.28734979345458433,-0.4028452847221853,-0.08606422312871842,0.5736317069150833,0.10534866450494403
Black Noir,Black Noir/The Boys,Traditionalist-Demon-Heroes,-0.3049399251978654,-0.06000701143360842,0.05903189191417461,0.022816294447525507,-0.2850435942301197,0.2598714524988478,-0.05137848200017427
Ashley Barrett,Ashley Barrett/The Boys,Outcast-Diva-Traditionalists,-0.35258932769084006,-0.3561218517078751,-0.10667500551405003,0.18132765502774548,-0.33624161970612826,-0.2080754266534039,-0.19639592937409198
Madelyn Stillwell,Madelyn Stillwell/The Boys,Diva-Demon-Heroes,-0.4507780551913048,-0.35064967980182554,-0.033013953491331564,-0.19930431338357293,-0.5468725219768799,0.4599910127690754,-0.18677125184597324
Becca Butcher,Becca Butcher/The Boys,Outcast-Angel-Heroes,0.6011654636332568,0.5782382815689563,0.541674075436657,0.5140080216612856,0.544163465338194,-0.16770043767309864,0.4352581449942085
Stormfront,Stormfront/The Boys,Demons,-0.6855189954556836,-0.5649787020044506,-0.18345945243775208,-0.569345934071786,-0.7886886577294274,0.5963462734040812,-0.3659409113825031
Queen Elizabeth II,Queen Elizabeth II/The Crown,Traditionalist-Heroes,0.32768665472118946,0.41428927325477816,0.5472078555006691,0.550114263416994,0.3490835763963055,0.011118942264429553,0.36658342759239426
"Philip, Duke of Edinburgh","Philip, Duke of Edinburgh/The Crown",Brute-Demon-Heroes,-0.36224800917408984,-0.2910910564089459,0.08205761006506511,-0.3106531300729153,-0.49415297000604447,0.5190592663718369,-0.14283804820418228
Elizabeth Jennings,Elizabeth Jennings/The Americans,Demon-Heroes,-0.12062133639607671,0.09601184823299871,0.3078989502805901,-0.1953077520622351,-0.2383844532504859,0.6193872604666071,0.0781640862118997
Philip Jennings,Philip Jennings/The Americans,Heroes,0.2806328813755331,0.4173503047326231,0.48454880956911567,0.019581600445178437,0.12529534858365937,0.36127517164521233,0.28144735272522037
Henry Jennings,Henry Jennings/The Americans,Outcast-Angels,0.5284688361425147,0.4813705311029278,0.40020550692100776,0.5256136076854555,0.5798896703612029,-0.41737324962997435,0.34969581709718905
Paige Jennings,Paige Jennings/The Americans,Outcast-Diva-Heroes,0.5325899619764517,0.5403618410073213,0.6320538909762617,0.3042028938631656,0.4873531319217331,0.009833790438841812,0.41773258503062927
Stan Beeman,Stan Beeman/The Americans,Brute-Traditionalist-Heroes,0.1814589000432814,0.251328239844163,0.5232516051850096,0.42580318944561457,0.13942731313031745,-0.02194239820079196,0.24988780824126566
Dallas,Dallas/Alien,Brute-Lone Wolf-Heroes,0.26248200361964685,0.38567718813677987,0.5327438786167834,0.18996396252624737,0.13996787902301427,0.24996737855325307,0.2934670484126208
Ellen Ripley,Ellen Ripley/Alien,Lone Wolf-Heroes,0.35421934512236763,0.571383293504124,0.623548931890078,-0.07543100460355012,0.2269807074281899,0.5629984544117755,0.37728328795883087
Lambert,Lambert/Alien,Outcasts,0.2185464152760378,0.22047487529753337,0.27529224585738077,0.14821899736223684,0.15681239548912687,-0.14506475077629208,0.14571336308433727
Ash,Ash/Alien,Traditionalist-Demon-Heroes,-0.38313085334827474,-0.22355686964797372,0.00872339065042537,0.10549881976505188,-0.36432635836726085,0.18711284247287302,-0.11161317141252651
the Alien,the Alien/Alien,Demon-Heroes,-0.4509467371487545,-0.2349185343907365,-0.02456966475663123,-0.6184027620279661,-0.5517908392363219,0.7107056904492111,-0.19498714118519986
Parker,Parker/Alien,Brute-Adventurers,0.44597312471712525,0.41942276882577784,0.39357498250301615,-0.22220993479280138,0.2834448171957222,0.15130521337008818,0.24525182863648806
Miranda Priestly,Miranda Priestly/The Devil Wears Prada,Demon-Heroes,-0.2762966569364921,-0.08750413181239518,0.1670718892163266,-0.2517010834435406,-0.3660880065078595,0.6463947852261928,-0.028020534042961325
Andrea Sachs,Andrea Sachs/The Devil Wears Prada,Outcast-Angel-Heroes,0.776335271664072,0.7293524745363319,0.6509549063907223,0.3945872960892992,0.7249891172916215,-0.15384457895511727,0.5203957478361549
Emily Charlton,Emily Charlton/The Devil Wears Prada,Diva-Demon-Heroes,-0.3651130656744423,-0.28819142666346953,0.04797333785250087,-0.1910778810747167,-0.4681802575145023,0.31767876675708673,-0.15781842105292385
Lorraine Broughton,Lorraine Broughton/Atomic Blonde,Demon-Heroes,-0.10557744508125969,0.12590936790315818,0.26390280876842664,-0.40519016587991963,-0.2692446230709252,0.7926608271385076,0.06707679496299798
Stefan Salvatore,Stefan Salvatore/The Vampire Diaries,Angel-Heroes,0.6461680847089815,0.6815689812890723,0.7288154655264367,0.5241454491573795,0.5674274399616193,-0.05117904730490036,0.5161577288897649
Damon Salvatore,Damon Salvatore/The Vampire Diaries,Adventurer-Demon-Heroes,-0.26306074160370285,-0.13866700595295592,0.06694124332035419,-0.7713380328270955,-0.481109578541019,0.8159740330480376,-0.12854334709273021
Bonnie Bennett,Bonnie Bennett/The Vampire Diaries,Angel-Heroes,0.6935958176591014,0.7899113879564116,0.7902831918713734,0.19329948682757492,0.5757756901102701,0.29960320817048136,0.5570781304325355
Caroline Forbes,Caroline Forbes/The Vampire Diaries,Diva-Adventurer-Heroes,0.4970228400368292,0.4763059242567746,0.6223483010048351,0.04848661461659162,0.3652307169749448,0.22809619393377267,0.3729150984706247
Matt Donovan,Matt Donovan/The Vampire Diaries,Brute-Outcast-Traditionalists,0.17186583315766105,0.07015763488682836,0.18715871039748677,0.5686985252966021,0.22214784578707208,-0.5395241867941472,0.11341739378858388
Elena Gilbert,Elena Gilbert/The Vampire Diaries,Outcast-Diva-Angels,0.3392690428707254,0.20022048631057043,0.3162987993142724,0.25224520173893195,0.2922574232920414,-0.2349385138878955,0.19422540660644103
Michael Bluth,Michael Bluth/Arrested Development,Outcast-Traditionalist-Heroes,0.3184586835828337,0.35384617769726057,0.5121372011490704,0.5119414287529993,0.279710606305829,-0.08629407783878126,0.31496666994153527
Lindsay Bluth,Lindsay Bluth/Arrested Development,Diva-Adventurer-Demons,-0.4662802841392429,-0.5357153689000439,-0.356323400022462,-0.667187223565474,-0.5737324483251968,0.333342979031035,-0.3776492909868974
Gob Bluth,Gob Bluth/Arrested Development,Adventurer-Demon-Fools,-0.5254890930099388,-0.5820517148489258,-0.3729490075856126,-0.7177542838160406,-0.6258371408770118,0.29071656450320743,-0.42222744593905376
George Michael Bluth,George Michael Bluth/Arrested Development,Outcast-Diva-Angels,0.534796078719994,0.4415877973051516,0.3314783822525931,0.6823694515663603,0.6230888969933731,-0.6525315005252684,0.3267981843853673
Maeby Funke,Maeby Funke/Arrested Development,Adventurer-Demons,-0.32203190093024675,-0.2268286198075624,-0.12730742696310884,-0.8771743017574403,-0.5211178663371543,0.8359093649290252,-0.20642512514441455
Buster Bluth,Buster Bluth/Arrested Development,Outcast-Diva-Fools,0.1065593230912155,-0.019500420551542854,-0.0002167369982138572,0.1954290321399119,0.18289457017629562,-0.5421813437289464,-0.012835929311880026
Tobias Funke,Tobias Funke/Arrested Development,Diva-Adventurer-Fools,0.07808927402840089,-0.05496493937786469,-0.03467261456811598,-0.20694077835265856,0.05658803310441416,-0.20945182572373197,-0.06189214181492603
"George Bluth, Sr.","George Bluth, Sr./Arrested Development",Demons,-0.6985377719672717,-0.6555264635387074,-0.3139509278480599,-0.6883311348904864,-0.8239477367350344,0.5322181437387625,-0.4413459818734662
Oscar Bluth,Oscar Bluth/Arrested Development,Adventurer-Demon-Fools,-0.3520726467427148,-0.4125515785372205,-0.3607606609863593,-0.6100908132443079,-0.44715606504880884,0.18117250472798702,-0.33357654330523734
Lucille Bluth,Lucille Bluth/Arrested Development,Demons,-0.6279637763895604,-0.5505411965076271,-0.19690252041037337,-0.49274161333959965,-0.7295508564779041,0.5377710777897667,-0.34332148088921627
Jack O'Neill,Jack O'Neill/Stargate SG-1,Brute-Lone Wolf-Heroes,0.22108252867550834,0.35273849564176735,0.5527546281629813,-0.27534416959288677,0.03761189077118868,0.5880703596251841,0.2461522888806238
Daniel Jackson,Daniel Jackson/Stargate SG-1,Geek-Angel-Heroes,0.7084742948102373,0.7703923135080694,0.6981006898653852,0.28204836060030053,0.6685541569557995,0.06769445224038964,0.5325440446633635
Samantha Carter,Samantha Carter/Stargate SG-1,Angel-Heroes,0.6368327499873067,0.7568436080462201,0.7646859073082432,0.2641817262480769,0.5665539442187276,0.25071963504924744,0.5399695951429703
Teal'c,Teal'c/Stargate SG-1,Lone Wolf-Heroes,0.43801243205476065,0.6358360576970388,0.6651074178223871,0.31422933243150214,0.40894739782349654,0.22398489905384802,0.4476862561471722
George S. Hammond,George S. Hammond/Stargate SG-1,Brute-Traditionalist-Heroes,0.38794725096930877,0.5076772564120764,0.6428825239646738,0.4724276515659148,0.3587127104446163,0.08793588709697928,0.40959721340892824
Janet Fraiser,Janet Fraiser/Stargate SG-1,Angel-Heroes,0.6683913810228134,0.7451462309747496,0.7510217230863027,0.49293931215357867,0.6271618914473236,0.04963873748082515,0.5557165460275989
Alvy Singer,Alvy Singer/Annie Hall,Geek-Outcast-Divas,-0.28663879754255006,-0.28226162279464156,-0.11410894504514617,-0.128242033011468,-0.3200877378127184,0.03884058704299194,-0.18208309152725535
Annie Hall,Annie Hall/Annie Hall,Adventurer-Angels,0.596091722915768,0.5470136985326489,0.40603416687088023,-0.19159285198524675,0.48134173134684194,0.2192460840280837,0.34302242528482935
Princess Anna Karenina,Princess Anna Karenina/Anna Karenina,Diva-Adventurer-Demons,-0.003265004668551999,0.01663708926111476,0.10820298671242953,-0.6093299914724821,-0.19592471863710686,0.5660286793389154,-0.019608493244280212
Count Alexei Karenin,Count Alexei Karenin/Anna Karenina,Traditionalist-Heroes,-0.12143745521613968,-0.02746779224602844,0.1925231066824506,0.4600881268083302,-0.07515914216801649,-0.08283151250606523,0.05761922189242183
Count Alexei Vronsky,Count Alexei Vronsky/Anna Karenina,Diva-Adventurer-Demons,-0.14865209690174794,-0.13152867165506,0.008660347089767156,-0.6113441321283709,-0.32961297014362967,0.55211237754989,-0.11006085769819189
Princess Darya Oblonskaya,Princess Darya Oblonskaya/Anna Karenina,Outcast-Traditionalist-Angels,0.5748534913303737,0.5372593316117744,0.48597948042890815,0.7915466514629285,0.6352088092072302,-0.4895346930105327,0.4225521785051136
Prince Stepan Oblonsky,Prince Stepan Oblonsky/Anna Karenina,Diva-Adventurer-Fools,0.0728264248431382,-0.1164271100830513,-0.04591913869733604,-0.17681060087598546,-0.02779117344656641,-0.10199776409847465,-0.06601989372637927
Konstantin Levin,Konstantin Levin/Anna Karenina,Outcast-Angels,0.6730014614493517,0.6641979660849346,0.5844826695031721,0.5928846066743525,0.6986433658647461,-0.3198517151123968,0.48222639241069337
Princess Elizaveta Tverskaya,Princess Elizaveta Tverskaya/Anna Karenina,Diva-Adventurer-Demons,-0.2451572419115059,-0.34564213280449,-0.13058617894443725,-0.34725018015184894,-0.32859704742839146,0.17208150739559366,-0.20419187897417998
Princess Ekaterina Shcherbatskaya,Princess Ekaterina Shcherbatskaya/Anna Karenina,Diva-Adventurer-Angels,0.5860139076600702,0.426405916868525,0.4269455020942568,0.4142240741032408,0.6081000045703376,-0.3682707237651954,0.3489031135885392
Countess Vronskaya,Countess Vronskaya/Anna Karenina,Diva-Traditionalist-Heroes,-0.26329094812399406,-0.20833573950638218,0.08853159400876608,0.1584151505017873,-0.28925430646555533,0.16466295987912155,-0.05821188161770943
Countess Lidia Ivanovna,Countess Lidia Ivanovna/Anna Karenina,Diva-Traditionalist-Demons,-0.3315912863963025,-0.3084620269191021,0.030715384919492675,0.23156736069904424,-0.31402138943125335,-0.05440672749647258,-0.12436644743743225
Lagertha,Lagertha/Vikings,Heroes,0.42005675798882447,0.5671710537181476,0.6540836395045314,-0.08953532704497501,0.2712381326213652,0.548803848580564,0.3953030175614096
Bjorn Lothbrok,Bjorn Lothbrok/Vikings,Brute-Heroes,0.3180309458812035,0.4595434574185979,0.6187677065879197,-0.14966960186555525,0.16716611713571136,0.525786026514512,0.32327077527873155
Floki,Floki/Vikings,Geek-Adventurer-Demons,-0.03841255133138605,0.06491883895587981,0.19358932125090433,-0.597593247526227,-0.15440778023830043,0.5527321563937179,0.0034711229174314204
Torvi,Torvi/Vikings,Angel-Heroes,0.6330597370971205,0.7361397049581111,0.7273171338177326,0.22590937010358672,0.528109283136103,0.19355540980218125,0.5073484398191392
Ragnar Lothbrok,Ragnar Lothbrok/Vikings,Adventurer-Demon-Heroes,0.12076829504124995,0.27737872809424224,0.40758564433017824,-0.49539565071265573,-0.058881969966210035,0.7359185803862212,0.1645622711955043
Rollo Sigurdsson,Rollo Sigurdsson/Vikings,Brute-Demons,-0.471361240151608,-0.37149020084050804,-0.08142817489909492,-0.620178485470887,-0.6312043387192315,0.5969104504091693,-0.2631253316120267
Ivar Ragnarsson,Ivar Ragnarsson/Vikings,Demons,-0.5816781101499416,-0.41840267696792194,-0.1320698509830876,-0.7403721341743019,-0.6957678763899978,0.7298615678318926,-0.30640484680555974
Harald Finehair,Harald Finehair/Vikings,Demons,-0.5358551885051285,-0.45784132911067665,-0.11086094521392041,-0.6237983557644363,-0.6725328479866597,0.5519672144158109,-0.30815357536083515
Ubbe Ragnarsson,Ubbe Ragnarsson/Vikings,Brute-Angel-Heroes,0.6761469983229376,0.6752868786602432,0.6901142872536116,0.581555211806237,0.6352729319850706,-0.22189584372691826,0.5060800773835302
Judith of Northumbria,Judith of Northumbria/Vikings,Geek-Diva-Heroes,0.03971050438269535,0.07585504573694075,0.26483828699738043,-0.17806175055553428,-0.09417271928322282,0.4304616550148971,0.08977183704885942
Neo,Neo/The Matrix,Heroes,0.500036248053345,0.6706523594831091,0.6267564066457887,-0.07146107346586328,0.3993186605031554,0.43060452500981977,0.4259845210382258
Morpheus,Morpheus/The Matrix,Heroes,0.3295476071706517,0.5227207429856621,0.5774807573356994,-0.02781390727659198,0.22308099313622284,0.4982335827432406,0.3538749626824808
Trinity,Trinity/The Matrix,Heroes,0.29030869307783325,0.5060454352776539,0.5694404613370153,-0.09168191656768286,0.1597629092645053,0.5528603096042229,0.3311226486655913
Agent Smith,Agent Smith/The Matrix,Traditionalist-Demon-Heroes,-0.5176388790924314,-0.33430574224031473,0.00039593971119345324,-0.1269654245022731,-0.5402268489404686,0.3795936364838115,-0.1898578864300805
Cypher,Cypher/The Matrix,Outcast-Demons,-0.7290948683574189,-0.7003428618595501,-0.459518932829314,-0.5662747864618844,-0.8192386670362378,0.30934332981649765,-0.49418779778798455
The Oracle,The Oracle/The Matrix,Adventurer-Angel-Heroes,0.6241749203397133,0.6689636617676467,0.5817205268325317,0.1463506034968295,0.5556078403886233,0.21497307562641685,0.46529843807529353
Aladdin,Aladdin/Aladdin,Adventurers,0.4091193175859622,0.3843975773973583,0.3522084628452618,-0.4269900477499976,0.24598223699217514,0.3796180279967468,0.22405592917791775
Genie,Genie/Aladdin,Adventurers,0.42930173424706985,0.41917376397430595,0.39567683805277803,-0.30195164615205333,0.2960416069593513,0.27378118308736127,0.2520039133614688
Jasmine,Jasmine/Aladdin,Adventurer-Angel-Heroes,0.6561047770299525,0.6932365840795987,0.6598711029863983,0.09777467091796138,0.5496381474251388,0.3309021755086531,0.4979212429912838
Matthew Casey,Matthew Casey/Chicago Fire,Angel-Heroes,0.6315321423141548,0.7031880455225914,0.7942793319596637,0.3801847130191519,0.5306619128127039,0.16229173157406201,0.533689646200388
Kelly Severide,Kelly Severide/Chicago Fire,Brute-Adventurer-Heroes,0.3059276522370625,0.45045026852286746,0.6059887424993098,-0.24479178211640235,0.09989661031539417,0.6153101850083725,0.30546361274443407
Wallace Boden,Wallace Boden/Chicago Fire,Heroes,0.47420641551316944,0.6233215636826009,0.7173347096681899,0.37381013391716694,0.4067782477833386,0.22107029824542138,0.46942022813498124
Joe Cruz,Joe Cruz/Chicago Fire,Brute-Adventurer-Angels,0.7786467545497454,0.7289816981700471,0.7070467078847095,0.1855441106609912,0.672828815349039,-0.1094266792264375,0.4939369012313491
Randall McHolland,Randall McHolland/Chicago Fire,Brute-Outcast-Angels,0.669003368123846,0.6092554324079561,0.6812804501895897,0.4111394012650372,0.6048876503998092,-0.26559987104394694,0.4516610718903819
Capp,Capp/Chicago Fire,Brute-Outcast-Heroes,0.190006266970479,0.28401010499857204,0.48272637343789154,0.24013104058384496,0.14199145099870011,0.06200013099477093,0.23347756133070977
James Bond,James Bond/Tommorrow Never Dies,Adventurer-Demon-Heroes,0.0055667749278184115,0.15029527147801353,0.35019205711054563,-0.36482187571822594,-0.17173694291951225,0.6958104641326301,0.11088429150187824
M,M/Tommorrow Never Dies,Traditionalist-Heroes,0.14389577953208818,0.3128843990492979,0.49963714055253944,0.2240134082479719,0.087584073560918,0.34367495125547226,0.2686149586997146
Q,Q/Tommorrow Never Dies,Angel-Heroes,0.5472538944521499,0.6465235390937144,0.6727898126175669,0.36392326316542967,0.5368718668652404,0.059609693306013505,0.4711620115833524
Dagny Taggart,Dagny Taggart/Atlas Shrugged,Heroes,0.05350475392309887,0.26415064587371784,0.44965918679156375,-0.165119043940259,-0.04499645629031927,0.6309083751334046,0.19801791024853446
Henry Rearden,Henry Rearden/Atlas Shrugged,Heroes,0.1279570949919557,0.33506181442916605,0.5184280330547497,-0.013041326133842998,0.04802232084813641,0.5285957241210183,0.25750394355186385
James Taggart,James Taggart/Atlas Shrugged,Diva-Demon-Fools,-0.5895625952414087,-0.7196949218327152,-0.5083792640906873,-0.13596538947653772,-0.5821310676972847,-0.24183741531415934,-0.46292844227546553
John Galt,John Galt/Atlas Shrugged,Heroes,0.050057956676002324,0.26327379231173903,0.41373656923691104,-0.25373976223978284,-0.05689888509521315,0.7130994769765353,0.18825485797769861
Ellis Wyatt,Ellis Wyatt/Atlas Shrugged,Demon-Heroes,-0.1083618898743093,0.07063428795356429,0.3174237975113406,-0.1439141774567593,-0.20976556439900895,0.5632589505455904,0.08154590071340295
Francisco d'Anconia,Francisco d'Anconia/Atlas Shrugged,Adventurer-Demon-Heroes,0.0010859354469305248,0.14977918594722206,0.28147394262637426,-0.5385322638124715,-0.1699890653435287,0.7762662441626376,0.0833473298378607
Eren Jaeger,Eren Jaeger/Attack on Titan,Outcast-Demon-Heroes,-0.20861812184224915,-0.05381142959058216,0.2035818553841518,-0.6318870495755119,-0.35902141535862886,0.6674811475343636,-0.06371250224140945
Armin Arlert,Armin Arlert/Attack on Titan,Geek-Angel-Heroes,0.7463142428594066,0.7524429080484573,0.6306523259766451,0.569942635001754,0.7613422738382923,-0.23451368847394408,0.5376967828751019
Mikasa Ackermann,Mikasa Ackermann/Attack on Titan,Heroes,0.3062015999180016,0.5161275481914361,0.5961019217552089,0.24440186890817173,0.2604709461092584,0.2534043582019982,0.3627847071806791
Jean Kirschtein,Jean Kirschtein/Attack on Titan,Brute-Outcast-Heroes,0.07511434916307012,0.1320110509904321,0.4523685032713194,-0.1686324212504852,-0.11133497684953031,0.3420288368772276,0.12025922370033897
Connie Springer,Connie Springer/Attack on Titan,Brute-Outcast-Adventurers,0.2982692688223766,0.23414644151126707,0.3219635518258233,-0.26294248495414124,0.183602430875219,-0.02011494200419864,0.12582071101272435
Hange Zoe,Hange Zoe/Attack on Titan,Adventurer-Heroes,0.27647469389926704,0.3940612981217957,0.46854452065927543,-0.4364256600757189,0.12018048289498548,0.5521978198203938,0.22917219255333307
Levi Ackermann,Levi Ackermann/Attack on Titan,Traditionalist-Heroes,0.003613422461448544,0.2504925161180636,0.37963265274979197,0.04925157042430275,-0.053346062278566524,0.4445612626807902,0.17903422702597174
Sasha Braus,Sasha Braus/Attack on Titan,Adventurer-Angels,0.5390781870484226,0.44577354860962104,0.3874626683659463,-0.12536829097559052,0.4529668585315156,-0.07453933991413383,0.2708956052776302
Erwin Smith,Erwin Smith/Attack on Titan,Heroes,0.3322764971490673,0.5083636393506287,0.6135524828942192,0.23850550027223058,0.27279707551294186,0.33546195838112175,0.38349285892670154
Reiner Braun,Reiner Braun/Attack on Titan,Outcast-Traditionalist-Demons,-0.2598523303129631,-0.12018789612320871,0.11227600536214503,0.017880487999368262,-0.32088937793187977,0.16844672754392645,-0.06705439724376866
Holly Golightly,Holly Golightly/Breakfast at Tiffany's,Adventurers,0.14555980420424008,0.13339567598006802,0.17121732949936175,-0.5061693201496893,-0.008526140169249479,0.5093129470704957,0.0741317160725378
Paul Varjak,Paul Varjak/Breakfast at Tiffany's,Traditionalist-Angel-Heroes,0.43902617479803735,0.45586098487659754,0.5657040323348889,0.595744091282147,0.3925119662481187,-0.09941037772860116,0.3915728119685314
Saitama,Saitama/One Punch Man,Brute-Lone Wolf-Angels,0.40370206972574,0.496668351942405,0.4024953712669743,0.04106979543665062,0.36151828122959523,0.13581972593182942,0.3068789325888657
Genos,Genos/One Punch Man,Heroes,0.28345118421743987,0.4934827895593862,0.6119249606897751,0.24825539610680186,0.24998797834327566,0.2003857941587428,0.34791468384590357
Mumen Rider,Mumen Rider/One Punch Man,Angels,0.8565093699201768,0.8282474018482608,0.7398299988015469,0.4748142033282054,0.8357632209731171,-0.2560119637456417,0.5798587051876108
John Dutton,John Dutton/Yellowstone,Heroes,0.029753314068586584,0.21045225303702927,0.4740631865666352,-0.010820193260797388,-0.07570531523005107,0.5075478495147213,0.18921518244935398
Kayce Dutton,Kayce Dutton/Yellowstone,Brute-Lone Wolf-Heroes,0.3893053196736787,0.5191433150441713,0.6288305445978786,-0.07352175351349663,0.2327262485284321,0.4285595838665208,0.35417387636619746
Beth Dutton,Beth Dutton/Yellowstone,Demon-Heroes,-0.30062259967105737,-0.12454727336137109,0.16620535905043954,-0.6550448065519464,-0.5071638441476428,0.8392021875294213,-0.09699516285869281
Jamie Dutton,Jamie Dutton/Yellowstone,Diva-Traditionalist-Demons,-0.5479482717344871,-0.5602128797018012,-0.35408874889945646,-0.11465079559079482,-0.557387300657306,-0.04117356378772663,-0.36257692672859526
Rip Wheeler,Rip Wheeler/Yellowstone,Brute-Lone Wolf-Heroes,0.14160361584659237,0.3423333528578175,0.5251261720134943,-0.022839223348649608,0.019418813613829182,0.44172832418484187,0.2412285091946543
Monica Dutton,Monica Dutton/Yellowstone,Angel-Heroes,0.6378049877007537,0.7032678194849818,0.7136396122067595,0.27042877511081165,0.5397058773379908,0.22465669301309768,0.5149172941423993
Jimmy Hurdstrom,Jimmy Hurdstrom/Yellowstone,Outcast-Adventurer-Angels,0.41547247934585485,0.3257762405518085,0.2510210634236263,0.09533109465192262,0.39409377845825666,-0.3417944460480888,0.18998336839722998
Thomas Rainwater,Thomas Rainwater/Yellowstone,Demon-Heroes,-0.18536509372695853,-0.04620129638752869,0.24951770534137363,-0.09793011712179422,-0.2850183772196118,0.4944666263685799,0.021578241209010047
Lloyd,Lloyd/Yellowstone,Brute-Lone Wolf-Heroes,0.4189130638627968,0.5297792258825452,0.6300504279175362,0.23651062456411762,0.3251270173668333,0.14678809255800182,0.38119474202530507
Colby,Colby/Yellowstone,Brute-Angel-Heroes,0.6419015111997948,0.6776318420282137,0.6228827524126188,0.3354216974166695,0.554280183819715,-0.04779988494068407,0.46405301698938795
Jon Snow,Jon Snow/Game of Thrones,Outcast-Angel-Heroes,0.5927517839566118,0.7146845452630132,0.7272890426930161,0.22647107462684501,0.5070392480854136,0.17519317571986853,0.4905714783907947
Tyrion Lannister,Tyrion Lannister/Game of Thrones,Adventurer-Heroes,0.22542907923443153,0.3333897728341979,0.4093739651905127,-0.3634171537423184,0.0032550797610834898,0.6383983748321993,0.20773818635168442
Daenerys Targaryen,Daenerys Targaryen/Game of Thrones,Adventurer-Demon-Heroes,0.01356560350526941,0.1621812475581156,0.37511219386053435,-0.47369173790270636,-0.13897578783580536,0.725297978639582,0.11058158297083161
Sansa Stark,Sansa Stark/Game of Thrones,Heroes,0.2403297820220344,0.3304256832852879,0.5002237426162579,0.208671604481903,0.173744272920488,0.2541404989373454,0.2845892640438861
Arya Stark,Arya Stark/Game of Thrones,Lone Wolf-Demon-Heroes,0.016591550453411055,0.24054213919085227,0.3687603328722113,-0.5681345318015814,-0.14077331133197965,0.8275777496174486,0.12409398816672702
Jaime Lannister,Jaime Lannister/Game of Thrones,Adventurer-Demon-Heroes,-0.06367133572839233,-0.007844637169910636,0.294015638968541,-0.3701608052396209,-0.2714118967679048,0.49353562200452894,0.012410431011206877
Samwell Tarly,Samwell Tarly/Game of Thrones,Angels,0.8259647227235514,0.7631113585048025,0.5826417669129842,0.59789277289829,0.8651912608474374,-0.44382670066587065,0.531829196870199
Jorah Mormont,Jorah Mormont/Game of Thrones,Outcast-Angel-Heroes,0.5634237098124831,0.6505486887950847,0.7276136105419857,0.4819800989667362,0.4906401036891404,-0.05504948009750232,0.4765261219513213
Theon Greyjoy,Theon Greyjoy/Game of Thrones,Outcast-Demon-Fools,-0.397686624212537,-0.4524606222416152,-0.305309151819161,-0.28850132533011486,-0.44936684520660436,-0.09553360319373677,-0.3314763620006282
Petyr Baelish,Petyr Baelish/Game of Thrones,Geek-Demon-Heroes,-0.5861051664648598,-0.5095793225596225,-0.28267686075366244,-0.49256069965364774,-0.6832738355742575,0.5197185716196858,-0.3390795522310606
Davos Seaworth,Davos Seaworth/Game of Thrones,Lone Wolf-Angel-Heroes,0.6735253372228643,0.7681639987608841,0.7585357911070856,0.46714454424371366,0.6048290608422731,-0.008457069905490654,0.5439569437118884
Eddard Stark,Eddard Stark/Game of Thrones,Brute-Angel-Heroes,0.6366661416124584,0.7229123624022821,0.7728055485456954,0.5420098836942614,0.6051209833787125,-0.04448033662012891,0.5391724305022135
Brandon Stark,Brandon Stark/Game of Thrones,Geek-Traditionalist-Heroes,0.14453250892977415,0.28290840570638826,0.25407383903628417,0.19898807696152962,0.1929098095768363,0.10100881686058283,0.19573690951189926
Brienne of Tarth,Brienne of Tarth/Game of Thrones,Lone Wolf-Heroes,0.4862531094466388,0.6715334480888807,0.7368145317366943,0.28503111802277437,0.44651047631975693,0.20786767769021788,0.47233506021749383
Sandor Clegane,Sandor Clegane/Game of Thrones,Outcast-Lone Wolf-Demons,-0.2647310350695544,-0.06850605051630114,0.08421617398110187,-0.3647247704506612,-0.3699270699443195,0.5037567677547284,-0.07998599737416766
Varys,Varys/Game of Thrones,Geek-Traditionalist-Heroes,-0.08011696227283478,0.04602448712793694,0.14279799434359716,-0.06130767121628792,-0.14798245144919422,0.3672549812227658,0.04444506295933049
Catelyn Stark,Catelyn Stark/Game of Thrones,Heroes,0.47478601940203335,0.5243140727230321,0.6910711974006463,0.4526045329894619,0.41406782614749693,0.0420294048660911,0.43314550892146025
Tywin Lannister,Tywin Lannister/Game of Thrones,Traditionalist-Demon-Heroes,-0.4581074192670947,-0.29154791111031503,0.04893386401940686,-0.13617823983142918,-0.5127056533322989,0.47969763931556547,-0.14498462003436094
Margaery Tyrell,Margaery Tyrell/Game of Thrones,Sophisticate-Adventurer-Heroes,0.1788760154068406,0.2234073447263677,0.319586549268184,-0.20880123792808844,0.03326941097151936,0.5229204236777649,0.17820975102043135
Robb Stark,Robb Stark/Game of Thrones,Brute-Angel-Heroes,0.58507718188011,0.6300224637620503,0.7660238802253564,0.2399478018052967,0.4801786249117092,0.14551806167589615,0.47446133571006976
Bronn,Bronn/Game of Thrones,Lone Wolf-Adventurer-Demons,-0.27823779588571945,-0.1631972442304263,-0.018103390326379244,-0.656532489299891,-0.4715107472552519,0.6803634103454533,-0.15120304277536908
Stannis Baratheon,Stannis Baratheon/Game of Thrones,Outcast-Traditionalist-Demons,-0.5802696949663664,-0.4706100888460467,-0.11425577303019492,-0.10380355273086085,-0.5887564229572784,0.1978784485775425,-0.27663618065886747
Joffrey Baratheon,Joffrey Baratheon/Game of Thrones,Demons,-0.7750102076268746,-0.7738235413412576,-0.4704547406914813,-0.5671409486397582,-0.8122171680868716,0.24103584653414636,-0.5262684599753494
Melisandre,Melisandre/Game of Thrones,Geek-Demon-Heroes,-0.3960363448207683,-0.24869786340499664,-0.014523973463953161,-0.5239480457011222,-0.5189638888765836,0.6580151861306386,-0.1740258216894642
Olenna Tyrell,Olenna Tyrell/Game of Thrones,Heroes,-0.00024323915274146427,0.15430674128505897,0.3524994018799279,-0.23884727519098578,-0.13012382243158502,0.65373595086227,0.13188795954199076
Ygritte,Ygritte/Game of Thrones,Lone Wolf-Adventurer-Heroes,0.06180701189694492,0.21221158746609434,0.3477617603070116,-0.5757747595235114,-0.12684798686358031,0.7281031788103457,0.10787679868221746
Cersei Lannister,Cersei Lannister/Game of Thrones,Demon-Heroes,-0.5726353494492303,-0.4431255911021738,-0.10227182118728706,-0.5493019846810014,-0.7007389991678821,0.6678692558123077,-0.2833674149625445
Shae,Shae/Game of Thrones,Adventurer-Demons,-0.13789753071011204,-0.16709146422566448,-0.09270569025651622,-0.6118347345612468,-0.34295286196929226,0.4685049874733274,-0.1473295490415841
Oberyn Martell,Oberyn Martell/Game of Thrones,Adventurer-Heroes,0.11176615685906806,0.16394172580545308,0.2684097677982662,-0.5698356655806117,-0.08415370591234829,0.6194478737418215,0.08492935878527481
Asha Greyjoy,Asha Greyjoy/Game of Thrones,Lone Wolf-Demon-Heroes,-0.10792836813911098,0.09315494777592978,0.2920520856780627,-0.46327342727069165,-0.27003378763035396,0.6957458382388891,0.039952881442120836
Joe Goldberg,Joe Goldberg/You,Outcast-Demon-Heroes,-0.31575489776497895,-0.16418376681438276,0.06861380209079512,-0.3596163180089546,-0.4396479680448501,0.5294857826456367,-0.11351722764945578
Love Quinn,Love Quinn/You,Adventurer-Demon-Heroes,0.0010505304855406065,0.06288633116204131,0.24152762805713976,-0.5099122485921042,-0.17838558304309549,0.5505859925210399,0.02795877509842699
Guinevere Beck,Guinevere Beck/You,Diva-Adventurer-Angels,0.5007673187463184,0.33203613470895993,0.24260314764266885,0.18065112091039998,0.4233951274049266,-0.19931498467721254,0.2466896441226769
Steven Hiller,Steven Hiller/Independence Day,Brute-Adventurer-Heroes,0.4110986583108209,0.5220968902972438,0.6226825185067345,-0.28854498556088326,0.23145319783407386,0.5593934292493286,0.3430299514395531
Thomas J. Whitmore,Thomas J. Whitmore/Independence Day,Heroes,0.5224613646779062,0.6034325069829738,0.7253247914598293,0.3645708163105034,0.43214574033474873,0.19434220248582487,0.473712903708631
David Levinson,David Levinson/Independence Day,Geek-Outcast-Heroes,0.39115961811404226,0.5414237988797316,0.5795904761067538,-0.02066966812342538,0.2974317247455138,0.38472844345662943,0.3622773988632076
Maximus,Maximus/Gladiator,Lone Wolf-Heroes,0.4278958482584167,0.5969876295216925,0.7092099192325098,-0.0010432817135106972,0.2964799760709723,0.4685079723016039,0.4163396772786141
Commodus,Commodus/Gladiator,Diva-Demons,-0.7511657228385396,-0.7392064017904346,-0.4172060571781582,-0.5453257073575648,-0.8171388990817868,0.3195065115128997,-0.49175604612226403
Lucilla,Lucilla/Gladiator,Heroes,0.32374832047021607,0.372002203966956,0.46489738921509577,0.21358664198502078,0.2061375022830908,0.2417987001522066,0.303695126345431
Liz Lemon,Liz Lemon/30 Rock,Outcast-Diva-Heroes,0.14577079331634724,0.19568369908044875,0.3489762474151455,-0.03323739522640337,0.06368925767887322,0.13221687579924937,0.14218324634394344
Tracy Jordan,Tracy Jordan/30 Rock,Adventurer-Demons,-0.2496153350714869,-0.2773006993499918,-0.1281188596077957,-0.7297883828031417,-0.38302663951652516,0.3960776154948843,-0.22862871680900945
Kenneth Parcell,Kenneth Parcell/30 Rock,Outcast-Diva-Angels,0.5908878410705055,0.5209834336531673,0.5260411146110711,0.5947839600356981,0.6917446875057482,-0.5486645524217706,0.39596274740906995
Pete Hornberger,Pete Hornberger/30 Rock,Outcast-Traditionalist-Fools,-0.1110257206036251,-0.1300566298933273,-0.10086691760941535,0.15758659243839426,-0.1375048390862806,-0.2873650757986811,-0.10153876509215587
Jack Donaghy,Jack Donaghy/30 Rock,Diva-Demon-Heroes,-0.31844727168767073,-0.198324550113016,0.1525138994605334,-0.16635840248203806,-0.4185520760624014,0.5080120307561308,-0.073526061688077
Jenna Maroney,Jenna Maroney/30 Rock,Diva-Adventurer-Demons,-0.43513204118312265,-0.483163318839037,-0.2572841293978434,-0.6515864983630154,-0.5470510287197012,0.3548531040646558,-0.33656065207301067
Westley,Westley/The Princess Bride,Lone Wolf-Adventurer-Heroes,0.4077279173896661,0.535316543655527,0.5720857961081233,-0.323835159412572,0.230416985409878,0.6470240211051722,0.34478935070929917
Buttercup,Buttercup/The Princess Bride,Adventurer-Angel-Heroes,0.7046355249817088,0.6526084553681464,0.6823653693527035,0.20923599657667633,0.6366947274174194,0.04450537551066704,0.4883409082012202
Inigo Montoya,Inigo Montoya/The Princess Bride,Adventurer-Heroes,0.4747400840300042,0.5913755745977216,0.6724010785059373,-0.23740580931440783,0.30054321783232374,0.4947324130886181,0.38273109312336623
Prince Humperdinck,Prince Humperdinck/The Princess Bride,Diva-Traditionalist-Demons,-0.6896735133525727,-0.675712591338245,-0.3066652437845691,-0.20302299863451204,-0.7060833404291825,0.17417412087585513,-0.4011639277772044
Vizzini,Vizzini/The Princess Bride,Diva-Demons,-0.6071941834302277,-0.5746726163076785,-0.25015559078622035,-0.4778287022908002,-0.6727560732790346,0.3686557382540799,-0.36899190463998016
Harvey Specter,Harvey Specter/Suits,Demon-Heroes,-0.0702379958443216,0.10147346789803909,0.35040797861625084,-0.33633771416626757,-0.2380110210795817,0.7364592187925493,0.09062565570277804
Louis Litt,Louis Litt/Suits,Outcast-Diva-Demons,-0.3340425830791567,-0.31070508847313705,0.042920377845169604,-0.08167218151984365,-0.37794994622318134,0.07389308370836856,-0.16459272295696342
Donna Paulsen,Donna Paulsen/Suits,Sophisticate-Adventurer-Heroes,0.4462677727078935,0.5339713985504623,0.6150144264018635,-0.1040896234784382,0.28153065627132307,0.48946128647043113,0.37702598615392263
Mike Ross,Mike Ross/Suits,Adventurer-Heroes,0.5155113460527889,0.5785062548926345,0.6079993347539343,-0.23148744337834032,0.3269876806298316,0.4674280730632593,0.3774908743356847
Rachel Zane,Rachel Zane/Suits,Diva-Angel-Heroes,0.660039455633733,0.6748422478383903,0.7099136769456224,0.37367938059388034,0.5677406257892725,0.0823127181741368,0.5114213508291726
Jessica Pearson,Jessica Pearson/Suits,Heroes,0.13323057851886602,0.30845309410023763,0.47019676427750307,0.03247238831590365,0.029066365788838814,0.5192987034818038,0.24878631574719215
Dom Cobb,Dom Cobb/Inception,Demon-Heroes,0.015790999527008794,0.19617251796509683,0.38200793649073533,-0.36888177607255007,-0.15963883452652297,0.6803738840087533,0.12430412123208685
Arthur,Arthur/Inception,Angel-Heroes,0.6545178909427993,0.750974595780627,0.722986701526172,0.3689430276664212,0.5770831746067154,0.13411309940425836,0.5347697483211655
Ariadne,Ariadne/Inception,Geek-Angel-Heroes,0.6819423353928855,0.7672890991808131,0.6920387760520461,0.18444686066619642,0.6153265487321403,0.20581649011076103,0.5244766850224737
Mal Cobb,Mal Cobb/Inception,Geek-Demon-Heroes,-0.38506533054573866,-0.2787185226285913,-0.02150078782823041,-0.5960743875707841,-0.526959005840926,0.6284919925081859,-0.19663767365101412
Mr. Saito,Mr. Saito/Inception,Traditionalist-Demon-Heroes,-0.17321661133995617,0.004038190386674661,0.2605876887260264,-0.012538716795526731,-0.25609711651397676,0.46048611991806804,0.04720992573021824
Robert Fischer,Robert Fischer/Inception,Diva-Traditionalist-Heroes,-0.08698107794653208,-0.021748378308267476,0.15364058201447986,0.2911344726789698,-0.09279334449079922,0.015935257913764884,0.043197918643602624
John Diggle,John Diggle/Arrow,Angel-Heroes,0.580059205901656,0.7167010524855479,0.7797602964547119,0.42207651468173585,0.49837956982390563,0.13493509110282167,0.5219852884083965
Oliver Queen,Oliver Queen/Arrow,Demon-Heroes,-0.003283664796487467,0.20967515250690932,0.432100265723627,-0.3267898306309282,-0.17706515594818883,0.7196121310484399,0.14237481631722862
Felicity Smoak,Felicity Smoak/Arrow,Geek-Angel-Heroes,0.6848723561005773,0.7362812514129826,0.7153927605895535,0.24397327597450943,0.6197008866700168,0.13046968296122302,0.5217817022848105
Laurel Lance,Laurel Lance/Arrow,Heroes,0.322646232301069,0.4024664976500451,0.6041681368519627,-0.03345137052450816,0.1440695933899656,0.45611243788632877,0.31600192125914384
Quentin Lance,Quentin Lance/Arrow,Outcast-Traditionalist-Heroes,0.09992505537633169,0.2083843340717562,0.49573062248615324,0.23772091129344342,0.00467457366067586,0.1671179915231381,0.20225891473524973
Thea Queen,Thea Queen/Arrow,Adventurer-Demon-Heroes,0.07271411559258747,0.18221243835507966,0.3211530243333015,-0.6404587875215922,-0.16405860361655514,0.7486261230174476,0.08669805169337814
Roy Harper,Roy Harper/Arrow,Outcast-Adventurer-Heroes,0.10259516115364818,0.2403350735366888,0.3663526572041988,-0.47134842527926313,-0.11809679075979715,0.5800629459097203,0.11665010362753263
Rene Ramirez,Rene Ramirez/Arrow,Outcast-Demon-Heroes,-0.12833203023633896,0.010775568729532668,0.20282808273103675,-0.606299257966591,-0.3361053624148109,0.6745811308687542,-0.03042531138140288
Curtis Holt,Curtis Holt/Arrow,Geek-Angel-Heroes,0.6830082272156414,0.6770008641464118,0.5687659107736991,0.38862788827099726,0.6845747921948154,-0.1804299501594824,0.4702579554070138
Malcolm Merlyn,Malcolm Merlyn/Arrow,Demon-Heroes,-0.5631854743556107,-0.3958256847010181,-0.0778462912222341,-0.5263508006325167,-0.6901192989631193,0.695853779249903,-0.259578961770766
Sun Bak,Sun Bak/Sense8,Heroes,0.20304211879601228,0.45403089432122645,0.5108263120280643,-0.05825481604945567,0.10870962482486453,0.5708918513740242,0.2982076642157893
Nomi Marks,Nomi Marks/Sense8,Geek-Adventurer-Heroes,0.5911483826537853,0.7032843022565796,0.6211677713500569,-0.16148423732544387,0.43332263333418547,0.4626221317546688,0.4416768306706387
Kala Dandekar,Kala Dandekar/Sense8,Angel-Heroes,0.7887133788624368,0.8046267301400875,0.7343222862430635,0.4345743342980557,0.7433808139165685,-0.0013706235839637995,0.5840411533127081
Riley Blue,Riley Blue/Sense8,Geek-Adventurer-Angels,0.5199488078030634,0.5471650222806554,0.3844207938160747,-0.3013596788778426,0.37853863696653994,0.31100302387946926,0.3066194343113267
Wolfgang Bogdanow,Wolfgang Bogdanow/Sense8,Lone Wolf-Demon-Heroes,-0.15864936499414262,0.06012634225338678,0.2206615188419937,-0.5889570245151245,-0.35842115425454096,0.7964024014546275,-0.004806213535633356
Lito Rodriguez,Lito Rodriguez/Sense8,Diva-Adventurers,0.41604149177257427,0.3496846773194503,0.3900317452734706,-0.22925335169797706,0.25750572486603895,0.19694984775474564,0.23016002254805046
Will Gorski,Will Gorski/Sense8,Brute-Angel-Heroes,0.6541923156723408,0.7079166772462632,0.7990122132491532,0.4671449252941216,0.5757972909884708,-0.00417613479928019,0.5333145479418449
Angelica Turing,Angelica Turing/Sense8,Geek-Demon-Heroes,-0.02308826963217571,0.08660689095201485,0.16971015601263212,-0.3795593594394113,-0.15141272770452857,0.5247874853737872,0.03784069592705309
Amanita Caplan,Amanita Caplan/Sense8,Adventurer-Heroes,0.49120640754348005,0.5646371968743151,0.5128748866774598,-0.35081573009187655,0.31134490577527224,0.5035337074867088,0.3387968957108933
Hernando Fuentes,Hernando Fuentes/Sense8,Angel-Heroes,0.7947143372276836,0.812813712715199,0.6961941322404694,0.3734285445208154,0.7201443537250163,0.027535875551843784,0.5708051593301712
Calvin Weir-Fields,Calvin Weir-Fields/Ruby Sparks,Geek-Outcast-Divas,-0.20475582111702903,-0.19442172282745135,-0.04129876574374902,0.04806487456928932,-0.198201746226594,-0.05064476379860965,-0.10687632419069061
Ruby Tiffany Sparks,Ruby Tiffany Sparks/Ruby Sparks,Adventurers,0.5522536036138894,0.49809291774722614,0.39460944029381784,-0.22029578462627203,0.43738609075581064,0.16252872827045428,0.304095832675821
Macbeth,Macbeth/Macbeth,Outcast-Demons,-0.5799910537797914,-0.5355678845001595,-0.21534239195803734,-0.4499621363582283,-0.6768836784177164,0.3041313734886278,-0.3589359619208841
Lady Macbeth,Lady Macbeth/Macbeth,Demon-Heroes,-0.4542049661533402,-0.2897797012746985,0.011417784992255844,-0.5001808379613706,-0.5904153623172598,0.7017248123161556,-0.18690637839970958
Dana Polk,Dana Polk/The Cabin in the Woods,Angel-Heroes,0.7400347763470216,0.7244544212528576,0.6423783783430641,0.5672075881915655,0.725992136551074,-0.16021324475156207,0.5399756759890035
Curt Vaughan,Curt Vaughan/The Cabin in the Woods,Brute-Adventurer-Heroes,0.14897436050035118,0.2049109693973756,0.41434792849088764,-0.19615775988367992,-0.006581684298288826,0.37107340545669976,0.15609453661055758
Jules Louden,Jules Louden/The Cabin in the Woods,Brute-Diva-Adventurers,0.04888995482826235,-0.09517935973383054,-0.0008653479684202465,-0.29692487649347304,-0.06978164159515295,0.06523125909031108,-0.05810500197871723
Marty Mikalski,Marty Mikalski/The Cabin in the Woods,Geek-Lone Wolf-Adventurers,0.34831317101948567,0.3473395396986599,0.191725164024838,-0.3806882876658354,0.21870963699271967,0.2575361760952801,0.16382256669419135
Holden McCrea,Holden McCrea/The Cabin in the Woods,Angel-Heroes,0.6807937859456956,0.732240249806626,0.7056712636348027,0.5515865569227076,0.624419925543454,-0.04322093601566647,0.5419151409729365
Steve Hadley,Steve Hadley/The Cabin in the Woods,Diva-Traditionalist-Demons,-0.5783941732493255,-0.5034503403412677,-0.13107436942198888,-0.11205995132326023,-0.6183036061563085,0.15663718776404945,-0.2977742087880169
John Crichton,John Crichton/Farscape,Adventurer-Heroes,0.4627360641751486,0.5131547773720075,0.6220706481299739,-0.3538562675564611,0.2606089338707163,0.47899096815388226,0.3306175206908779
Aeryn Sun,Aeryn Sun/Farscape,Heroes,0.056275445557284254,0.2755557535275267,0.4827803354260021,-0.07794469827370568,-0.059515009290059755,0.5581832818247356,0.20588918479529725
Ka D'Argo,Ka D'Argo/Farscape,Brute-Lone Wolf-Heroes,0.0638452455881877,0.22873017496573866,0.5074551004833853,-0.18827710731710146,-0.07728475052584788,0.4839319812658705,0.16973344074337213
Dominar Rygel XVI,Dominar Rygel XVI/Farscape,Diva-Demons,-0.5793234553578549,-0.6118815014377312,-0.299896226425627,-0.3796374763729194,-0.6562376350188048,0.2615648835908906,-0.3775685685036745
Chiana,Chiana/Farscape,Adventurers,-0.015502620533021493,-0.010678755717235302,0.01901697985579591,-0.7613852136109172,-0.2137546278209862,0.5357885882446465,-0.07441927493028629
Scorpius,Scorpius/Farscape,Demon-Heroes,-0.5635063304753802,-0.3742829064184208,-0.07766178512549231,-0.4252531150749477,-0.6377223382110435,0.6043538108505714,-0.24567877740911884
Vi,Vi/Arcane,Lone Wolf-Adventurer-Heroes,0.13231771004211115,0.30169505731435997,0.4051572698731463,-0.532723779081105,-0.08739998039578213,0.7178266335835641,0.15614548522271574
Powder,Powder/Arcane,Geek-Outcast-Adventurers,0.02704579517598851,0.06676410750319628,0.0832012031507258,-0.5550148153185098,-0.0647069339856739,0.30807859748250144,-0.02243867433196195
Jayce Talis,Jayce Talis/Arcane,Diva-Demon-Heroes,-0.02878565640108548,0.004387616821325874,0.2560415447634711,-0.10392671137365352,-0.13051248080949115,0.29241230264069334,0.04826943594021003
Caitlyn Kiramman,Caitlyn Kiramman/Arcane,Heroes,0.533267520935939,0.6323575319345297,0.7136122632633448,0.2818088454970198,0.4534922203997572,0.2390041324214459,0.47559041907533944
Viktor,Viktor/Arcane,Geek-Outcast-Heroes,0.2768092033054442,0.43982899705915535,0.4139620853904104,0.06731631729688554,0.2173922496630791,0.27075593931273256,0.28101079867128453
Silco,Silco/Arcane,Geek-Demon-Heroes,-0.4246066929004977,-0.22147929189654958,0.031913349261085286,-0.40682767707451956,-0.5364752297111667,0.6365968198809248,-0.15347978707345392
Mel Medarda,Mel Medarda/Arcane,Sophisticate-Heroes,0.20544965593188388,0.30044546110123443,0.4223325532153326,0.039209964947638294,0.09243761105486815,0.437814758007742,0.24961500070978324
Cecil B. Heimerdinger,Cecil B. Heimerdinger/Arcane,Traditionalist-Angel-Heroes,0.41331061207176806,0.47385384693871657,0.5673641975059799,0.5208876630102074,0.4206540378701047,-0.03413325164292453,0.3936561842923087
Vander,Vander/Arcane,Lone Wolf-Angel-Heroes,0.6075138898910925,0.7069976823010351,0.7050062351437912,0.234603251569539,0.48086651888769133,0.20464481169472915,0.489938731581313
Ekko,Ekko/Arcane,Lone Wolf-Adventurer-Heroes,0.4658414764695321,0.6102420278118538,0.5883817999368351,-0.3216243253133911,0.2895378147674697,0.5777934063698289,0.3683620333403548
Beth Harmon,Beth Harmon/The Queen's Gambit,Geek-Heroes,0.029193315347599492,0.2500998187675519,0.3403688479635834,-0.3206475503980447,-0.10033232928544435,0.7323663486748229,0.15517474184501143
Frodo Baggins,Frodo Baggins/Lord of the Rings,Outcast-Angel-Heroes,0.7267282935106331,0.7107597524268097,0.6489026342682198,0.3776400370515876,0.7169364124249237,-0.1589203179781349,0.5036744686173398
Aragorn,Aragorn/Lord of the Rings,Lone Wolf-Heroes,0.5466707917795884,0.7012727490761735,0.7231301532794602,0.10463117267590423,0.42824187533660885,0.4135316942370186,0.4862464060641256
Boromir,Boromir/Lord of the Rings,Brute-Demon-Heroes,-0.139054450954481,-0.045225163385644696,0.3400485356872774,-0.19471862942068538,-0.2821526539650018,0.43491076770046455,0.01896806761032151
Merry Brandybuck,Merry Brandybuck/Lord of the Rings,Adventurer-Angels,0.5257391965000828,0.4000066180202041,0.3674065532486886,-0.12637179885235753,0.43953329158867277,-0.07188800431624247,0.2557376426981747
Samwise Gamgee,Samwise Gamgee/Lord of the Rings,Angels,0.8646318559263665,0.8178561696552574,0.7460362554723801,0.6406697318561912,0.8737558481536795,-0.3833753852120583,0.5932624126419693
Gandalf,Gandalf/Lord of the Rings,Heroes,0.474083245711176,0.6102816910218065,0.6253464414101356,0.02404083786347267,0.3826039151666689,0.445745799116381,0.4270169883816068
Gimli,Gimli/Lord of the Rings,Brute-Lone Wolf-Heroes,0.07857962567766506,0.18762094534665638,0.4563845974073932,-0.24649857200055236,-0.054940594221088254,0.38450646013975975,0.13427541039163896
Legolas,Legolas/Lord of the Rings,Heroes,0.494277167326257,0.6234000673450429,0.6608842210432998,0.24016513742766601,0.45372581447509747,0.2920314702658581,0.46074731298053684
Pippin Took,Pippin Took/Lord of the Rings,Adventurer-Angels,0.4943750039574257,0.36047380942030194,0.3321716996683061,-0.16653042495845996,0.40733283853767455,-0.07453443146393479,0.22554808252688563
Gollum,Gollum/Lord of the Rings,Outcast-Demons,-0.5853916888147055,-0.5331116386917546,-0.3394374464004198,-0.5681465217664649,-0.6397639216029506,0.27901759468041076,-0.3978056037659808
Tony Stark,Tony Stark/Marvel Cinematic Universe,Adventurer-Demon-Heroes,0.005425247002057653,0.13349748420083857,0.33345693235799173,-0.4990707590575352,-0.18162645310683617,0.7252188553641193,0.08615021779343933
Captain America,Captain America/Marvel Cinematic Universe,Brute-Angel-Heroes,0.6476090092303133,0.7172486506126978,0.8156759477511325,0.5052708550429246,0.6043646063431788,0.02683564744348398,0.5528341194039551
Black Widow,Black Widow/Marvel Cinematic Universe,Heroes,0.19654163816300702,0.40505575700898133,0.5092573760873483,-0.20585931189170753,0.02254086033506188,0.6700934146333303,0.2662716223893369
Bruce Banner,Bruce Banner/Marvel Cinematic Universe,Outcast-Angel-Heroes,0.6335523255939899,0.7033458257847739,0.6014582361630058,0.46503178942055856,0.6144911061178165,-0.10939511914124622,0.484747360656483
Captain Marvel,Captain Marvel/Marvel Cinematic Universe,Heroes,0.2381803414226027,0.43633064771193897,0.5844593587671338,-0.1927580556315442,0.10784104930660052,0.6519135507718258,0.3043278153914262
Thor,Thor/Marvel Cinematic Universe,Brute-Adventurer-Heroes,0.3490012561522651,0.3927426055677403,0.5645707891770431,-0.3189969496592783,0.19180157143971902,0.41456077689544957,0.2656133415954898
Nick Fury,Nick Fury/Marvel Cinematic Universe,Demon-Heroes,-0.0732142829982242,0.16457031968555008,0.373167257884963,-0.1534987556405045,-0.18708483855666677,0.6263823045918653,0.12505366749449714
Dr. Strange,Dr. Strange/Marvel Cinematic Universe,Heroes,0.1603665196144378,0.35375881699048944,0.4675126818037427,0.03159124802752293,0.09068100673796305,0.49665781203392995,0.266761347534681
Black Panther,Black Panther/Marvel Cinematic Universe,Angel-Heroes,0.615788761623856,0.7470427099780493,0.7488361732747362,0.26965713654448964,0.546475415590674,0.259147542331886,0.5311579565572818
Gamora,Gamora/Marvel Cinematic Universe,Heroes,0.062392392203268164,0.2949542432028157,0.4281648821739678,-0.26102756149225775,-0.08854025435708822,0.6975700837327377,0.18891896424390722
Thanos,Thanos/Marvel Cinematic Universe,Demon-Heroes,-0.52465877301471,-0.32749190430127234,-0.021357472616510727,-0.43327119499367744,-0.5942297263720252,0.6071003152648246,-0.21565145933889526
Peggy Carter,Peggy Carter/Marvel Cinematic Universe,Heroes,0.5660841341685171,0.6898004671309894,0.7572999234815645,0.2751288254195029,0.48021119235494264,0.3197250791273232,0.5147082702804733
Loki,Loki/Marvel Cinematic Universe,Geek-Adventurer-Demons,-0.41370946862120483,-0.3043716096288828,-0.11513910733488723,-0.7598540532495369,-0.5605720578495136,0.7625400933681814,-0.23185103388597403
Hawkeye,Hawkeye/Marvel Cinematic Universe,Brute-Lone Wolf-Heroes,0.49116132230915555,0.6010776811489876,0.6859022114803873,0.122046107093837,0.3614092531898786,0.26889370357320747,0.4217483797992423
Peter Jason Quill,Peter Jason Quill/Marvel Cinematic Universe,Adventurers,0.1036587900232513,0.04152748322716852,0.14496312499812883,-0.5991037383671727,-0.06828571806702548,0.33689942817996354,-0.00672343833428099
Naruto Uzumaki,Naruto Uzumaki/Naruto,Adventurers,0.3673431741115341,0.3444491153904719,0.41201511408748703,-0.37658901752721025,0.24491538666456525,0.24349292694861413,0.20593778327924372
Sasuke Uchiha,Sasuke Uchiha/Naruto,Traditionalist-Demon-Heroes,-0.4178858382591909,-0.1902416773766836,0.011045735225967223,-0.31947584725252365,-0.4795745090203097,0.6036245369524612,-0.13208459995504657
Sakura Haruno,Sakura Haruno/Naruto,Diva-Angel-Heroes,0.48807370894821167,0.4035614380344107,0.5641298303660651,0.39717446084702296,0.45124054128671826,-0.22731941846702408,0.34614342683590077
Kakashi Hatake,Kakashi Hatake/Naruto,Lone Wolf-Heroes,0.33086152733963975,0.5110633983668303,0.4893128708438999,-0.020079717409287195,0.19518387151527172,0.46921018777808865,0.32925868973907385
Shikamaru Nara,Shikamaru Nara/Naruto,Lone Wolf-Traditionalist-Heroes,0.200277003487931,0.3605200588007734,0.3234290158743279,0.1548970619593453,0.14359200643344786,0.268591573691336,0.2418844533745269
Peter Venkman,Peter Venkman/Ghostbusters,Adventurer-Demons,-0.1189258433664954,-0.0875787427327237,0.07486517561520425,-0.7488319924921292,-0.3432465908804083,0.639036240774775,-0.09744695884696288
Ray Stantz,Ray Stantz/Ghostbusters,Outcast-Adventurer-Angels,0.6517202007808541,0.6045834776333617,0.5852449306642814,0.255916863572207,0.6088122818037632,-0.24891459683178904,0.4095605262704465
Egon Spengler,Egon Spengler/Ghostbusters,Geek-Traditionalist-Heroes,0.37819862367963525,0.5122447133902964,0.5423000077678047,0.3978169648251259,0.3817248020808283,0.06373871547269279,0.37933730453606396
Dana Barrett,Dana Barrett/Ghostbusters,Heroes,0.5125260076063369,0.5828189045840452,0.6738625330715675,0.21270067478366422,0.3833473369578151,0.3193815101082496,0.44743949451861315
Louis Tully,Louis Tully/Ghostbusters,Outcast-Diva-Angels,0.35196356870928047,0.2648650898494812,0.22538151565580894,0.36960334775478637,0.40784744458673466,-0.5225510343530887,0.18285165536716716
